exp_id,row_index,part,base,mode,noise_sigma,n_holes,n_fragments_injected,seed,tau,distance_unit,sample_points,chamfer_noise_floor,smoothing_iters,components_in,in_cells,boundary_edges_in,non_manifold_edges_in,before_chamfer_l1,before_hausdorff_95,before_precision,before_recall,before_f_score,before_normal_consistency,holefill_guard_fires,filtered_components,status,out_cells,components_out,boundary_edges_out,non_manifold_edges_out,is_watertight_out,after_chamfer_l1,after_hausdorff_95,after_precision,after_recall,after_f_score,after_normal_consistency,chamfer_delta,chamfer_improved,normal_consistency_delta,fragments_removed,env_cpu,env_cpu_count_logical,env_ram_gb,env_os,env_python,env_numpy,env_scipy,env_trimesh,env_pyvista,env_opencv,env_torch,env_git_commit,env_torch_threads,env_cuda_available,env_gpu,env_vtk,env_run_started_utc,smoother,volume_ratio_vs_clean
a3_refine_quality,0,refinement,icosphere,object,0.0,0,0,0,0.01,fraction_of_unit_bbox_diagonal,100000,0.0016,15,1,20000,0,0,0.0,0.0,1.0,1.0,1.0,0.9998,False,1,ok,20000,1,0,0,True,0.001371,0.003047,1.0,1.0,1.0,0.99972,0.001371,False,-8e-05,0,12th Gen Intel(R) Core(TM) i7-1255U,12,15.68,Windows-10-10.0.26200-SP0,3.11.15,2.4.6,1.17.1,4.12.2,0.48.4,5.0.0,2.13.0+cpu,fd20710,10,False,,"(9, 6, 2)",2026-08-27T20:00:09+00:00,,
a3_refine_quality,1,refinement,icosphere,room,0.0,0,0,0,0.01,fraction_of_unit_bbox_diagonal,100000,0.0016,15,1,20000,0,0,0.0,0.0,1.0,1.0,1.0,0.9998,False,1,ok,20000,1,0,0,True,0.001371,0.003047,1.0,1.0,1.0,0.99972,0.001371,False,-8e-05,0,12th Gen Intel(R) Core(TM) i7-1255U,12,15.68,Windows-10-10.0.26200-SP0,3.11.15,2.4.6,1.17.1,4.12.2,0.48.4,5.0.0,2.13.0+cpu,fd20710,10,False,,"(9, 6, 2)",2026-08-27T20:00:09+00:00,,
a3_refine_quality,2,refinement,icosphere,object,0.0,0,0,1,0.01,fraction_of_unit_bbox_diagonal,100000,0.0016,15,1,20000,0,0,0.0,0.0,1.0,1.0,1.0,0.99981,False,1,ok,20000,1,0,0,True,0.001376,0.003062,1.0,1.0,1.0,0.99972,0.001376,False,-9e-05,0,12th Gen Intel(R) Core(TM) i7-1255U,12,15.68,Windows-10-10.0.26200-SP0,3.11.15,2.4.6,1.17.1,4.12.2,0.48.4,5.0.0,2.13.0+cpu,fd20710,10,False,,"(9, 6, 2)",2026-08-27T20:00:09+00:00,,
a3_refine_quality,3,refinement,icosphere,room,0.0,0,0,1,0.01,fraction_of_unit_bbox_diagonal,100000,0.0016,15,1,20000,0,0,0.0,0.0,1.0,1.0,1.0,0.99981,False,1,ok,20000,1,0,0,True,0.001376,0.003062,1.0,1.0,1.0,0.99972,0.001376,False,-9e-05,0,12th Gen Intel(R) Core(TM) i7-1255U,12,15.68,Windows-10-10.0.26200-SP0,3.11.15,2.4.6,1.17.1,4.12.2,0.48.4,5.0.0,2.13.0+cpu,fd20710,10,False,,"(9, 6, 2)",2026-08-27T20:00:09+00:00,,
a3_refine_quality,4,refinement,icosphere,object,0.0,0,0,2,0.01,fraction_of_unit_bbox_diagonal,100000,0.0016,15,1,20000,0,0,0.0,0.0,1.0,1.0,1.0,0.99981,False,1,ok,20000,1,0,0,True,0.001367,0.003047,1.0,1.0,1.0,0.99972,0.001367,False,-9e-05,0,12th Gen Intel(R) Core(TM) i7-1255U,12,15.68,Windows-10-10.0.26200-SP0,3.11.15,2.4.6,1.17.1,4.12.2,0.48.4,5.0.0,2.13.0+cpu,fd20710,10,False,,"(9, 6, 2)",2026-08-27T20:00:09+00:00,,
a3_refine_quality,5,refinement,icosphere,room,0.0,0,0,2,0.01,fraction_of_unit_bbox_diagonal,100000,0.0016,15,1,20000,0,0,0.0,0.0,1.0,1.0,1.0,0.99981,False,1,ok,20000,1,0,0,True,0.001367,0.003047,1.0,1.0,1.0,0.99972,0.001367,False,-9e-05,0,12th Gen Intel(R) Core(TM) i7-1255U,12,15.68,Windows-10-10.0.26200-SP0,3.11.15,2.4.6,1.17.1,4.12.2,0.48.4,5.0.0,2.13.0+cpu,fd20710,10,False,,"(9, 6, 2)",2026-08-27T20:00:09+00:00,,
a3_refine_quality,6,refinement,icosphere,object,0.0,0,5,0,0.01,fraction_of_unit_bbox_diagonal,100000,0.0016,15,6,20400,0,0,0.004637,0.003405,0.9793,1.0,0.9895,0.98978,False,6,ok,20400,6,0,0,True,0.004607,0.003394,0.9795,1.0,0.9897,0.98985,-3e-05,True,7e-05,0,12th Gen Intel(R) Core(TM) i7-1255U,12,15.68,Windows-10-10.0.26200-SP0,3.11.15,2.4.6,1.17.1,4.12.2,0.48.4,5.0.0,2.13.0+cpu,fd20710,10,False,,"(9, 6, 2)",2026-08-27T20:00:09+00:00,,
a3_refine_quality,7,refinement,icosphere,room,0.0,0,5,0,0.01,fraction_of_unit_bbox_diagonal,100000,0.0016,15,6,20400,0,0,0.004637,0.003405,0.9793,1.0,0.9895,0.98978,False,1,ok,20000,1,0,0,True,0.001371,0.003047,1.0,1.0,1.0,0.99972,-0.003266,True,0.00994,5,12th Gen Intel(R) Core(TM) i7-1255U,12,15.68,Windows-10-10.0.26200-SP0,3.11.15,2.4.6,1.17.1,4.12.2,0.48.4,5.0.0,2.13.0+cpu,fd20710,10,False,,"(9, 6, 2)",2026-08-27T20:00:09+00:00,,
a3_refine_quality,8,refinement,icosphere,object,0.0,0,5,1,0.01,fraction_of_unit_bbox_diagonal,100000,0.0016,15,6,20400,0,0,0.003483,0.00342,0.9788,1.0,0.9893,0.98911,False,6,ok,20400,6,0,0,True,0.003493,0.003422,0.979,1.0,0.9894,0.98915,1e-05,False,4e-05,0,12th Gen Intel(R) Core(TM) i7-1255U,12,15.68,Windows-10-10.0.26200-SP0,3.11.15,2.4.6,1.17.1,4.12.2,0.48.4,5.0.0,2.13.0+cpu,fd20710,10,False,,"(9, 6, 2)",2026-08-27T20:00:09+00:00,,
a3_refine_quality,9,refinement,icosphere,room,0.0,0,5,1,0.01,fraction_of_unit_bbox_diagonal,100000,0.0016,15,6,20400,0,0,0.003483,0.00342,0.9788,1.0,0.9893,0.98911,False,1,ok,20000,1,0,0,True,0.001376,0.003062,1.0,1.0,1.0,0.99972,-0.002107,True,0.01061,5,12th Gen Intel(R) Core(TM) i7-1255U,12,15.68,Windows-10-10.0.26200-SP0,3.11.15,2.4.6,1.17.1,4.12.2,0.48.4,5.0.0,2.13.0+cpu,fd20710,10,False,,"(9, 6, 2)",2026-08-27T20:00:09+00:00,,
a3_refine_quality,10,refinement,icosphere,object,0.0,0,5,2,0.01,fraction_of_unit_bbox_diagonal,100000,0.0016,15,6,20400,0,0,0.003463,0.003427,0.9775,1.0,0.9886,0.98873,False,6,ok,20400,6,0,0,True,0.003467,0.003431,0.9777,1.0,0.9887,0.98872,4e-06,False,-1e-05,0,12th Gen Intel(R) Core(TM) i7-1255U,12,15.68,Windows-10-10.0.26200-SP0,3.11.15,2.4.6,1.17.1,4.12.2,0.48.4,5.0.0,2.13.0+cpu,fd20710,10,False,,"(9, 6, 2)",2026-08-27T20:00:09+00:00,,
a3_refine_quality,11,refinement,icosphere,room,0.0,0,5,2,0.01,fraction_of_unit_bbox_diagonal,100000,0.0016,15,6,20400,0,0,0.003463,0.003427,0.9775,1.0,0.9886,0.98873,False,1,ok,20000,1,0,0,True,0.001367,0.003047,1.0,1.0,1.0,0.99972,-0.002096,True,0.01099,5,12th Gen Intel(R) Core(TM) i7-1255U,12,15.68,Windows-10-10.0.26200-SP0,3.11.15,2.4.6,1.17.1,4.12.2,0.48.4,5.0.0,2.13.0+cpu,fd20710,10,False,,"(9, 6, 2)",2026-08-27T20:00:09+00:00,,
a3_refine_quality,12,refinement,icosphere,object,0.0,0,20,0,0.01,fraction_of_unit_bbox_diagonal,100000,0.0016,15,21,21600,0,0,0.010448,0.195435,0.921,1.0,0.9589,0.96032,False,21,ok,21600,21,0,0,True,0.010335,0.191315,0.9219,1.0,0.9593,0.95947,-0.000113,True,-0.00085,0,12th Gen Intel(R) Core(TM) i7-1255U,12,15.68,Windows-10-10.0.26200-SP0,3.11.15,2.4.6,1.17.1,4.12.2,0.48.4,5.0.0,2.13.0+cpu,fd20710,10,False,,"(9, 6, 2)",2026-08-27T20:00:09+00:00,,
a3_refine_quality,13,refinement,icosphere,room,0.0,0,20,0,0.01,fraction_of_unit_bbox_diagonal,100000,0.0016,15,21,21600,0,0,0.010448,0.195435,0.921,1.0,0.9589,0.96032,False,1,ok,20000,1,0,0,True,0.001371,0.003047,1.0,1.0,1.0,0.99972,-0.009077,True,0.0394,20,12th Gen Intel(R) Core(TM) i7-1255U,12,15.68,Windows-10-10.0.26200-SP0,3.11.15,2.4.6,1.17.1,4.12.2,0.48.4,5.0.0,2.13.0+cpu,fd20710,10,False,,"(9, 6, 2)",2026-08-27T20:00:09+00:00,,
a3_refine_quality,14,refinement,icosphere,object,0.0,0,20,1,0.01,fraction_of_unit_bbox_diagonal,100000,0.0016,15,21,21600,0,0,0.009764,0.187542,0.9171,1.0,0.9568,0.95783,False,21,ok,21600,21,0,0,True,0.009756,0.188029,0.918,1.0,0.9572,0.95776,-8e-06,True,-7e-05,0,12th Gen Intel(R) Core(TM) i7-1255U,12,15.68,Windows-10-10.0.26200-SP0,3.11.15,2.4.6,1.17.1,4.12.2,0.48.4,5.0.0,2.13.0+cpu,fd20710,10,False,,"(9, 6, 2)",2026-08-27T20:00:09+00:00,,
a3_refine_quality,15,refinement,icosphere,room,0.0,0,20,1,0.01,fraction_of_unit_bbox_diagonal,100000,0.0016,15,21,21600,0,0,0.009764,0.187542,0.9171,1.0,0.9568,0.95783,False,1,ok,20000,1,0,0,True,0.001376,0.003062,1.0,1.0,1.0,0.99972,-0.008388,True,0.04189,20,12th Gen Intel(R) Core(TM) i7-1255U,12,15.68,Windows-10-10.0.26200-SP0,3.11.15,2.4.6,1.17.1,4.12.2,0.48.4,5.0.0,2.13.0+cpu,fd20710,10,False,,"(9, 6, 2)",2026-08-27T20:00:09+00:00,,
a3_refine_quality,16,refinement,icosphere,object,0.0,0,20,2,0.01,fraction_of_unit_bbox_diagonal,100000,0.0016,15,21,21600,0,0,0.008539,0.1211,0.9181,1.0,0.9573,0.95566,False,21,ok,21600,21,0,0,True,0.008523,0.123914,0.919,1.0,0.9578,0.95605,-1.6e-05,True,0.00039,0,12th Gen Intel(R) Core(TM) i7-1255U,12,15.68,Windows-10-10.0.26200-SP0,3.11.15,2.4.6,1.17.1,4.12.2,0.48.4,5.0.0,2.13.0+cpu,fd20710,10,False,,"(9, 6, 2)",2026-08-27T20:00:09+00:00,,
a3_refine_quality,17,refinement,icosphere,room,0.0,0,20,2,0.01,fraction_of_unit_bbox_diagonal,100000,0.0016,15,21,21600,0,0,0.008539,0.1211,0.9181,1.0,0.9573,0.95566,False,1,ok,20000,1,0,0,True,0.001367,0.003047,1.0,1.0,1.0,0.99972,-0.007172,True,0.04406,20,12th Gen Intel(R) Core(TM) i7-1255U,12,15.68,Windows-10-10.0.26200-SP0,3.11.15,2.4.6,1.17.1,4.12.2,0.48.4,5.0.0,2.13.0+cpu,fd20710,10,False,,"(9, 6, 2)",2026-08-27T20:00:09+00:00,,
a3_refine_quality,18,refinement,icosphere,object,0.0,5,0,0,0.01,fraction_of_unit_bbox_diagonal,100000,0.0016,15,1,19900,78,0,0.001575,0.003156,1.0,0.9991,0.9995,0.9998,False,1,ok,19968,1,0,0,True,0.001543,0.003124,1.0,1.0,1.0,0.99972,-3.2e-05,True,-8e-05,0,12th Gen Intel(R) Core(TM) i7-1255U,12,15.68,Windows-10-10.0.26200-SP0,3.11.15,2.4.6,1.17.1,4.12.2,0.48.4,5.0.0,2.13.0+cpu,fd20710,10,False,,"(9, 6, 2)",2026-08-27T20:00:09+00:00,,
a3_refine_quality,19,refinement,icosphere,room,0.0,5,0,0,0.01,fraction_of_unit_bbox_diagonal,100000,0.0016,15,1,19900,78,0,0.001575,0.003156,1.0,0.9991,0.9995,0.9998,False,1,ok,19968,1,0,0,True,0.001542,0.003122,1.0,1.0,1.0,0.99973,-3.3e-05,True,-7e-05,0,12th Gen Intel(R) Core(TM) i7-1255U,12,15.68,Windows-10-10.0.26200-SP0,3.11.15,2.4.6,1.17.1,4.12.2,0.48.4,5.0.0,2.13.0+cpu,fd20710,10,False,,"(9, 6, 2)",2026-08-27T20:00:09+00:00,,
a3_refine_quality,20,refinement,icosphere,object,0.0,5,0,1,0.01,fraction_of_unit_bbox_diagonal,100000,0.0016,15,1,19900,74,0,0.001554,0.003171,1.0,0.9992,0.9996,0.99981,False,1,ok,19964,1,0,0,True,0.001604,0.003131,1.0,1.0,1.0,0.99972,5e-05,False,-9e-05,0,12th Gen Intel(R) Core(TM) i7-1255U,12,15.68,Windows-10-10.0.26200-SP0,3.11.15,2.4.6,1.17.1,4.12.2,0.48.4,5.0.0,2.13.0+cpu,fd20710,10,False,,"(9, 6, 2)",2026-08-27T20:00:09+00:00,,
a3_refine_quality,21,refinement,icosphere,room,0.0,5,0,1,0.01,fraction_of_unit_bbox_diagonal,100000,0.0016,15,1,19900,74,0,0.001554,0.003171,1.0,0.9992,0.9996,0.99981,False,1,ok,19964,1,0,0,True,0.001609,0.00315,1.0,1.0,1.0,0.99973,5.5e-05,False,-8e-05,0,12th Gen Intel(R) Core(TM) i7-1255U,12,15.68,Windows-10-10.0.26200-SP0,3.11.15,2.4.6,1.17.1,4.12.2,0.48.4,5.0.0,2.13.0+cpu,fd20710,10,False,,"(9, 6, 2)",2026-08-27T20:00:09+00:00,,
a3_refine_quality,22,refinement,icosphere,object,0.0,5,0,2,0.01,fraction_of_unit_bbox_diagonal,100000,0.0016,15,1,19900,80,0,0.001571,0.003173,1.0,0.9991,0.9995,0.99981,False,1,ok,19970,1,0,0,True,0.001596,0.003157,1.0,1.0,1.0,0.99973,2.5e-05,False,-8e-05,0,12th Gen Intel(R) Core(TM) i7-1255U,12,15.68,Windows-10-10.0.26200-SP0,3.11.15,2.4.6,1.17.1,4.12.2,0.48.4,5.0.0,2.13.0+cpu,fd20710,10,False,,"(9, 6, 2)",2026-08-27T20:00:09+00:00,,
a3_refine_quality,23,refinement,icosphere,room,0.0,5,0,2,0.01,fraction_of_unit_bbox_diagonal,100000,0.0016,15,1,19900,80,0,0.001571,0.003173,1.0,0.9991,0.9995,0.99981,False,1,ok,19970,1,0,0,True,0.001594,0.003157,1.0,1.0,1.0,0.99972,2.3e-05,False,-9e-05,0,12th Gen Intel(R) Core(TM) i7-1255U,12,15.68,Windows-10-10.0.26200-SP0,3.11.15,2.4.6,1.17.1,4.12.2,0.48.4,5.0.0,2.13.0+cpu,fd20710,10,False,,"(9, 6, 2)",2026-08-27T20:00:09+00:00,,
a3_refine_quality,24,refinement,icosphere,object,0.0,5,5,0,0.01,fraction_of_unit_bbox_diagonal,100000,0.0016,15,6,20300,78,0,0.00422,0.003418,0.9792,0.9991,0.989,0.98891,False,6,ok,20368,6,0,0,True,0.004214,0.003406,0.9794,1.0,0.9896,0.99011,-6e-06,True,0.0012,0,12th Gen Intel(R) Core(TM) i7-1255U,12,15.68,Windows-10-10.0.26200-SP0,3.11.15,2.4.6,1.17.1,4.12.2,0.48.4,5.0.0,2.13.0+cpu,fd20710,10,False,,"(9, 6, 2)",2026-08-27T20:00:09+00:00,,
a3_refine_quality,25,refinement,icosphere,room,0.0,5,5,0,0.01,fraction_of_unit_bbox_diagonal,100000,0.0016,15,6,20300,78,0,0.00422,0.003418,0.9792,0.9991,0.989,0.98891,False,1,ok,19968,1,0,0,True,0.001542,0.003122,1.0,1.0,1.0,0.99973,-0.002678,True,0.01082,5,12th Gen Intel(R) Core(TM) i7-1255U,12,15.68,Windows-10-10.0.26200-SP0,3.11.15,2.4.6,1.17.1,4.12.2,0.48.4,5.0.0,2.13.0+cpu,fd20710,10,False,,"(9, 6, 2)",2026-08-27T20:00:09+00:00,,
a3_refine_quality,26,refinement,icosphere,object,0.0,5,5,1,0.01,fraction_of_unit_bbox_diagonal,100000,0.0016,15,6,20300,74,0,0.002882,0.003431,0.9787,0.9991,0.9888,0.98888,False,6,ok,20364,6,0,0,True,0.002881,0.003417,0.9787,1.0,0.9893,0.98911,-1e-06,True,0.00023,0,12th Gen Intel(R) Core(TM) i7-1255U,12,15.68,Windows-10-10.0.26200-SP0,3.11.15,2.4.6,1.17.1,4.12.2,0.48.4,5.0.0,2.13.0+cpu,fd20710,10,False,,"(9, 6, 2)",2026-08-27T20:00:09+00:00,,
a3_refine_quality,27,refinement,icosphere,room,0.0,5,5,1,0.01,fraction_of_unit_bbox_diagonal,100000,0.0016,15,6,20300,74,0,0.002882,0.003431,0.9787,0.9991,0.9888,0.98888,False,1,ok,19964,1,0,0,True,0.001609,0.00315,1.0,1.0,1.0,0.99973,-0.001273,True,0.01085,5,12th Gen Intel(R) Core(TM) i7-1255U,12,15.68,Windows-10-10.0.26200-SP0,3.11.15,2.4.6,1.17.1,4.12.2,0.48.4,5.0.0,2.13.0+cpu,fd20710,10,False,,"(9, 6, 2)",2026-08-27T20:00:09+00:00,,
a3_refine_quality,28,refinement,icosphere,object,0.0,5,5,2,0.01,fraction_of_unit_bbox_diagonal,100000,0.0016,15,6,20300,80,0,0.003197,0.003431,0.9797,0.9992,0.9894,0.98882,False,6,ok,20370,6,0,0,True,0.003165,0.003412,0.9805,1.0,0.9901,0.98824,-3.2e-05,True,-0.00058,0,12th Gen Intel(R) Core(TM) i7-1255U,12,15.68,Windows-10-10.0.26200-SP0,3.11.15,2.4.6,1.17.1,4.12.2,0.48.4,5.0.0,2.13.0+cpu,fd20710,10,False,,"(9, 6, 2)",2026-08-27T20:00:09+00:00,,
a3_refine_quality,29,refinement,icosphere,room,0.0,5,5,2,0.01,fraction_of_unit_bbox_diagonal,100000,0.0016,15,6,20300,80,0,0.003197,0.003431,0.9797,0.9992,0.9894,0.98882,False,1,ok,19970,1,0,0,True,0.001594,0.003157,1.0,1.0,1.0,0.99972,-0.001603,True,0.0109,5,12th Gen Intel(R) Core(TM) i7-1255U,12,15.68,Windows-10-10.0.26200-SP0,3.11.15,2.4.6,1.17.1,4.12.2,0.48.4,5.0.0,2.13.0+cpu,fd20710,10,False,,"(9, 6, 2)",2026-08-27T20:00:09+00:00,,
a3_refine_quality,30,refinement,icosphere,object,0.0,5,20,0,0.01,fraction_of_unit_bbox_diagonal,100000,0.0016,15,21,21500,78,0,0.010093,0.16951,0.9191,0.999,0.9574,0.95929,False,21,ok,21568,21,0,0,True,0.009987,0.165647,0.9202,1.0,0.9584,0.95949,-0.000106,True,0.0002,0,12th Gen Intel(R) Core(TM) i7-1255U,12,15.68,Windows-10-10.0.26200-SP0,3.11.15,2.4.6,1.17.1,4.12.2,0.48.4,5.0.0,2.13.0+cpu,fd20710,10,False,,"(9, 6, 2)",2026-08-27T20:00:09+00:00,,
a3_refine_quality,31,refinement,icosphere,room,0.0,5,20,0,0.01,fraction_of_unit_bbox_diagonal,100000,0.0016,15,21,21500,78,0,0.010093,0.16951,0.9191,0.999,0.9574,0.95929,False,1,ok,19968,1,0,0,True,0.001542,0.003122,1.0,1.0,1.0,0.99973,-0.008551,True,0.04044,20,12th Gen Intel(R) Core(TM) i7-1255U,12,15.68,Windows-10-10.0.26200-SP0,3.11.15,2.4.6,1.17.1,4.12.2,0.48.4,5.0.0,2.13.0+cpu,fd20710,10,False,,"(9, 6, 2)",2026-08-27T20:00:09+00:00,,
a3_refine_quality,32,refinement,icosphere,object,0.0,5,20,1,0.01,fraction_of_unit_bbox_diagonal,100000,0.0016,15,21,21500,74,0,0.009286,0.133391,0.9167,0.999,0.9561,0.95777,False,21,ok,21564,21,0,0,True,0.009211,0.132214,0.9179,1.0,0.9572,0.95783,-7.5e-05,True,6e-05,0,12th Gen Intel(R) Core(TM) i7-1255U,12,15.68,Windows-10-10.0.26200-SP0,3.11.15,2.4.6,1.17.1,4.12.2,0.48.4,5.0.0,2.13.0+cpu,fd20710,10,False,,"(9, 6, 2)",2026-08-27T20:00:09+00:00,,
a3_refine_quality,33,refinement,icosphere,room,0.0,5,20,1,0.01,fraction_of_unit_bbox_diagonal,100000,0.0016,15,21,21500,74,0,0.009286,0.133391,0.9167,0.999,0.9561,0.95777,False,1,ok,19964,1,0,0,True,0.001609,0.00315,1.0,1.0,1.0,0.99973,-0.007677,True,0.04196,20,12th Gen Intel(R) Core(TM) i7-1255U,12,15.68,Windows-10-10.0.26200-SP0,3.11.15,2.4.6,1.17.1,4.12.2,0.48.4,5.0.0,2.13.0+cpu,fd20710,10,False,,"(9, 6, 2)",2026-08-27T20:00:09+00:00,,
a3_refine_quality,34,refinement,icosphere,object,0.0,5,20,2,0.01,fraction_of_unit_bbox_diagonal,100000,0.0016,15,21,21500,80,0,0.009252,0.142318,0.9219,0.9991,0.9589,0.95758,False,21,ok,21570,21,0,0,True,0.009003,0.139122,0.9232,1.0,0.9601,0.95813,-0.000249,True,0.00055,0,12th Gen Intel(R) Core(TM) i7-1255U,12,15.68,Windows-10-10.0.26200-SP0,3.11.15,2.4.6,1.17.1,4.12.2,0.48.4,5.0.0,2.13.0+cpu,fd20710,10,False,,"(9, 6, 2)",2026-08-27T20:00:09+00:00,,
a3_refine_quality,35,refinement,icosphere,room,0.0,5,20,2,0.01,fraction_of_unit_bbox_diagonal,100000,0.0016,15,21,21500,80,0,0.009252,0.142318,0.9219,0.9991,0.9589,0.95758,False,1,ok,19970,1,0,0,True,0.001594,0.003157,1.0,1.0,1.0,0.99972,-0.007658,True,0.04214,20,12th Gen Intel(R) Core(TM) i7-1255U,12,15.68,Windows-10-10.0.26200-SP0,3.11.15,2.4.6,1.17.1,4.12.2,0.48.4,5.0.0,2.13.0+cpu,fd20710,10,False,,"(9, 6, 2)",2026-08-27T20:00:09+00:00,,
a3_refine_quality,36,refinement,icosphere,object,0.0,20,0,0,0.01,fraction_of_unit_bbox_diagonal,100000,0.0016,15,1,19600,300,0,0.001631,0.003312,1.0,0.9962,0.9981,0.9998,False,1,ok,19820,1,46,0,False,0.001621,0.003187,1.0,0.9995,0.9998,0.99972,-1e-05,True,-8e-05,0,12th Gen Intel(R) Core(TM) i7-1255U,12,15.68,Windows-10-10.0.26200-SP0,3.11.15,2.4.6,1.17.1,4.12.2,0.48.4,5.0.0,2.13.0+cpu,fd20710,10,False,,"(9, 6, 2)",2026-08-27T20:00:09+00:00,,
a3_refine_quality,37,refinement,icosphere,room,0.0,20,0,0,0.01,fraction_of_unit_bbox_diagonal,100000,0.0016,15,1,19600,300,0,0.001631,0.003312,1.0,0.9962,0.9981,0.9998,False,1,ok,19820,1,46,0,False,0.001619,0.003163,1.0,0.9996,0.9998,0.99972,-1.2e-05,True,-8e-05,0,12th Gen Intel(R) Core(TM) i7-1255U,12,15.68,Windows-10-10.0.26200-SP0,3.11.15,2.4.6,1.17.1,4.12.2,0.48.4,5.0.0,2.13.0+cpu,fd20710,10,False,,"(9, 6, 2)",2026-08-27T20:00:09+00:00,,
a3_refine_quality,38,refinement,icosphere,object,0.0,20,0,1,0.01,fraction_of_unit_bbox_diagonal,100000,0.0016,15,1,19609,299,0,0.001626,0.003293,1.0,0.9965,0.9983,0.99981,False,1,ok,19870,1,0,0,True,0.001603,0.003145,1.0,1.0,1.0,0.99972,-2.3e-05,True,-9e-05,0,12th Gen Intel(R) Core(TM) i7-1255U,12,15.68,Windows-10-10.0.26200-SP0,3.11.15,2.4.6,1.17.1,4.12.2,0.48.4,5.0.0,2.13.0+cpu,fd20710,10,False,,"(9, 6, 2)",2026-08-27T20:00:09+00:00,,
a3_refine_quality,39,refinement,icosphere,room,0.0,20,0,1,0.01,fraction_of_unit_bbox_diagonal,100000,0.0016,15,1,19609,299,0,0.001626,0.003293,1.0,0.9965,0.9983,0.99981,False,1,ok,19870,1,0,0,True,0.001608,0.003147,1.0,1.0,1.0,0.99972,-1.8e-05,True,-9e-05,0,12th Gen Intel(R) Core(TM) i7-1255U,12,15.68,Windows-10-10.0.26200-SP0,3.11.15,2.4.6,1.17.1,4.12.2,0.48.4,5.0.0,2.13.0+cpu,fd20710,10,False,,"(9, 6, 2)",2026-08-27T20:00:09+00:00,,
a3_refine_quality,40,refinement,icosphere,object,0.0,20,0,2,0.01,fraction_of_unit_bbox_diagonal,100000,0.0016,15,1,19600,310,0,0.001617,0.003305,1.0,0.997,0.9985,0.99981,False,1,ok,19868,1,4,0,False,0.001613,0.003163,1.0,1.0,1.0,0.99971,-4e-06,True,-0.0001,0,12th Gen Intel(R) Core(TM) i7-1255U,12,15.68,Windows-10-10.0.26200-SP0,3.11.15,2.4.6,1.17.1,4.12.2,0.48.4,5.0.0,2.13.0+cpu,fd20710,10,False,,"(9, 6, 2)",2026-08-27T20:00:09+00:00,,
a3_refine_quality,41,refinement,icosphere,room,0.0,20,0,2,0.01,fraction_of_unit_bbox_diagonal,100000,0.0016,15,1,19600,310,0,0.001617,0.003305,1.0,0.997,0.9985,0.99981,False,1,ok,19868,1,4,0,False,0.001615,0.003155,1.0,1.0,1.0,0.99972,-2e-06,True,-9e-05,0,12th Gen Intel(R) Core(TM) i7-1255U,12,15.68,Windows-10-10.0.26200-SP0,3.11.15,2.4.6,1.17.1,4.12.2,0.48.4,5.0.0,2.13.0+cpu,fd20710,10,False,,"(9, 6, 2)",2026-08-27T20:00:09+00:00,,
a3_refine_quality,42,refinement,icosphere,object,0.0,20,5,0,0.01,fraction_of_unit_bbox_diagonal,100000,0.0016,15,6,20000,300,0,0.003769,0.003409,0.9794,0.9963,0.9878,0.98922,False,6,ok,20220,6,46,0,False,0.003785,0.003416,0.9791,0.9996,0.9892,0.98911,1.6e-05,False,-0.00011,0,12th Gen Intel(R) Core(TM) i7-1255U,12,15.68,Windows-10-10.0.26200-SP0,3.11.15,2.4.6,1.17.1,4.12.2,0.48.4,5.0.0,2.13.0+cpu,fd20710,10,False,,"(9, 6, 2)",2026-08-27T20:00:09+00:00,,
a3_refine_quality,43,refinement,icosphere,room,0.0,20,5,0,0.01,fraction_of_unit_bbox_diagonal,100000,0.0016,15,6,20000,300,0,0.003769,0.003409,0.9794,0.9963,0.9878,0.98922,False,1,ok,19820,1,46,0,False,0.001619,0.003163,1.0,0.9996,0.9998,0.99972,-0.00215,True,0.0105,5,12th Gen Intel(R) Core(TM) i7-1255U,12,15.68,Windows-10-10.0.26200-SP0,3.11.15,2.4.6,1.17.1,4.12.2,0.48.4,5.0.0,2.13.0+cpu,fd20710,10,False,,"(9, 6, 2)",2026-08-27T20:00:09+00:00,,
a3_refine_quality,44,refinement,icosphere,object,0.0,20,5,1,0.01,fraction_of_unit_bbox_diagonal,100000,0.0016,15,6,20009,299,0,0.003681,0.003426,0.9783,0.9967,0.9874,0.98861,False,6,ok,20270,6,0,0,True,0.003671,0.003428,0.9785,1.0,0.9891,0.98867,-1e-05,True,6e-05,0,12th Gen Intel(R) Core(TM) i7-1255U,12,15.68,Windows-10-10.0.26200-SP0,3.11.15,2.4.6,1.17.1,4.12.2,0.48.4,5.0.0,2.13.0+cpu,fd20710,10,False,,"(9, 6, 2)",2026-08-27T20:00:09+00:00,,
a3_refine_quality,45,refinement,icosphere,room,0.0,20,5,1,0.01,fraction_of_unit_bbox_diagonal,100000,0.0016,15,6,20009,299,0,0.003681,0.003426,0.9783,0.9967,0.9874,0.98861,False,1,ok,19870,1,0,0,True,0.001608,0.003147,1.0,1.0,1.0,0.99972,-0.002073,True,0.01111,5,12th Gen Intel(R) Core(TM) i7-1255U,12,15.68,Windows-10-10.0.26200-SP0,3.11.15,2.4.6,1.17.1,4.12.2,0.48.4,5.0.0,2.13.0+cpu,fd20710,10,False,,"(9, 6, 2)",2026-08-27T20:00:09+00:00,,
a3_refine_quality,46,refinement,icosphere,object,0.0,20,5,2,0.01,fraction_of_unit_bbox_diagonal,100000,0.0016,15,6,20000,310,0,0.003939,0.003449,0.977,0.9969,0.9869,0.98818,False,6,ok,20268,6,4,0,False,0.003848,0.003446,0.9778,1.0,0.9888,0.98751,-9.1e-05,True,-0.00067,0,12th Gen Intel(R) Core(TM) i7-1255U,12,15.68,Windows-10-10.0.26200-SP0,3.11.15,2.4.6,1.17.1,4.12.2,0.48.4,5.0.0,2.13.0+cpu,fd20710,10,False,,"(9, 6, 2)",2026-08-27T20:00:09+00:00,,
a3_refine_quality,47,refinement,icosphere,room,0.0,20,5,2,0.01,fraction_of_unit_bbox_diagonal,100000,0.0016,15,6,20000,310,0,0.003939,0.003449,0.977,0.9969,0.9869,0.98818,False,1,ok,19868,1,4,0,False,0.001615,0.003155,1.0,1.0,1.0,0.99972,-0.002324,True,0.01154,5,12th Gen Intel(R) Core(TM) i7-1255U,12,15.68,Windows-10-10.0.26200-SP0,3.11.15,2.4.6,1.17.1,4.12.2,0.48.4,5.0.0,2.13.0+cpu,fd20710,10,False,,"(9, 6, 2)",2026-08-27T20:00:09+00:00,,
a3_refine_quality,48,refinement,icosphere,object,0.0,20,20,0,0.01,fraction_of_unit_bbox_diagonal,100000,0.0016,15,21,21200,300,0,0.010346,0.160662,0.9178,0.9963,0.9555,0.9589,False,21,ok,21420,21,46,0,False,0.010217,0.160191,0.9188,0.9994,0.9574,0.95921,-0.000129,True,0.00031,0,12th Gen Intel(R) Core(TM) i7-1255U,12,15.68,Windows-10-10.0.26200-SP0,3.11.15,2.4.6,1.17.1,4.12.2,0.48.4,5.0.0,2.13.0+cpu,fd20710,10,False,,"(9, 6, 2)",2026-08-27T20:00:09+00:00,,
a3_refine_quality,49,refinement,icosphere,room,0.0,20,20,0,0.01,fraction_of_unit_bbox_diagonal,100000,0.0016,15,21,21200,300,0,0.010346,0.160662,0.9178,0.9963,0.9555,0.9589,False,1,ok,19820,1,46,0,False,0.001619,0.003163,1.0,0.9996,0.9998,0.99972,-0.008727,True,0.04082,20,12th Gen Intel(R) Core(TM) i7-1255U,12,15.68,Windows-10-10.0.26200-SP0,3.11.15,2.4.6,1.17.1,4.12.2,0.48.4,5.0.0,2.13.0+cpu,fd20710,10,False,,"(9, 6, 2)",2026-08-27T20:00:09+00:00,,
a3_refine_quality,50,refinement,icosphere,object,0.0,20,20,1,0.01,fraction_of_unit_bbox_diagonal,100000,0.0016,15,21,21209,299,0,0.010725,0.161178,0.9155,0.9964,0.9542,0.95739,False,21,ok,21470,21,0,0,True,0.010427,0.158456,0.9184,1.0,0.9574,0.9604,-0.000298,True,0.00301,0,12th Gen Intel(R) Core(TM) i7-1255U,12,15.68,Windows-10-10.0.26200-SP0,3.11.15,2.4.6,1.17.1,4.12.2,0.48.4,5.0.0,2.13.0+cpu,fd20710,10,False,,"(9, 6, 2)",2026-08-27T20:00:09+00:00,,
a3_refine_quality,51,refinement,icosphere,room,0.0,20,20,1,0.01,fraction_of_unit_bbox_diagonal,100000,0.0016,15,21,21209,299,0,0.010725,0.161178,0.9155,0.9964,0.9542,0.95739,False,1,ok,19870,1,0,0,True,0.001608,0.003147,1.0,1.0,1.0,0.99972,-0.009117,True,0.04233,20,12th Gen Intel(R) Core(TM) i7-1255U,12,15.68,Windows-10-10.0.26200-SP0,3.11.15,2.4.6,1.17.1,4.12.2,0.48.4,5.0.0,2.13.0+cpu,fd20710,10,False,,"(9, 6, 2)",2026-08-27T20:00:09+00:00,,
a3_refine_quality,52,refinement,icosphere,object,0.0,20,20,2,0.01,fraction_of_unit_bbox_diagonal,100000,0.0016,15,21,21200,310,0,0.009617,0.159271,0.9186,0.997,0.9562,0.95599,False,21,ok,21468,21,4,0,False,0.009292,0.153548,0.9213,1.0,0.9591,0.95777,-0.000325,True,0.00178,0,12th Gen Intel(R) Core(TM) i7-1255U,12,15.68,Windows-10-10.0.26200-SP0,3.11.15,2.4.6,1.17.1,4.12.2,0.48.4,5.0.0,2.13.0+cpu,fd20710,10,False,,"(9, 6, 2)",2026-08-27T20:00:09+00:00,,
a3_refine_quality,53,refinement,icosphere,room,0.0,20,20,2,0.01,fraction_of_unit_bbox_diagonal,100000,0.0016,15,21,21200,310,0,0.009617,0.159271,0.9186,0.997,0.9562,0.95599,False,1,ok,19868,1,4,0,False,0.001615,0.003155,1.0,1.0,1.0,0.99972,-0.008002,True,0.04373,20,12th Gen Intel(R) Core(TM) i7-1255U,12,15.68,Windows-10-10.0.26200-SP0,3.11.15,2.4.6,1.17.1,4.12.2,0.48.4,5.0.0,2.13.0+cpu,fd20710,10,False,,"(9, 6, 2)",2026-08-27T20:00:09+00:00,,
a3_refine_quality,54,refinement,icosphere,object,0.002,0,0,0,0.01,fraction_of_unit_bbox_diagonal,100000,0.0016,15,1,20000,0,0,0.002085,0.003725,1.0,1.0,1.0,0.93197,False,1,ok,20000,1,0,0,True,0.001764,0.00323,1.0,1.0,1.0,0.99329,-0.000321,True,0.06132,0,12th Gen Intel(R) Core(TM) i7-1255U,12,15.68,Windows-10-10.0.26200-SP0,3.11.15,2.4.6,1.17.1,4.12.2,0.48.4,5.0.0,2.13.0+cpu,fd20710,10,False,,"(9, 6, 2)",2026-08-27T20:00:09+00:00,,
a3_refine_quality,55,refinement,icosphere,room,0.002,0,0,0,0.01,fraction_of_unit_bbox_diagonal,100000,0.0016,15,1,20000,0,0,0.002085,0.003725,1.0,1.0,1.0,0.93197,False,1,ok,20000,1,0,0,True,0.001978,0.003626,1.0,1.0,1.0,0.95652,-0.000107,True,0.02455,0,12th Gen Intel(R) Core(TM) i7-1255U,12,15.68,Windows-10-10.0.26200-SP0,3.11.15,2.4.6,1.17.1,4.12.2,0.48.4,5.0.0,2.13.0+cpu,fd20710,10,False,,"(9, 6, 2)",2026-08-27T20:00:09+00:00,,
a3_refine_quality,56,refinement,icosphere,object,0.002,0,0,1,0.01,fraction_of_unit_bbox_diagonal,100000,0.0016,15,1,20000,0,0,0.002076,0.003725,1.0,1.0,1.0,0.9314,False,1,ok,20000,1,0,0,True,0.001797,0.003251,1.0,1.0,1.0,0.99334,-0.000279,True,0.06194,0,12th Gen Intel(R) Core(TM) i7-1255U,12,15.68,Windows-10-10.0.26200-SP0,3.11.15,2.4.6,1.17.1,4.12.2,0.48.4,5.0.0,2.13.0+cpu,fd20710,10,False,,"(9, 6, 2)",2026-08-27T20:00:09+00:00,,
a3_refine_quality,57,refinement,icosphere,room,0.002,0,0,1,0.01,fraction_of_unit_bbox_diagonal,100000,0.0016,15,1,20000,0,0,0.002076,0.003725,1.0,1.0,1.0,0.9314,False,1,ok,20000,1,0,0,True,0.00196,0.003628,1.0,1.0,1.0,0.95684,-0.000116,True,0.02544,0,12th Gen Intel(R) Core(TM) i7-1255U,12,15.68,Windows-10-10.0.26200-SP0,3.11.15,2.4.6,1.17.1,4.12.2,0.48.4,5.0.0,2.13.0+cpu,fd20710,10,False,,"(9, 6, 2)",2026-08-27T20:00:09+00:00,,
a3_refine_quality,58,refinement,icosphere,object,0.002,0,0,2,0.01,fraction_of_unit_bbox_diagonal,100000,0.0016,15,1,20000,0,0,0.002091,0.003766,1.0,1.0,1.0,0.93109,False,1,ok,20000,1,0,0,True,0.001783,0.003248,1.0,1.0,1.0,0.99312,-0.000308,True,0.06203,0,12th Gen Intel(R) Core(TM) i7-1255U,12,15.68,Windows-10-10.0.26200-SP0,3.11.15,2.4.6,1.17.1,4.12.2,0.48.4,5.0.0,2.13.0+cpu,fd20710,10,False,,"(9, 6, 2)",2026-08-27T20:00:09+00:00,,
a3_refine_quality,59,refinement,icosphere,room,0.002,0,0,2,0.01,fraction_of_unit_bbox_diagonal,100000,0.0016,15,1,20000,0,0,0.002091,0.003766,1.0,1.0,1.0,0.93109,False,1,ok,20000,1,0,0,True,0.001999,0.003664,1.0,1.0,1.0,0.95557,-9.2e-05,True,0.02448,0,12th Gen Intel(R) Core(TM) i7-1255U,12,15.68,Windows-10-10.0.26200-SP0,3.11.15,2.4.6,1.17.1,4.12.2,0.48.4,5.0.0,2.13.0+cpu,fd20710,10,False,,"(9, 6, 2)",2026-08-27T20:00:09+00:00,,
a3_refine_quality,60,refinement,icosphere,object,0.002,0,5,0,0.01,fraction_of_unit_bbox_diagonal,100000,0.0016,15,6,20400,0,0,0.005283,0.004018,0.9807,1.0,0.9903,0.9252,False,6,ok,20400,6,0,0,True,0.005249,0.003549,0.9797,1.0,0.9897,0.98299,-3.4e-05,True,0.05779,0,12th Gen Intel(R) Core(TM) i7-1255U,12,15.68,Windows-10-10.0.26200-SP0,3.11.15,2.4.6,1.17.1,4.12.2,0.48.4,5.0.0,2.13.0+cpu,fd20710,10,False,,"(9, 6, 2)",2026-08-27T20:00:09+00:00,,
a3_refine_quality,61,refinement,icosphere,room,0.002,0,5,0,0.01,fraction_of_unit_bbox_diagonal,100000,0.0016,15,6,20400,0,0,0.005283,0.004018,0.9807,1.0,0.9903,0.9252,False,1,ok,20000,1,0,0,True,0.001978,0.003626,1.0,1.0,1.0,0.95652,-0.003305,True,0.03132,5,12th Gen Intel(R) Core(TM) i7-1255U,12,15.68,Windows-10-10.0.26200-SP0,3.11.15,2.4.6,1.17.1,4.12.2,0.48.4,5.0.0,2.13.0+cpu,fd20710,10,False,,"(9, 6, 2)",2026-08-27T20:00:09+00:00,,
a3_refine_quality,62,refinement,icosphere,object,0.002,0,5,1,0.01,fraction_of_unit_bbox_diagonal,100000,0.0016,15,6,20400,0,0,0.004498,0.004011,0.9821,1.0,0.991,0.92352,False,6,ok,20400,6,0,0,True,0.004323,0.003524,0.9812,1.0,0.9905,0.98243,-0.000175,True,0.05891,0,12th Gen Intel(R) Core(TM) i7-1255U,12,15.68,Windows-10-10.0.26200-SP0,3.11.15,2.4.6,1.17.1,4.12.2,0.48.4,5.0.0,2.13.0+cpu,fd20710,10,False,,"(9, 6, 2)",2026-08-27T20:00:09+00:00,,
a3_refine_quality,63,refinement,icosphere,room,0.002,0,5,1,0.01,fraction_of_unit_bbox_diagonal,100000,0.0016,15,6,20400,0,0,0.004498,0.004011,0.9821,1.0,0.991,0.92352,False,1,ok,20000,1,0,0,True,0.00196,0.003628,1.0,1.0,1.0,0.95684,-0.002538,True,0.03332,5,12th Gen Intel(R) Core(TM) i7-1255U,12,15.68,Windows-10-10.0.26200-SP0,3.11.15,2.4.6,1.17.1,4.12.2,0.48.4,5.0.0,2.13.0+cpu,fd20710,10,False,,"(9, 6, 2)",2026-08-27T20:00:09+00:00,,
a3_refine_quality,64,refinement,icosphere,object,0.002,0,5,2,0.01,fraction_of_unit_bbox_diagonal,100000,0.0016,15,6,20400,0,0,0.003259,0.004043,0.981,1.0,0.9904,0.92137,False,6,ok,20400,6,0,0,True,0.003064,0.003574,0.98,1.0,0.9899,0.98242,-0.000195,True,0.06105,0,12th Gen Intel(R) Core(TM) i7-1255U,12,15.68,Windows-10-10.0.26200-SP0,3.11.15,2.4.6,1.17.1,4.12.2,0.48.4,5.0.0,2.13.0+cpu,fd20710,10,False,,"(9, 6, 2)",2026-08-27T20:00:09+00:00,,
a3_refine_quality,65,refinement,icosphere,room,0.002,0,5,2,0.01,fraction_of_unit_bbox_diagonal,100000,0.0016,15,6,20400,0,0,0.003259,0.004043,0.981,1.0,0.9904,0.92137,False,1,ok,20000,1,0,0,True,0.001999,0.003664,1.0,1.0,1.0,0.95557,-0.00126,True,0.0342,5,12th Gen Intel(R) Core(TM) i7-1255U,12,15.68,Windows-10-10.0.26200-SP0,3.11.15,2.4.6,1.17.1,4.12.2,0.48.4,5.0.0,2.13.0+cpu,fd20710,10,False,,"(9, 6, 2)",2026-08-27T20:00:09+00:00,,
a3_refine_quality,66,refinement,icosphere,object,0.002,0,20,0,0.01,fraction_of_unit_bbox_diagonal,100000,0.0016,15,21,21600,0,0,0.010885,0.185995,0.9257,1.0,0.9614,0.90024,False,21,ok,21600,21,0,0,True,0.010948,0.193831,0.9222,1.0,0.9595,0.95426,6.3e-05,False,0.05402,0,12th Gen Intel(R) Core(TM) i7-1255U,12,15.68,Windows-10-10.0.26200-SP0,3.11.15,2.4.6,1.17.1,4.12.2,0.48.4,5.0.0,2.13.0+cpu,fd20710,10,False,,"(9, 6, 2)",2026-08-27T20:00:09+00:00,,
a3_refine_quality,67,refinement,icosphere,room,0.002,0,20,0,0.01,fraction_of_unit_bbox_diagonal,100000,0.0016,15,21,21600,0,0,0.010885,0.185995,0.9257,1.0,0.9614,0.90024,False,1,ok,20000,1,0,0,True,0.001978,0.003626,1.0,1.0,1.0,0.95652,-0.008907,True,0.05628,20,12th Gen Intel(R) Core(TM) i7-1255U,12,15.68,Windows-10-10.0.26200-SP0,3.11.15,2.4.6,1.17.1,4.12.2,0.48.4,5.0.0,2.13.0+cpu,fd20710,10,False,,"(9, 6, 2)",2026-08-27T20:00:09+00:00,,
a3_refine_quality,68,refinement,icosphere,object,0.002,0,20,1,0.01,fraction_of_unit_bbox_diagonal,100000,0.0016,15,21,21600,0,0,0.010694,0.166454,0.9244,1.0,0.9607,0.89843,False,21,ok,21600,21,0,0,True,0.010742,0.170421,0.9206,1.0,0.9587,0.95306,4.8e-05,False,0.05463,0,12th Gen Intel(R) Core(TM) i7-1255U,12,15.68,Windows-10-10.0.26200-SP0,3.11.15,2.4.6,1.17.1,4.12.2,0.48.4,5.0.0,2.13.0+cpu,fd20710,10,False,,"(9, 6, 2)",2026-08-27T20:00:09+00:00,,
a3_refine_quality,69,refinement,icosphere,room,0.002,0,20,1,0.01,fraction_of_unit_bbox_diagonal,100000,0.0016,15,21,21600,0,0,0.010694,0.166454,0.9244,1.0,0.9607,0.89843,False,1,ok,20000,1,0,0,True,0.00196,0.003628,1.0,1.0,1.0,0.95684,-0.008734,True,0.05841,20,12th Gen Intel(R) Core(TM) i7-1255U,12,15.68,Windows-10-10.0.26200-SP0,3.11.15,2.4.6,1.17.1,4.12.2,0.48.4,5.0.0,2.13.0+cpu,fd20710,10,False,,"(9, 6, 2)",2026-08-27T20:00:09+00:00,,
a3_refine_quality,70,refinement,icosphere,object,0.002,0,20,2,0.01,fraction_of_unit_bbox_diagonal,100000,0.0016,15,21,21600,0,0,0.008982,0.136024,0.9253,1.0,0.9612,0.89605,False,21,ok,21600,21,0,0,True,0.009044,0.14428,0.9216,1.0,0.9592,0.95169,6.2e-05,False,0.05564,0,12th Gen Intel(R) Core(TM) i7-1255U,12,15.68,Windows-10-10.0.26200-SP0,3.11.15,2.4.6,1.17.1,4.12.2,0.48.4,5.0.0,2.13.0+cpu,fd20710,10,False,,"(9, 6, 2)",2026-08-27T20:00:09+00:00,,
a3_refine_quality,71,refinement,icosphere,room,0.002,0,20,2,0.01,fraction_of_unit_bbox_diagonal,100000,0.0016,15,21,21600,0,0,0.008982,0.136024,0.9253,1.0,0.9612,0.89605,False,1,ok,20000,1,0,0,True,0.001999,0.003664,1.0,1.0,1.0,0.95557,-0.006983,True,0.05952,20,12th Gen Intel(R) Core(TM) i7-1255U,12,15.68,Windows-10-10.0.26200-SP0,3.11.15,2.4.6,1.17.1,4.12.2,0.48.4,5.0.0,2.13.0+cpu,fd20710,10,False,,"(9, 6, 2)",2026-08-27T20:00:09+00:00,,
a3_refine_quality,72,refinement,icosphere,object,0.002,5,0,0,0.01,fraction_of_unit_bbox_diagonal,100000,0.0016,15,1,19900,78,0,0.002103,0.003764,1.0,0.9992,0.9996,0.93267,False,1,ok,19964,1,8,0,False,0.001833,0.003306,1.0,1.0,1.0,0.99337,-0.00027,True,0.0607,0,12th Gen Intel(R) Core(TM) i7-1255U,12,15.68,Windows-10-10.0.26200-SP0,3.11.15,2.4.6,1.17.1,4.12.2,0.48.4,5.0.0,2.13.0+cpu,fd20710,10,False,,"(9, 6, 2)",2026-08-27T20:00:09+00:00,,
a3_refine_quality,73,refinement,icosphere,room,0.002,5,0,0,0.01,fraction_of_unit_bbox_diagonal,100000,0.0016,15,1,19900,78,0,0.002103,0.003764,1.0,0.9992,0.9996,0.93267,False,1,ok,19964,1,8,0,False,0.002,0.003636,1.0,1.0,1.0,0.95768,-0.000103,True,0.02501,0,12th Gen Intel(R) Core(TM) i7-1255U,12,15.68,Windows-10-10.0.26200-SP0,3.11.15,2.4.6,1.17.1,4.12.2,0.48.4,5.0.0,2.13.0+cpu,fd20710,10,False,,"(9, 6, 2)",2026-08-27T20:00:09+00:00,,
a3_refine_quality,74,refinement,icosphere,object,0.002,5,0,1,0.01,fraction_of_unit_bbox_diagonal,100000,0.0016,15,1,19900,78,0,0.002093,0.003741,1.0,0.9994,0.9997,0.93279,False,1,ok,19962,1,12,0,False,0.001831,0.003299,1.0,1.0,1.0,0.99325,-0.000262,True,0.06046,0,12th Gen Intel(R) Core(TM) i7-1255U,12,15.68,Windows-10-10.0.26200-SP0,3.11.15,2.4.6,1.17.1,4.12.2,0.48.4,5.0.0,2.13.0+cpu,fd20710,10,False,,"(9, 6, 2)",2026-08-27T20:00:09+00:00,,
a3_refine_quality,75,refinement,icosphere,room,0.002,5,0,1,0.01,fraction_of_unit_bbox_diagonal,100000,0.0016,15,1,19900,78,0,0.002093,0.003741,1.0,0.9994,0.9997,0.93279,False,1,ok,19962,1,12,0,False,0.002003,0.003643,1.0,1.0,1.0,0.95665,-9e-05,True,0.02386,0,12th Gen Intel(R) Core(TM) i7-1255U,12,15.68,Windows-10-10.0.26200-SP0,3.11.15,2.4.6,1.17.1,4.12.2,0.48.4,5.0.0,2.13.0+cpu,fd20710,10,False,,"(9, 6, 2)",2026-08-27T20:00:09+00:00,,
a3_refine_quality,76,refinement,icosphere,object,0.002,5,0,2,0.01,fraction_of_unit_bbox_diagonal,100000,0.0016,15,1,19900,76,0,0.002106,0.003764,1.0,0.9993,0.9996,0.93094,False,1,ok,19966,1,0,0,True,0.001825,0.003285,1.0,1.0,1.0,0.99311,-0.000281,True,0.06217,0,12th Gen Intel(R) Core(TM) i7-1255U,12,15.68,Windows-10-10.0.26200-SP0,3.11.15,2.4.6,1.17.1,4.12.2,0.48.4,5.0.0,2.13.0+cpu,fd20710,10,False,,"(9, 6, 2)",2026-08-27T20:00:09+00:00,,
a3_refine_quality,77,refinement,icosphere,room,0.002,5,0,2,0.01,fraction_of_unit_bbox_diagonal,100000,0.0016,15,1,19900,76,0,0.002106,0.003764,1.0,0.9993,0.9996,0.93094,False,1,ok,19966,1,0,0,True,0.00201,0.003669,1.0,1.0,1.0,0.95427,-9.6e-05,True,0.02333,0,12th Gen Intel(R) Core(TM) i7-1255U,12,15.68,Windows-10-10.0.26200-SP0,3.11.15,2.4.6,1.17.1,4.12.2,0.48.4,5.0.0,2.13.0+cpu,fd20710,10,False,,"(9, 6, 2)",2026-08-27T20:00:09+00:00,,
a3_refine_quality,78,refinement,icosphere,object,0.002,5,5,0,0.01,fraction_of_unit_bbox_diagonal,100000,0.0016,15,6,20300,78,0,0.004898,0.004001,0.9806,0.9991,0.9898,0.92453,False,6,ok,20364,6,8,0,False,0.004765,0.003539,0.9795,1.0,0.9897,0.98353,-0.000133,True,0.059,0,12th Gen Intel(R) Core(TM) i7-1255U,12,15.68,Windows-10-10.0.26200-SP0,3.11.15,2.4.6,1.17.1,4.12.2,0.48.4,5.0.0,2.13.0+cpu,fd20710,10,False,,"(9, 6, 2)",2026-08-27T20:00:09+00:00,,
a3_refine_quality,79,refinement,icosphere,room,0.002,5,5,0,0.01,fraction_of_unit_bbox_diagonal,100000,0.0016,15,6,20300,78,0,0.004898,0.004001,0.9806,0.9991,0.9898,0.92453,False,1,ok,19964,1,8,0,False,0.002,0.003636,1.0,1.0,1.0,0.95768,-0.002898,True,0.03315,5,12th Gen Intel(R) Core(TM) i7-1255U,12,15.68,Windows-10-10.0.26200-SP0,3.11.15,2.4.6,1.17.1,4.12.2,0.48.4,5.0.0,2.13.0+cpu,fd20710,10,False,,"(9, 6, 2)",2026-08-27T20:00:09+00:00,,
a3_refine_quality,80,refinement,icosphere,object,0.002,5,5,1,0.01,fraction_of_unit_bbox_diagonal,100000,0.0016,15,6,20300,78,0,0.004953,0.004006,0.9799,0.9994,0.9896,0.92392,False,6,ok,20362,6,12,0,False,0.004791,0.003549,0.979,1.0,0.9894,0.98323,-0.000162,True,0.05931,0,12th Gen Intel(R) Core(TM) i7-1255U,12,15.68,Windows-10-10.0.26200-SP0,3.11.15,2.4.6,1.17.1,4.12.2,0.48.4,5.0.0,2.13.0+cpu,fd20710,10,False,,"(9, 6, 2)",2026-08-27T20:00:09+00:00,,
a3_refine_quality,81,refinement,icosphere,room,0.002,5,5,1,0.01,fraction_of_unit_bbox_diagonal,100000,0.0016,15,6,20300,78,0,0.004953,0.004006,0.9799,0.9994,0.9896,0.92392,False,1,ok,19962,1,12,0,False,0.002003,0.003643,1.0,1.0,1.0,0.95665,-0.00295,True,0.03273,5,12th Gen Intel(R) Core(TM) i7-1255U,12,15.68,Windows-10-10.0.26200-SP0,3.11.15,2.4.6,1.17.1,4.12.2,0.48.4,5.0.0,2.13.0+cpu,fd20710,10,False,,"(9, 6, 2)",2026-08-27T20:00:09+00:00,,
a3_refine_quality,82,refinement,icosphere,object,0.002,5,5,2,0.01,fraction_of_unit_bbox_diagonal,100000,0.0016,15,6,20300,76,0,0.003298,0.00403,0.9808,0.9995,0.9901,0.92311,False,6,ok,20366,6,0,0,True,0.003051,0.003551,0.9805,1.0,0.9902,0.98094,-0.000247,True,0.05783,0,12th Gen Intel(R) Core(TM) i7-1255U,12,15.68,Windows-10-10.0.26200-SP0,3.11.15,2.4.6,1.17.1,4.12.2,0.48.4,5.0.0,2.13.0+cpu,fd20710,10,False,,"(9, 6, 2)",2026-08-27T20:00:09+00:00,,
a3_refine_quality,83,refinement,icosphere,room,0.002,5,5,2,0.01,fraction_of_unit_bbox_diagonal,100000,0.0016,15,6,20300,76,0,0.003298,0.00403,0.9808,0.9995,0.9901,0.92311,False,1,ok,19966,1,0,0,True,0.00201,0.003669,1.0,1.0,1.0,0.95427,-0.001288,True,0.03116,5,12th Gen Intel(R) Core(TM) i7-1255U,12,15.68,Windows-10-10.0.26200-SP0,3.11.15,2.4.6,1.17.1,4.12.2,0.48.4,5.0.0,2.13.0+cpu,fd20710,10,False,,"(9, 6, 2)",2026-08-27T20:00:09+00:00,,
a3_refine_quality,84,refinement,icosphere,object,0.002,5,20,0,0.01,fraction_of_unit_bbox_diagonal,100000,0.0016,15,21,21500,78,0,0.01003,0.106429,0.9254,0.9993,0.9609,0.89925,False,21,ok,21564,21,8,0,False,0.010073,0.174686,0.9221,1.0,0.9595,0.95384,4.3e-05,False,0.05459,0,12th Gen Intel(R) Core(TM) i7-1255U,12,15.68,Windows-10-10.0.26200-SP0,3.11.15,2.4.6,1.17.1,4.12.2,0.48.4,5.0.0,2.13.0+cpu,fd20710,10,False,,"(9, 6, 2)",2026-08-27T20:00:09+00:00,,
a3_refine_quality,85,refinement,icosphere,room,0.002,5,20,0,0.01,fraction_of_unit_bbox_diagonal,100000,0.0016,15,21,21500,78,0,0.01003,0.106429,0.9254,0.9993,0.9609,0.89925,False,1,ok,19964,1,8,0,False,0.002,0.003636,1.0,1.0,1.0,0.95768,-0.00803,True,0.05843,20,12th Gen Intel(R) Core(TM) i7-1255U,12,15.68,Windows-10-10.0.26200-SP0,3.11.15,2.4.6,1.17.1,4.12.2,0.48.4,5.0.0,2.13.0+cpu,fd20710,10,False,,"(9, 6, 2)",2026-08-27T20:00:09+00:00,,
a3_refine_quality,86,refinement,icosphere,object,0.002,5,20,1,0.01,fraction_of_unit_bbox_diagonal,100000,0.0016,15,21,21500,78,0,0.010241,0.173186,0.926,0.9994,0.9613,0.8992,False,21,ok,21562,21,12,0,False,0.010375,0.192571,0.9225,1.0,0.9597,0.95284,0.000134,False,0.05364,0,12th Gen Intel(R) Core(TM) i7-1255U,12,15.68,Windows-10-10.0.26200-SP0,3.11.15,2.4.6,1.17.1,4.12.2,0.48.4,5.0.0,2.13.0+cpu,fd20710,10,False,,"(9, 6, 2)",2026-08-27T20:00:09+00:00,,
a3_refine_quality,87,refinement,icosphere,room,0.002,5,20,1,0.01,fraction_of_unit_bbox_diagonal,100000,0.0016,15,21,21500,78,0,0.010241,0.173186,0.926,0.9994,0.9613,0.8992,False,1,ok,19962,1,12,0,False,0.002003,0.003643,1.0,1.0,1.0,0.95665,-0.008238,True,0.05745,20,12th Gen Intel(R) Core(TM) i7-1255U,12,15.68,Windows-10-10.0.26200-SP0,3.11.15,2.4.6,1.17.1,4.12.2,0.48.4,5.0.0,2.13.0+cpu,fd20710,10,False,,"(9, 6, 2)",2026-08-27T20:00:09+00:00,,
a3_refine_quality,88,refinement,icosphere,object,0.002,5,20,2,0.01,fraction_of_unit_bbox_diagonal,100000,0.0016,15,21,21500,76,0,0.009372,0.139463,0.9251,0.9993,0.9608,0.89768,False,21,ok,21566,21,0,0,True,0.009192,0.141703,0.9217,1.0,0.9593,0.95118,-0.00018,True,0.0535,0,12th Gen Intel(R) Core(TM) i7-1255U,12,15.68,Windows-10-10.0.26200-SP0,3.11.15,2.4.6,1.17.1,4.12.2,0.48.4,5.0.0,2.13.0+cpu,fd20710,10,False,,"(9, 6, 2)",2026-08-27T20:00:09+00:00,,
a3_refine_quality,89,refinement,icosphere,room,0.002,5,20,2,0.01,fraction_of_unit_bbox_diagonal,100000,0.0016,15,21,21500,76,0,0.009372,0.139463,0.9251,0.9993,0.9608,0.89768,False,1,ok,19966,1,0,0,True,0.00201,0.003669,1.0,1.0,1.0,0.95427,-0.007362,True,0.05659,20,12th Gen Intel(R) Core(TM) i7-1255U,12,15.68,Windows-10-10.0.26200-SP0,3.11.15,2.4.6,1.17.1,4.12.2,0.48.4,5.0.0,2.13.0+cpu,fd20710,10,False,,"(9, 6, 2)",2026-08-27T20:00:09+00:00,,
a3_refine_quality,90,refinement,icosphere,object,0.002,20,0,0,0.01,fraction_of_unit_bbox_diagonal,100000,0.0016,15,1,19600,316,0,0.002131,0.003752,1.0,0.997,0.9985,0.93384,False,1,ok,19876,1,0,0,True,0.001838,0.00331,1.0,1.0,1.0,0.99329,-0.000293,True,0.05945,0,12th Gen Intel(R) Core(TM) i7-1255U,12,15.68,Windows-10-10.0.26200-SP0,3.11.15,2.4.6,1.17.1,4.12.2,0.48.4,5.0.0,2.13.0+cpu,fd20710,10,False,,"(9, 6, 2)",2026-08-27T20:00:09+00:00,,
a3_refine_quality,91,refinement,icosphere,room,0.002,20,0,0,0.01,fraction_of_unit_bbox_diagonal,100000,0.0016,15,1,19600,316,0,0.002131,0.003752,1.0,0.997,0.9985,0.93384,False,1,ok,19876,1,0,0,True,0.002002,0.003631,1.0,1.0,1.0,0.95633,-0.000129,True,0.02249,0,12th Gen Intel(R) Core(TM) i7-1255U,12,15.68,Windows-10-10.0.26200-SP0,3.11.15,2.4.6,1.17.1,4.12.2,0.48.4,5.0.0,2.13.0+cpu,fd20710,10,False,,"(9, 6, 2)",2026-08-27T20:00:09+00:00,,
a3_refine_quality,92,refinement,icosphere,object,0.002,20,0,1,0.01,fraction_of_unit_bbox_diagonal,100000,0.0016,15,1,19600,314,0,0.002123,0.003736,1.0,0.9972,0.9986,0.93227,False,1,ok,19869,1,9,0,False,0.001831,0.003294,1.0,1.0,1.0,0.99329,-0.000292,True,0.06102,0,12th Gen Intel(R) Core(TM) i7-1255U,12,15.68,Windows-10-10.0.26200-SP0,3.11.15,2.4.6,1.17.1,4.12.2,0.48.4,5.0.0,2.13.0+cpu,fd20710,10,False,,"(9, 6, 2)",2026-08-27T20:00:09+00:00,,
a3_refine_quality,93,refinement,icosphere,room,0.002,20,0,1,0.01,fraction_of_unit_bbox_diagonal,100000,0.0016,15,1,19600,314,0,0.002123,0.003736,1.0,0.9972,0.9986,0.93227,False,1,ok,19869,1,9,0,False,0.002001,0.003667,1.0,1.0,1.0,0.95618,-0.000122,True,0.02391,0,12th Gen Intel(R) Core(TM) i7-1255U,12,15.68,Windows-10-10.0.26200-SP0,3.11.15,2.4.6,1.17.1,4.12.2,0.48.4,5.0.0,2.13.0+cpu,fd20710,10,False,,"(9, 6, 2)",2026-08-27T20:00:09+00:00,,
a3_refine_quality,94,refinement,icosphere,object,0.002,20,0,2,0.01,fraction_of_unit_bbox_diagonal,100000,0.0016,15,1,19602,298,0,0.002142,0.003771,1.0,0.9961,0.998,0.93186,False,1,ok,19838,1,28,0,False,0.001835,0.003298,1.0,0.9996,0.9998,0.99285,-0.000307,True,0.06099,0,12th Gen Intel(R) Core(TM) i7-1255U,12,15.68,Windows-10-10.0.26200-SP0,3.11.15,2.4.6,1.17.1,4.12.2,0.48.4,5.0.0,2.13.0+cpu,fd20710,10,False,,"(9, 6, 2)",2026-08-27T20:00:09+00:00,,
a3_refine_quality,95,refinement,icosphere,room,0.002,20,0,2,0.01,fraction_of_unit_bbox_diagonal,100000,0.0016,15,1,19602,298,0,0.002142,0.003771,1.0,0.9961,0.998,0.93186,False,1,ok,19838,1,28,0,False,0.002018,0.003677,1.0,0.9996,0.9998,0.95383,-0.000124,True,0.02197,0,12th Gen Intel(R) Core(TM) i7-1255U,12,15.68,Windows-10-10.0.26200-SP0,3.11.15,2.4.6,1.17.1,4.12.2,0.48.4,5.0.0,2.13.0+cpu,fd20710,10,False,,"(9, 6, 2)",2026-08-27T20:00:09+00:00,,
a3_refine_quality,96,refinement,icosphere,object,0.002,20,5,0,0.01,fraction_of_unit_bbox_diagonal,100000,0.0016,15,6,20000,316,0,0.004523,0.004014,0.9803,0.9972,0.9887,0.92499,False,6,ok,20276,6,0,0,True,0.004446,0.003561,0.9783,1.0,0.989,0.98271,-7.7e-05,True,0.05772,0,12th Gen Intel(R) Core(TM) i7-1255U,12,15.68,Windows-10-10.0.26200-SP0,3.11.15,2.4.6,1.17.1,4.12.2,0.48.4,5.0.0,2.13.0+cpu,fd20710,10,False,,"(9, 6, 2)",2026-08-27T20:00:09+00:00,,
a3_refine_quality,97,refinement,icosphere,room,0.002,20,5,0,0.01,fraction_of_unit_bbox_diagonal,100000,0.0016,15,6,20000,316,0,0.004523,0.004014,0.9803,0.9972,0.9887,0.92499,False,1,ok,19876,1,0,0,True,0.002002,0.003631,1.0,1.0,1.0,0.95633,-0.002521,True,0.03134,5,12th Gen Intel(R) Core(TM) i7-1255U,12,15.68,Windows-10-10.0.26200-SP0,3.11.15,2.4.6,1.17.1,4.12.2,0.48.4,5.0.0,2.13.0+cpu,fd20710,10,False,,"(9, 6, 2)",2026-08-27T20:00:09+00:00,,
a3_refine_quality,98,refinement,icosphere,object,0.002,20,5,1,0.01,fraction_of_unit_bbox_diagonal,100000,0.0016,15,6,20000,314,0,0.003711,0.004014,0.9796,0.9969,0.9882,0.92377,False,6,ok,20269,6,9,0,False,0.003524,0.003569,0.9786,1.0,0.9892,0.98232,-0.000187,True,0.05855,0,12th Gen Intel(R) Core(TM) i7-1255U,12,15.68,Windows-10-10.0.26200-SP0,3.11.15,2.4.6,1.17.1,4.12.2,0.48.4,5.0.0,2.13.0+cpu,fd20710,10,False,,"(9, 6, 2)",2026-08-27T20:00:09+00:00,,
a3_refine_quality,99,refinement,icosphere,room,0.002,20,5,1,0.01,fraction_of_unit_bbox_diagonal,100000,0.0016,15,6,20000,314,0,0.003711,0.004014,0.9796,0.9969,0.9882,0.92377,False,1,ok,19869,1,9,0,False,0.002001,0.003667,1.0,1.0,1.0,0.95618,-0.00171,True,0.03241,5,12th Gen Intel(R) Core(TM) i7-1255U,12,15.68,Windows-10-10.0.26200-SP0,3.11.15,2.4.6,1.17.1,4.12.2,0.48.4,5.0.0,2.13.0+cpu,fd20710,10,False,,"(9, 6, 2)",2026-08-27T20:00:09+00:00,,
a3_refine_quality,100,refinement,icosphere,object,0.002,20,5,2,0.01,fraction_of_unit_bbox_diagonal,100000,0.0016,15,6,20002,298,0,0.00404,0.00408,0.9784,0.9961,0.9872,0.92258,False,6,ok,20238,6,28,0,False,0.003777,0.00356,0.9779,0.9996,0.9887,0.98121,-0.000263,True,0.05863,0,12th Gen Intel(R) Core(TM) i7-1255U,12,15.68,Windows-10-10.0.26200-SP0,3.11.15,2.4.6,1.17.1,4.12.2,0.48.4,5.0.0,2.13.0+cpu,fd20710,10,False,,"(9, 6, 2)",2026-08-27T20:00:09+00:00,,
a3_refine_quality,101,refinement,icosphere,room,0.002,20,5,2,0.01,fraction_of_unit_bbox_diagonal,100000,0.0016,15,6,20002,298,0,0.00404,0.00408,0.9784,0.9961,0.9872,0.92258,False,1,ok,19838,1,28,0,False,0.002018,0.003677,1.0,0.9996,0.9998,0.95383,-0.002022,True,0.03125,5,12th Gen Intel(R) Core(TM) i7-1255U,12,15.68,Windows-10-10.0.26200-SP0,3.11.15,2.4.6,1.17.1,4.12.2,0.48.4,5.0.0,2.13.0+cpu,fd20710,10,False,,"(9, 6, 2)",2026-08-27T20:00:09+00:00,,
a3_refine_quality,102,refinement,icosphere,object,0.002,20,20,0,0.01,fraction_of_unit_bbox_diagonal,100000,0.0016,15,21,21200,316,0,0.008999,0.099308,0.9244,0.9973,0.9595,0.89976,False,21,ok,21476,21,0,0,True,0.008914,0.104255,0.9209,1.0,0.9588,0.95375,-8.5e-05,True,0.05399,0,12th Gen Intel(R) Core(TM) i7-1255U,12,15.68,Windows-10-10.0.26200-SP0,3.11.15,2.4.6,1.17.1,4.12.2,0.48.4,5.0.0,2.13.0+cpu,fd20710,10,False,,"(9, 6, 2)",2026-08-27T20:00:09+00:00,,
a3_refine_quality,103,refinement,icosphere,room,0.002,20,20,0,0.01,fraction_of_unit_bbox_diagonal,100000,0.0016,15,21,21200,316,0,0.008999,0.099308,0.9244,0.9973,0.9595,0.89976,False,1,ok,19876,1,0,0,True,0.002002,0.003631,1.0,1.0,1.0,0.95633,-0.006997,True,0.05657,20,12th Gen Intel(R) Core(TM) i7-1255U,12,15.68,Windows-10-10.0.26200-SP0,3.11.15,2.4.6,1.17.1,4.12.2,0.48.4,5.0.0,2.13.0+cpu,fd20710,10,False,,"(9, 6, 2)",2026-08-27T20:00:09+00:00,,
a3_refine_quality,104,refinement,icosphere,object,0.002,20,20,1,0.01,fraction_of_unit_bbox_diagonal,100000,0.0016,15,21,21200,314,0,0.009368,0.145202,0.925,0.9966,0.9595,0.89695,False,21,ok,21469,21,9,0,False,0.009399,0.153355,0.9238,1.0,0.9604,0.95377,3.1e-05,False,0.05682,0,12th Gen Intel(R) Core(TM) i7-1255U,12,15.68,Windows-10-10.0.26200-SP0,3.11.15,2.4.6,1.17.1,4.12.2,0.48.4,5.0.0,2.13.0+cpu,fd20710,10,False,,"(9, 6, 2)",2026-08-27T20:00:09+00:00,,
a3_refine_quality,105,refinement,icosphere,room,0.002,20,20,1,0.01,fraction_of_unit_bbox_diagonal,100000,0.0016,15,21,21200,314,0,0.009368,0.145202,0.925,0.9966,0.9595,0.89695,False,1,ok,19869,1,9,0,False,0.002001,0.003667,1.0,1.0,1.0,0.95618,-0.007367,True,0.05923,20,12th Gen Intel(R) Core(TM) i7-1255U,12,15.68,Windows-10-10.0.26200-SP0,3.11.15,2.4.6,1.17.1,4.12.2,0.48.4,5.0.0,2.13.0+cpu,fd20710,10,False,,"(9, 6, 2)",2026-08-27T20:00:09+00:00,,
a3_refine_quality,106,refinement,icosphere,object,0.002,20,20,2,0.01,fraction_of_unit_bbox_diagonal,100000,0.0016,15,21,21202,298,0,0.010566,0.169615,0.9219,0.9963,0.9577,0.89619,False,21,ok,21438,21,28,0,False,0.010531,0.172773,0.9196,0.9996,0.9579,0.9514,-3.5e-05,True,0.05521,0,12th Gen Intel(R) Core(TM) i7-1255U,12,15.68,Windows-10-10.0.26200-SP0,3.11.15,2.4.6,1.17.1,4.12.2,0.48.4,5.0.0,2.13.0+cpu,fd20710,10,False,,"(9, 6, 2)",2026-08-27T20:00:09+00:00,,
a3_refine_quality,107,refinement,icosphere,room,0.002,20,20,2,0.01,fraction_of_unit_bbox_diagonal,100000,0.0016,15,21,21202,298,0,0.010566,0.169615,0.9219,0.9963,0.9577,0.89619,False,1,ok,19838,1,28,0,False,0.002018,0.003677,1.0,0.9996,0.9998,0.95383,-0.008548,True,0.05764,20,12th Gen Intel(R) Core(TM) i7-1255U,12,15.68,Windows-10-10.0.26200-SP0,3.11.15,2.4.6,1.17.1,4.12.2,0.48.4,5.0.0,2.13.0+cpu,fd20710,10,False,,"(9, 6, 2)",2026-08-27T20:00:09+00:00,,
a3_refine_quality,108,refinement,icosphere,object,0.005,0,0,0,0.01,fraction_of_unit_bbox_diagonal,100000,0.0016,15,1,20000,0,0,0.00324,0.00744,0.9911,1.0,0.9955,0.69791,False,1,ok,20000,1,0,0,True,0.002491,0.004692,1.0,1.0,1.0,0.95891,-0.000749,True,0.261,0,12th Gen Intel(R) Core(TM) i7-1255U,12,15.68,Windows-10-10.0.26200-SP0,3.11.15,2.4.6,1.17.1,4.12.2,0.48.4,5.0.0,2.13.0+cpu,fd20710,10,False,,"(9, 6, 2)",2026-08-27T20:00:09+00:00,,
a3_refine_quality,109,refinement,icosphere,room,0.005,0,0,0,0.01,fraction_of_unit_bbox_diagonal,100000,0.0016,15,1,20000,0,0,0.00324,0.00744,0.9911,1.0,0.9955,0.69791,False,1,ok,20000,1,0,0,True,0.003232,0.007419,0.991,1.0,0.9955,0.69589,-8e-06,True,-0.00202,0,12th Gen Intel(R) Core(TM) i7-1255U,12,15.68,Windows-10-10.0.26200-SP0,3.11.15,2.4.6,1.17.1,4.12.2,0.48.4,5.0.0,2.13.0+cpu,fd20710,10,False,,"(9, 6, 2)",2026-08-27T20:00:09+00:00,,
a3_refine_quality,110,refinement,icosphere,object,0.005,0,0,1,0.01,fraction_of_unit_bbox_diagonal,100000,0.0016,15,1,20000,0,0,0.003235,0.007417,0.9902,1.0,0.9951,0.70181,False,1,ok,20000,1,0,0,True,0.002496,0.004608,1.0,1.0,1.0,0.95991,-0.000739,True,0.2581,0,12th Gen Intel(R) Core(TM) i7-1255U,12,15.68,Windows-10-10.0.26200-SP0,3.11.15,2.4.6,1.17.1,4.12.2,0.48.4,5.0.0,2.13.0+cpu,fd20710,10,False,,"(9, 6, 2)",2026-08-27T20:00:09+00:00,,
a3_refine_quality,111,refinement,icosphere,room,0.005,0,0,1,0.01,fraction_of_unit_bbox_diagonal,100000,0.0016,15,1,20000,0,0,0.003235,0.007417,0.9902,1.0,0.9951,0.70181,False,1,ok,20000,1,0,0,True,0.003237,0.007403,0.99,1.0,0.995,0.6973,2e-06,False,-0.00451,0,12th Gen Intel(R) Core(TM) i7-1255U,12,15.68,Windows-10-10.0.26200-SP0,3.11.15,2.4.6,1.17.1,4.12.2,0.48.4,5.0.0,2.13.0+cpu,fd20710,10,False,,"(9, 6, 2)",2026-08-27T20:00:09+00:00,,
a3_refine_quality,112,refinement,icosphere,object,0.005,0,0,2,0.01,fraction_of_unit_bbox_diagonal,100000,0.0016,15,1,20000,0,0,0.003265,0.007571,0.9897,1.0,0.9948,0.69848,False,1,ok,20000,1,0,0,True,0.002524,0.004687,1.0,1.0,1.0,0.95813,-0.000741,True,0.25965,0,12th Gen Intel(R) Core(TM) i7-1255U,12,15.68,Windows-10-10.0.26200-SP0,3.11.15,2.4.6,1.17.1,4.12.2,0.48.4,5.0.0,2.13.0+cpu,fd20710,10,False,,"(9, 6, 2)",2026-08-27T20:00:09+00:00,,
a3_refine_quality,113,refinement,icosphere,room,0.005,0,0,2,0.01,fraction_of_unit_bbox_diagonal,100000,0.0016,15,1,20000,0,0,0.003265,0.007571,0.9897,1.0,0.9948,0.69848,False,1,ok,20000,1,0,0,True,0.003262,0.00758,0.9896,1.0,0.9948,0.699,-3e-06,True,0.00052,0,12th Gen Intel(R) Core(TM) i7-1255U,12,15.68,Windows-10-10.0.26200-SP0,3.11.15,2.4.6,1.17.1,4.12.2,0.48.4,5.0.0,2.13.0+cpu,fd20710,10,False,,"(9, 6, 2)",2026-08-27T20:00:09+00:00,,
a3_refine_quality,114,refinement,icosphere,object,0.005,0,5,0,0.01,fraction_of_unit_bbox_diagonal,100000,0.0016,15,6,20400,0,0,0.005336,0.007873,0.9792,1.0,0.9895,0.69486,False,6,ok,20400,6,0,0,True,0.00578,0.005101,0.9804,1.0,0.9901,0.95031,0.000444,False,0.25545,0,12th Gen Intel(R) Core(TM) i7-1255U,12,15.68,Windows-10-10.0.26200-SP0,3.11.15,2.4.6,1.17.1,4.12.2,0.48.4,5.0.0,2.13.0+cpu,fd20710,10,False,,"(9, 6, 2)",2026-08-27T20:00:09+00:00,,
a3_refine_quality,115,refinement,icosphere,room,0.005,0,5,0,0.01,fraction_of_unit_bbox_diagonal,100000,0.0016,15,6,20400,0,0,0.005336,0.007873,0.9792,1.0,0.9895,0.69486,False,1,ok,20000,1,0,0,True,0.003232,0.007419,0.991,1.0,0.9955,0.69589,-0.002104,True,0.00103,5,12th Gen Intel(R) Core(TM) i7-1255U,12,15.68,Windows-10-10.0.26200-SP0,3.11.15,2.4.6,1.17.1,4.12.2,0.48.4,5.0.0,2.13.0+cpu,fd20710,10,False,,"(9, 6, 2)",2026-08-27T20:00:09+00:00,,
a3_refine_quality,116,refinement,icosphere,object,0.005,0,5,1,0.01,fraction_of_unit_bbox_diagonal,100000,0.0016,15,6,20400,0,0,0.004834,0.007864,0.9781,1.0,0.9889,0.69878,False,6,ok,20400,6,0,0,True,0.004911,0.00499,0.9817,1.0,0.9908,0.95029,7.7e-05,False,0.25151,0,12th Gen Intel(R) Core(TM) i7-1255U,12,15.68,Windows-10-10.0.26200-SP0,3.11.15,2.4.6,1.17.1,4.12.2,0.48.4,5.0.0,2.13.0+cpu,fd20710,10,False,,"(9, 6, 2)",2026-08-27T20:00:09+00:00,,
a3_refine_quality,117,refinement,icosphere,room,0.005,0,5,1,0.01,fraction_of_unit_bbox_diagonal,100000,0.0016,15,6,20400,0,0,0.004834,0.007864,0.9781,1.0,0.9889,0.69878,False,1,ok,20000,1,0,0,True,0.003237,0.007403,0.99,1.0,0.995,0.6973,-0.001597,True,-0.00148,5,12th Gen Intel(R) Core(TM) i7-1255U,12,15.68,Windows-10-10.0.26200-SP0,3.11.15,2.4.6,1.17.1,4.12.2,0.48.4,5.0.0,2.13.0+cpu,fd20710,10,False,,"(9, 6, 2)",2026-08-27T20:00:09+00:00,,
a3_refine_quality,118,refinement,icosphere,object,0.005,0,5,2,0.01,fraction_of_unit_bbox_diagonal,100000,0.0016,15,6,20400,0,0,0.004017,0.007994,0.9775,1.0,0.9886,0.69209,False,6,ok,20400,6,0,0,True,0.003698,0.005082,0.9807,1.0,0.9903,0.94721,-0.000319,True,0.25512,0,12th Gen Intel(R) Core(TM) i7-1255U,12,15.68,Windows-10-10.0.26200-SP0,3.11.15,2.4.6,1.17.1,4.12.2,0.48.4,5.0.0,2.13.0+cpu,fd20710,10,False,,"(9, 6, 2)",2026-08-27T20:00:09+00:00,,
a3_refine_quality,119,refinement,icosphere,room,0.005,0,5,2,0.01,fraction_of_unit_bbox_diagonal,100000,0.0016,15,6,20400,0,0,0.004017,0.007994,0.9775,1.0,0.9886,0.69209,False,1,ok,20000,1,0,0,True,0.003262,0.00758,0.9896,1.0,0.9948,0.699,-0.000755,True,0.00691,5,12th Gen Intel(R) Core(TM) i7-1255U,12,15.68,Windows-10-10.0.26200-SP0,3.11.15,2.4.6,1.17.1,4.12.2,0.48.4,5.0.0,2.13.0+cpu,fd20710,10,False,,"(9, 6, 2)",2026-08-27T20:00:09+00:00,,
a3_refine_quality,120,refinement,icosphere,object,0.005,0,20,0,0.01,fraction_of_unit_bbox_diagonal,100000,0.0016,15,21,21600,0,0,0.00914,0.014592,0.9414,1.0,0.9698,0.69189,False,21,ok,21600,21,0,0,True,0.011263,0.187751,0.9248,1.0,0.9609,0.92298,0.002123,False,0.23109,0,12th Gen Intel(R) Core(TM) i7-1255U,12,15.68,Windows-10-10.0.26200-SP0,3.11.15,2.4.6,1.17.1,4.12.2,0.48.4,5.0.0,2.13.0+cpu,fd20710,10,False,,"(9, 6, 2)",2026-08-27T20:00:09+00:00,,
a3_refine_quality,121,refinement,icosphere,room,0.005,0,20,0,0.01,fraction_of_unit_bbox_diagonal,100000,0.0016,15,21,21600,0,0,0.00914,0.014592,0.9414,1.0,0.9698,0.69189,False,1,ok,20000,1,0,0,True,0.003232,0.007419,0.991,1.0,0.9955,0.69589,-0.005908,True,0.004,20,12th Gen Intel(R) Core(TM) i7-1255U,12,15.68,Windows-10-10.0.26200-SP0,3.11.15,2.4.6,1.17.1,4.12.2,0.48.4,5.0.0,2.13.0+cpu,fd20710,10,False,,"(9, 6, 2)",2026-08-27T20:00:09+00:00,,
a3_refine_quality,122,refinement,icosphere,object,0.005,0,20,1,0.01,fraction_of_unit_bbox_diagonal,100000,0.0016,15,21,21600,0,0,0.008974,0.017539,0.9396,1.0,0.9689,0.69193,False,21,ok,21600,21,0,0,True,0.01112,0.165208,0.923,1.0,0.9599,0.92238,0.002146,False,0.23045,0,12th Gen Intel(R) Core(TM) i7-1255U,12,15.68,Windows-10-10.0.26200-SP0,3.11.15,2.4.6,1.17.1,4.12.2,0.48.4,5.0.0,2.13.0+cpu,fd20710,10,False,,"(9, 6, 2)",2026-08-27T20:00:09+00:00,,
a3_refine_quality,123,refinement,icosphere,room,0.005,0,20,1,0.01,fraction_of_unit_bbox_diagonal,100000,0.0016,15,21,21600,0,0,0.008974,0.017539,0.9396,1.0,0.9689,0.69193,False,1,ok,20000,1,0,0,True,0.003237,0.007403,0.99,1.0,0.995,0.6973,-0.005737,True,0.00537,20,12th Gen Intel(R) Core(TM) i7-1255U,12,15.68,Windows-10-10.0.26200-SP0,3.11.15,2.4.6,1.17.1,4.12.2,0.48.4,5.0.0,2.13.0+cpu,fd20710,10,False,,"(9, 6, 2)",2026-08-27T20:00:09+00:00,,
a3_refine_quality,124,refinement,icosphere,object,0.005,0,20,2,0.01,fraction_of_unit_bbox_diagonal,100000,0.0016,15,21,21600,0,0,0.007981,0.07575,0.9385,1.0,0.9683,0.68036,False,21,ok,21600,21,0,0,True,0.00945,0.137697,0.924,1.0,0.9605,0.92156,0.001469,False,0.2412,0,12th Gen Intel(R) Core(TM) i7-1255U,12,15.68,Windows-10-10.0.26200-SP0,3.11.15,2.4.6,1.17.1,4.12.2,0.48.4,5.0.0,2.13.0+cpu,fd20710,10,False,,"(9, 6, 2)",2026-08-27T20:00:09+00:00,,
a3_refine_quality,125,refinement,icosphere,room,0.005,0,20,2,0.01,fraction_of_unit_bbox_diagonal,100000,0.0016,15,21,21600,0,0,0.007981,0.07575,0.9385,1.0,0.9683,0.68036,False,1,ok,20000,1,0,0,True,0.003262,0.00758,0.9896,1.0,0.9948,0.699,-0.004719,True,0.01864,20,12th Gen Intel(R) Core(TM) i7-1255U,12,15.68,Windows-10-10.0.26200-SP0,3.11.15,2.4.6,1.17.1,4.12.2,0.48.4,5.0.0,2.13.0+cpu,fd20710,10,False,,"(9, 6, 2)",2026-08-27T20:00:09+00:00,,
a3_refine_quality,126,refinement,icosphere,object,0.005,5,0,0,0.01,fraction_of_unit_bbox_diagonal,100000,0.0016,15,1,19900,78,0,0.003248,0.007452,0.9913,0.9993,0.9953,0.70112,False,1,ok,19958,1,20,1,False,0.002504,0.004707,0.9999,1.0,1.0,0.95863,-0.000744,True,0.25751,0,12th Gen Intel(R) Core(TM) i7-1255U,12,15.68,Windows-10-10.0.26200-SP0,3.11.15,2.4.6,1.17.1,4.12.2,0.48.4,5.0.0,2.13.0+cpu,fd20710,10,False,,"(9, 6, 2)",2026-08-27T20:00:09+00:00,,
a3_refine_quality,127,refinement,icosphere,room,0.005,5,0,0,0.01,fraction_of_unit_bbox_diagonal,100000,0.0016,15,1,19900,78,0,0.003248,0.007452,0.9913,0.9993,0.9953,0.70112,False,1,ok,19958,1,20,1,False,0.003233,0.007435,0.9911,1.0,0.9955,0.70061,-1.5e-05,True,-0.00051,0,12th Gen Intel(R) Core(TM) i7-1255U,12,15.68,Windows-10-10.0.26200-SP0,3.11.15,2.4.6,1.17.1,4.12.2,0.48.4,5.0.0,2.13.0+cpu,fd20710,10,False,,"(9, 6, 2)",2026-08-27T20:00:09+00:00,,
a3_refine_quality,128,refinement,icosphere,object,0.005,5,0,1,0.01,fraction_of_unit_bbox_diagonal,100000,0.0016,15,1,19900,78,0,0.00325,0.007426,0.9903,0.9995,0.9949,0.70009,False,1,ok,19953,1,25,0,False,0.002506,0.004634,1.0,1.0,1.0,0.95899,-0.000744,True,0.2589,0,12th Gen Intel(R) Core(TM) i7-1255U,12,15.68,Windows-10-10.0.26200-SP0,3.11.15,2.4.6,1.17.1,4.12.2,0.48.4,5.0.0,2.13.0+cpu,fd20710,10,False,,"(9, 6, 2)",2026-08-27T20:00:09+00:00,,
a3_refine_quality,129,refinement,icosphere,room,0.005,5,0,1,0.01,fraction_of_unit_bbox_diagonal,100000,0.0016,15,1,19900,78,0,0.00325,0.007426,0.9903,0.9995,0.9949,0.70009,False,1,ok,19953,1,25,0,False,0.003244,0.007433,0.9903,1.0,0.9951,0.70215,-6e-06,True,0.00206,0,12th Gen Intel(R) Core(TM) i7-1255U,12,15.68,Windows-10-10.0.26200-SP0,3.11.15,2.4.6,1.17.1,4.12.2,0.48.4,5.0.0,2.13.0+cpu,fd20710,10,False,,"(9, 6, 2)",2026-08-27T20:00:09+00:00,,
a3_refine_quality,130,refinement,icosphere,object,0.005,5,0,2,0.01,fraction_of_unit_bbox_diagonal,100000,0.0016,15,1,19900,76,0,0.003275,0.007582,0.9897,0.9994,0.9945,0.69549,False,1,ok,19955,1,21,1,False,0.002533,0.004712,1.0,1.0,1.0,0.95683,-0.000742,True,0.26134,0,12th Gen Intel(R) Core(TM) i7-1255U,12,15.68,Windows-10-10.0.26200-SP0,3.11.15,2.4.6,1.17.1,4.12.2,0.48.4,5.0.0,2.13.0+cpu,fd20710,10,False,,"(9, 6, 2)",2026-08-27T20:00:09+00:00,,
a3_refine_quality,131,refinement,icosphere,room,0.005,5,0,2,0.01,fraction_of_unit_bbox_diagonal,100000,0.0016,15,1,19900,76,0,0.003275,0.007582,0.9897,0.9994,0.9945,0.69549,False,1,ok,19955,1,21,1,False,0.003255,0.007545,0.9902,1.0,0.9951,0.69865,-2e-05,True,0.00316,0,12th Gen Intel(R) Core(TM) i7-1255U,12,15.68,Windows-10-10.0.26200-SP0,3.11.15,2.4.6,1.17.1,4.12.2,0.48.4,5.0.0,2.13.0+cpu,fd20710,10,False,,"(9, 6, 2)",2026-08-27T20:00:09+00:00,,
a3_refine_quality,132,refinement,icosphere,object,0.005,5,5,0,0.01,fraction_of_unit_bbox_diagonal,100000,0.0016,15,6,20300,78,0,0.00505,0.007878,0.9784,0.9993,0.9887,0.69706,False,6,ok,20358,6,20,1,False,0.005317,0.005136,0.9801,1.0,0.99,0.95028,0.000267,False,0.25322,0,12th Gen Intel(R) Core(TM) i7-1255U,12,15.68,Windows-10-10.0.26200-SP0,3.11.15,2.4.6,1.17.1,4.12.2,0.48.4,5.0.0,2.13.0+cpu,fd20710,10,False,,"(9, 6, 2)",2026-08-27T20:00:09+00:00,,
a3_refine_quality,133,refinement,icosphere,room,0.005,5,5,0,0.01,fraction_of_unit_bbox_diagonal,100000,0.0016,15,6,20300,78,0,0.00505,0.007878,0.9784,0.9993,0.9887,0.69706,False,1,ok,19958,1,20,1,False,0.003233,0.007435,0.9911,1.0,0.9955,0.70061,-0.001817,True,0.00355,5,12th Gen Intel(R) Core(TM) i7-1255U,12,15.68,Windows-10-10.0.26200-SP0,3.11.15,2.4.6,1.17.1,4.12.2,0.48.4,5.0.0,2.13.0+cpu,fd20710,10,False,,"(9, 6, 2)",2026-08-27T20:00:09+00:00,,
a3_refine_quality,134,refinement,icosphere,object,0.005,5,5,1,0.01,fraction_of_unit_bbox_diagonal,100000,0.0016,15,6,20300,78,0,0.005156,0.007931,0.9766,0.9996,0.9879,0.69714,False,6,ok,20353,6,25,0,False,0.005359,0.00502,0.9796,1.0,0.9897,0.94899,0.000203,False,0.25185,0,12th Gen Intel(R) Core(TM) i7-1255U,12,15.68,Windows-10-10.0.26200-SP0,3.11.15,2.4.6,1.17.1,4.12.2,0.48.4,5.0.0,2.13.0+cpu,fd20710,10,False,,"(9, 6, 2)",2026-08-27T20:00:09+00:00,,
a3_refine_quality,135,refinement,icosphere,room,0.005,5,5,1,0.01,fraction_of_unit_bbox_diagonal,100000,0.0016,15,6,20300,78,0,0.005156,0.007931,0.9766,0.9996,0.9879,0.69714,False,1,ok,19953,1,25,0,False,0.003244,0.007433,0.9903,1.0,0.9951,0.70215,-0.001912,True,0.00501,5,12th Gen Intel(R) Core(TM) i7-1255U,12,15.68,Windows-10-10.0.26200-SP0,3.11.15,2.4.6,1.17.1,4.12.2,0.48.4,5.0.0,2.13.0+cpu,fd20710,10,False,,"(9, 6, 2)",2026-08-27T20:00:09+00:00,,
a3_refine_quality,136,refinement,icosphere,object,0.005,5,5,2,0.01,fraction_of_unit_bbox_diagonal,100000,0.0016,15,6,20300,76,0,0.004061,0.008026,0.9773,0.9991,0.9881,0.69386,False,6,ok,20355,6,21,1,False,0.003681,0.005082,0.9813,1.0,0.9906,0.9472,-0.00038,True,0.25334,0,12th Gen Intel(R) Core(TM) i7-1255U,12,15.68,Windows-10-10.0.26200-SP0,3.11.15,2.4.6,1.17.1,4.12.2,0.48.4,5.0.0,2.13.0+cpu,fd20710,10,False,,"(9, 6, 2)",2026-08-27T20:00:09+00:00,,
a3_refine_quality,137,refinement,icosphere,room,0.005,5,5,2,0.01,fraction_of_unit_bbox_diagonal,100000,0.0016,15,6,20300,76,0,0.004061,0.008026,0.9773,0.9991,0.9881,0.69386,False,1,ok,19955,1,21,1,False,0.003255,0.007545,0.9902,1.0,0.9951,0.69865,-0.000806,True,0.00479,5,12th Gen Intel(R) Core(TM) i7-1255U,12,15.68,Windows-10-10.0.26200-SP0,3.11.15,2.4.6,1.17.1,4.12.2,0.48.4,5.0.0,2.13.0+cpu,fd20710,10,False,,"(9, 6, 2)",2026-08-27T20:00:09+00:00,,
a3_refine_quality,138,refinement,icosphere,object,0.005,5,20,0,0.01,fraction_of_unit_bbox_diagonal,100000,0.0016,15,21,21500,78,0,0.008479,0.014297,0.9413,0.9992,0.9694,0.69024,False,21,ok,21558,21,20,1,False,0.010481,0.167249,0.9246,1.0,0.9608,0.92347,0.002002,False,0.23323,0,12th Gen Intel(R) Core(TM) i7-1255U,12,15.68,Windows-10-10.0.26200-SP0,3.11.15,2.4.6,1.17.1,4.12.2,0.48.4,5.0.0,2.13.0+cpu,fd20710,10,False,,"(9, 6, 2)",2026-08-27T20:00:09+00:00,,
a3_refine_quality,139,refinement,icosphere,room,0.005,5,20,0,0.01,fraction_of_unit_bbox_diagonal,100000,0.0016,15,21,21500,78,0,0.008479,0.014297,0.9413,0.9992,0.9694,0.69024,False,1,ok,19958,1,20,1,False,0.003233,0.007435,0.9911,1.0,0.9955,0.70061,-0.005246,True,0.01037,20,12th Gen Intel(R) Core(TM) i7-1255U,12,15.68,Windows-10-10.0.26200-SP0,3.11.15,2.4.6,1.17.1,4.12.2,0.48.4,5.0.0,2.13.0+cpu,fd20710,10,False,,"(9, 6, 2)",2026-08-27T20:00:09+00:00,,
a3_refine_quality,140,refinement,icosphere,object,0.005,5,20,1,0.01,fraction_of_unit_bbox_diagonal,100000,0.0016,15,21,21500,78,0,0.00877,0.013323,0.94,0.9995,0.9688,0.68688,False,21,ok,21553,21,25,0,False,0.010735,0.174328,0.9251,1.0,0.9611,0.92243,0.001965,False,0.23555,0,12th Gen Intel(R) Core(TM) i7-1255U,12,15.68,Windows-10-10.0.26200-SP0,3.11.15,2.4.6,1.17.1,4.12.2,0.48.4,5.0.0,2.13.0+cpu,fd20710,10,False,,"(9, 6, 2)",2026-08-27T20:00:09+00:00,,
a3_refine_quality,141,refinement,icosphere,room,0.005,5,20,1,0.01,fraction_of_unit_bbox_diagonal,100000,0.0016,15,21,21500,78,0,0.00877,0.013323,0.94,0.9995,0.9688,0.68688,False,1,ok,19953,1,25,0,False,0.003244,0.007433,0.9903,1.0,0.9951,0.70215,-0.005526,True,0.01527,20,12th Gen Intel(R) Core(TM) i7-1255U,12,15.68,Windows-10-10.0.26200-SP0,3.11.15,2.4.6,1.17.1,4.12.2,0.48.4,5.0.0,2.13.0+cpu,fd20710,10,False,,"(9, 6, 2)",2026-08-27T20:00:09+00:00,,
a3_refine_quality,142,refinement,icosphere,object,0.005,5,20,2,0.01,fraction_of_unit_bbox_diagonal,100000,0.0016,15,21,21500,76,0,0.008169,0.021505,0.9388,0.9991,0.968,0.6839,False,21,ok,21555,21,21,1,False,0.009543,0.136693,0.9245,1.0,0.9608,0.92017,0.001374,False,0.23627,0,12th Gen Intel(R) Core(TM) i7-1255U,12,15.68,Windows-10-10.0.26200-SP0,3.11.15,2.4.6,1.17.1,4.12.2,0.48.4,5.0.0,2.13.0+cpu,fd20710,10,False,,"(9, 6, 2)",2026-08-27T20:00:09+00:00,,
a3_refine_quality,143,refinement,icosphere,room,0.005,5,20,2,0.01,fraction_of_unit_bbox_diagonal,100000,0.0016,15,21,21500,76,0,0.008169,0.021505,0.9388,0.9991,0.968,0.6839,False,1,ok,19955,1,21,1,False,0.003255,0.007545,0.9902,1.0,0.9951,0.69865,-0.004914,True,0.01475,20,12th Gen Intel(R) Core(TM) i7-1255U,12,15.68,Windows-10-10.0.26200-SP0,3.11.15,2.4.6,1.17.1,4.12.2,0.48.4,5.0.0,2.13.0+cpu,fd20710,10,False,,"(9, 6, 2)",2026-08-27T20:00:09+00:00,,
a3_refine_quality,144,refinement,icosphere,object,0.005,20,0,0,0.01,fraction_of_unit_bbox_diagonal,100000,0.0016,15,1,19600,316,0,0.003264,0.007427,0.9912,0.9973,0.9943,0.7041,False,1,ok,19822,1,92,1,False,0.002512,0.004723,0.9999,1.0,0.9999,0.95693,-0.000752,True,0.25283,0,12th Gen Intel(R) Core(TM) i7-1255U,12,15.68,Windows-10-10.0.26200-SP0,3.11.15,2.4.6,1.17.1,4.12.2,0.48.4,5.0.0,2.13.0+cpu,fd20710,10,False,,"(9, 6, 2)",2026-08-27T20:00:09+00:00,,
a3_refine_quality,145,refinement,icosphere,room,0.005,20,0,0,0.01,fraction_of_unit_bbox_diagonal,100000,0.0016,15,1,19600,316,0,0.003264,0.007427,0.9912,0.9973,0.9943,0.7041,False,1,ok,19822,1,92,1,False,0.003239,0.00743,0.991,1.0,0.9954,0.70664,-2.5e-05,True,0.00254,0,12th Gen Intel(R) Core(TM) i7-1255U,12,15.68,Windows-10-10.0.26200-SP0,3.11.15,2.4.6,1.17.1,4.12.2,0.48.4,5.0.0,2.13.0+cpu,fd20710,10,False,,"(9, 6, 2)",2026-08-27T20:00:09+00:00,,
a3_refine_quality,146,refinement,icosphere,object,0.005,20,0,1,0.01,fraction_of_unit_bbox_diagonal,100000,0.0016,15,1,19600,314,0,0.003266,0.007439,0.9901,0.9975,0.9938,0.70042,False,1,ok,19825,1,89,0,False,0.002513,0.004682,0.9998,1.0,0.9999,0.95736,-0.000753,True,0.25694,0,12th Gen Intel(R) Core(TM) i7-1255U,12,15.68,Windows-10-10.0.26200-SP0,3.11.15,2.4.6,1.17.1,4.12.2,0.48.4,5.0.0,2.13.0+cpu,fd20710,10,False,,"(9, 6, 2)",2026-08-27T20:00:09+00:00,,
a3_refine_quality,147,refinement,icosphere,room,0.005,20,0,1,0.01,fraction_of_unit_bbox_diagonal,100000,0.0016,15,1,19600,314,0,0.003266,0.007439,0.9901,0.9975,0.9938,0.70042,False,1,ok,19825,1,89,0,False,0.003236,0.00743,0.9903,1.0,0.9951,0.70239,-3e-05,True,0.00197,0,12th Gen Intel(R) Core(TM) i7-1255U,12,15.68,Windows-10-10.0.26200-SP0,3.11.15,2.4.6,1.17.1,4.12.2,0.48.4,5.0.0,2.13.0+cpu,fd20710,10,False,,"(9, 6, 2)",2026-08-27T20:00:09+00:00,,
a3_refine_quality,148,refinement,icosphere,object,0.005,20,0,2,0.01,fraction_of_unit_bbox_diagonal,100000,0.0016,15,1,19602,298,0,0.003295,0.007528,0.9898,0.9964,0.9931,0.69287,False,1,ok,19802,1,87,2,False,0.002539,0.004725,1.0,0.9996,0.9998,0.95683,-0.000756,True,0.26396,0,12th Gen Intel(R) Core(TM) i7-1255U,12,15.68,Windows-10-10.0.26200-SP0,3.11.15,2.4.6,1.17.1,4.12.2,0.48.4,5.0.0,2.13.0+cpu,fd20710,10,False,,"(9, 6, 2)",2026-08-27T20:00:09+00:00,,
a3_refine_quality,149,refinement,icosphere,room,0.005,20,0,2,0.01,fraction_of_unit_bbox_diagonal,100000,0.0016,15,1,19602,298,0,0.003295,0.007528,0.9898,0.9964,0.9931,0.69287,False,1,ok,19802,1,87,2,False,0.003263,0.007528,0.9898,0.9996,0.9947,0.69957,-3.2e-05,True,0.0067,0,12th Gen Intel(R) Core(TM) i7-1255U,12,15.68,Windows-10-10.0.26200-SP0,3.11.15,2.4.6,1.17.1,4.12.2,0.48.4,5.0.0,2.13.0+cpu,fd20710,10,False,,"(9, 6, 2)",2026-08-27T20:00:09+00:00,,
a3_refine_quality,150,refinement,icosphere,object,0.005,20,5,0,0.01,fraction_of_unit_bbox_diagonal,100000,0.0016,15,6,20000,316,0,0.004866,0.007831,0.9788,0.997,0.9878,0.69769,False,6,ok,20222,6,92,1,False,0.00504,0.005211,0.9789,1.0,0.9893,0.94733,0.000174,False,0.24964,0,12th Gen Intel(R) Core(TM) i7-1255U,12,15.68,Windows-10-10.0.26200-SP0,3.11.15,2.4.6,1.17.1,4.12.2,0.48.4,5.0.0,2.13.0+cpu,fd20710,10,False,,"(9, 6, 2)",2026-08-27T20:00:09+00:00,,
a3_refine_quality,151,refinement,icosphere,room,0.005,20,5,0,0.01,fraction_of_unit_bbox_diagonal,100000,0.0016,15,6,20000,316,0,0.004866,0.007831,0.9788,0.997,0.9878,0.69769,False,1,ok,19822,1,92,1,False,0.003239,0.00743,0.991,1.0,0.9954,0.70664,-0.001627,True,0.00895,5,12th Gen Intel(R) Core(TM) i7-1255U,12,15.68,Windows-10-10.0.26200-SP0,3.11.15,2.4.6,1.17.1,4.12.2,0.48.4,5.0.0,2.13.0+cpu,fd20710,10,False,,"(9, 6, 2)",2026-08-27T20:00:09+00:00,,
a3_refine_quality,152,refinement,icosphere,object,0.005,20,5,1,0.01,fraction_of_unit_bbox_diagonal,100000,0.0016,15,6,20000,314,0,0.004305,0.007966,0.9764,0.9976,0.9869,0.69919,False,6,ok,20225,6,89,0,False,0.004163,0.00509,0.9791,1.0,0.9894,0.94726,-0.000142,True,0.24807,0,12th Gen Intel(R) Core(TM) i7-1255U,12,15.68,Windows-10-10.0.26200-SP0,3.11.15,2.4.6,1.17.1,4.12.2,0.48.4,5.0.0,2.13.0+cpu,fd20710,10,False,,"(9, 6, 2)",2026-08-27T20:00:09+00:00,,
a3_refine_quality,153,refinement,icosphere,room,0.005,20,5,1,0.01,fraction_of_unit_bbox_diagonal,100000,0.0016,15,6,20000,314,0,0.004305,0.007966,0.9764,0.9976,0.9869,0.69919,False,1,ok,19825,1,89,0,False,0.003236,0.00743,0.9903,1.0,0.9951,0.70239,-0.001069,True,0.0032,5,12th Gen Intel(R) Core(TM) i7-1255U,12,15.68,Windows-10-10.0.26200-SP0,3.11.15,2.4.6,1.17.1,4.12.2,0.48.4,5.0.0,2.13.0+cpu,fd20710,10,False,,"(9, 6, 2)",2026-08-27T20:00:09+00:00,,
a3_refine_quality,154,refinement,icosphere,object,0.005,20,5,2,0.01,fraction_of_unit_bbox_diagonal,100000,0.0016,15,6,20002,298,0,0.004542,0.008068,0.9751,0.9965,0.9857,0.69376,False,6,ok,20202,6,87,2,False,0.004408,0.005136,0.9785,0.9996,0.9889,0.94558,-0.000134,True,0.25182,0,12th Gen Intel(R) Core(TM) i7-1255U,12,15.68,Windows-10-10.0.26200-SP0,3.11.15,2.4.6,1.17.1,4.12.2,0.48.4,5.0.0,2.13.0+cpu,fd20710,10,False,,"(9, 6, 2)",2026-08-27T20:00:09+00:00,,
a3_refine_quality,155,refinement,icosphere,room,0.005,20,5,2,0.01,fraction_of_unit_bbox_diagonal,100000,0.0016,15,6,20002,298,0,0.004542,0.008068,0.9751,0.9965,0.9857,0.69376,False,1,ok,19802,1,87,2,False,0.003263,0.007528,0.9898,0.9996,0.9947,0.69957,-0.001279,True,0.00581,5,12th Gen Intel(R) Core(TM) i7-1255U,12,15.68,Windows-10-10.0.26200-SP0,3.11.15,2.4.6,1.17.1,4.12.2,0.48.4,5.0.0,2.13.0+cpu,fd20710,10,False,,"(9, 6, 2)",2026-08-27T20:00:09+00:00,,
a3_refine_quality,156,refinement,icosphere,object,0.005,20,20,0,0.01,fraction_of_unit_bbox_diagonal,100000,0.0016,15,21,21200,316,0,0.007858,0.01641,0.9404,0.9975,0.9681,0.69273,False,21,ok,21422,21,92,1,False,0.00932,0.09769,0.9236,1.0,0.9603,0.92212,0.001462,False,0.22939,0,12th Gen Intel(R) Core(TM) i7-1255U,12,15.68,Windows-10-10.0.26200-SP0,3.11.15,2.4.6,1.17.1,4.12.2,0.48.4,5.0.0,2.13.0+cpu,fd20710,10,False,,"(9, 6, 2)",2026-08-27T20:00:09+00:00,,
a3_refine_quality,157,refinement,icosphere,room,0.005,20,20,0,0.01,fraction_of_unit_bbox_diagonal,100000,0.0016,15,21,21200,316,0,0.007858,0.01641,0.9404,0.9975,0.9681,0.69273,False,1,ok,19822,1,92,1,False,0.003239,0.00743,0.991,1.0,0.9954,0.70664,-0.004619,True,0.01391,20,12th Gen Intel(R) Core(TM) i7-1255U,12,15.68,Windows-10-10.0.26200-SP0,3.11.15,2.4.6,1.17.1,4.12.2,0.48.4,5.0.0,2.13.0+cpu,fd20710,10,False,,"(9, 6, 2)",2026-08-27T20:00:09+00:00,,
a3_refine_quality,158,refinement,icosphere,object,0.005,20,20,1,0.01,fraction_of_unit_bbox_diagonal,100000,0.0016,15,21,21200,314,0,0.008087,0.012901,0.9406,0.9974,0.9682,0.69328,False,21,ok,21425,21,89,0,False,0.009801,0.148495,0.9258,1.0,0.9615,0.9228,0.001714,False,0.22952,0,12th Gen Intel(R) Core(TM) i7-1255U,12,15.68,Windows-10-10.0.26200-SP0,3.11.15,2.4.6,1.17.1,4.12.2,0.48.4,5.0.0,2.13.0+cpu,fd20710,10,False,,"(9, 6, 2)",2026-08-27T20:00:09+00:00,,
a3_refine_quality,159,refinement,icosphere,room,0.005,20,20,1,0.01,fraction_of_unit_bbox_diagonal,100000,0.0016,15,21,21200,314,0,0.008087,0.012901,0.9406,0.9974,0.9682,0.69328,False,1,ok,19825,1,89,0,False,0.003236,0.00743,0.9903,1.0,0.9951,0.70239,-0.004851,True,0.00911,20,12th Gen Intel(R) Core(TM) i7-1255U,12,15.68,Windows-10-10.0.26200-SP0,3.11.15,2.4.6,1.17.1,4.12.2,0.48.4,5.0.0,2.13.0+cpu,fd20710,10,False,,"(9, 6, 2)",2026-08-27T20:00:09+00:00,,
a3_refine_quality,160,refinement,icosphere,object,0.005,20,20,2,0.01,fraction_of_unit_bbox_diagonal,100000,0.0016,15,21,21202,298,0,0.009176,0.093788,0.9362,0.9965,0.9654,0.68301,False,21,ok,21402,21,87,2,False,0.010924,0.169266,0.9222,0.9996,0.9593,0.91973,0.001748,False,0.23672,0,12th Gen Intel(R) Core(TM) i7-1255U,12,15.68,Windows-10-10.0.26200-SP0,3.11.15,2.4.6,1.17.1,4.12.2,0.48.4,5.0.0,2.13.0+cpu,fd20710,10,False,,"(9, 6, 2)",2026-08-27T20:00:09+00:00,,
a3_refine_quality,161,refinement,icosphere,room,0.005,20,20,2,0.01,fraction_of_unit_bbox_diagonal,100000,0.0016,15,21,21202,298,0,0.009176,0.093788,0.9362,0.9965,0.9654,0.68301,False,1,ok,19802,1,87,2,False,0.003263,0.007528,0.9898,0.9996,0.9947,0.69957,-0.005913,True,0.01656,20,12th Gen Intel(R) Core(TM) i7-1255U,12,15.68,Windows-10-10.0.26200-SP0,3.11.15,2.4.6,1.17.1,4.12.2,0.48.4,5.0.0,2.13.0+cpu,fd20710,10,False,,"(9, 6, 2)",2026-08-27T20:00:09+00:00,,
a3_refine_quality,162,refinement,icosphere,object,0.01,0,0,0,0.01,fraction_of_unit_bbox_diagonal,100000,0.0016,15,1,20000,0,0,0.005007,0.014644,0.825,0.9978,0.9032,0.55284,False,1,ok,20000,1,0,0,True,0.003745,0.008577,0.9759,0.9957,0.9857,0.84468,-0.001262,True,0.29184,0,12th Gen Intel(R) Core(TM) i7-1255U,12,15.68,Windows-10-10.0.26200-SP0,3.11.15,2.4.6,1.17.1,4.12.2,0.48.4,5.0.0,2.13.0+cpu,fd20710,10,False,,"(9, 6, 2)",2026-08-27T20:00:09+00:00,,
a3_refine_quality,163,refinement,icosphere,room,0.01,0,0,0,0.01,fraction_of_unit_bbox_diagonal,100000,0.0016,15,1,20000,0,0,0.005007,0.014644,0.825,0.9978,0.9032,0.55284,False,1,ok,20000,1,0,0,True,0.005008,0.014677,0.8235,0.9978,0.9023,0.55096,1e-06,False,-0.00188,0,12th Gen Intel(R) Core(TM) i7-1255U,12,15.68,Windows-10-10.0.26200-SP0,3.11.15,2.4.6,1.17.1,4.12.2,0.48.4,5.0.0,2.13.0+cpu,fd20710,10,False,,"(9, 6, 2)",2026-08-27T20:00:09+00:00,,
a3_refine_quality,164,refinement,icosphere,object,0.01,0,0,1,0.01,fraction_of_unit_bbox_diagonal,100000,0.0016,15,1,20000,0,0,0.005028,0.014761,0.8216,0.9982,0.9014,0.55555,False,1,ok,20000,1,0,0,True,0.003767,0.00845,0.9799,0.9959,0.9878,0.84448,-0.001261,True,0.28893,0,12th Gen Intel(R) Core(TM) i7-1255U,12,15.68,Windows-10-10.0.26200-SP0,3.11.15,2.4.6,1.17.1,4.12.2,0.48.4,5.0.0,2.13.0+cpu,fd20710,10,False,,"(9, 6, 2)",2026-08-27T20:00:09+00:00,,
a3_refine_quality,165,refinement,icosphere,room,0.01,0,0,1,0.01,fraction_of_unit_bbox_diagonal,100000,0.0016,15,1,20000,0,0,0.005028,0.014761,0.8216,0.9982,0.9014,0.55555,False,1,ok,20000,1,0,0,True,0.005029,0.014805,0.8225,0.9982,0.9019,0.55382,1e-06,False,-0.00173,0,12th Gen Intel(R) Core(TM) i7-1255U,12,15.68,Windows-10-10.0.26200-SP0,3.11.15,2.4.6,1.17.1,4.12.2,0.48.4,5.0.0,2.13.0+cpu,fd20710,10,False,,"(9, 6, 2)",2026-08-27T20:00:09+00:00,,
a3_refine_quality,166,refinement,icosphere,object,0.01,0,0,2,0.01,fraction_of_unit_bbox_diagonal,100000,0.0016,15,1,20000,0,0,0.005055,0.014902,0.8174,0.998,0.8987,0.55608,False,1,ok,20000,1,0,0,True,0.003824,0.008656,0.9783,0.9957,0.9869,0.83564,-0.001231,True,0.27956,0,12th Gen Intel(R) Core(TM) i7-1255U,12,15.68,Windows-10-10.0.26200-SP0,3.11.15,2.4.6,1.17.1,4.12.2,0.48.4,5.0.0,2.13.0+cpu,fd20710,10,False,,"(9, 6, 2)",2026-08-27T20:00:09+00:00,,
a3_refine_quality,167,refinement,icosphere,room,0.01,0,0,2,0.01,fraction_of_unit_bbox_diagonal,100000,0.0016,15,1,20000,0,0,0.005055,0.014902,0.8174,0.998,0.8987,0.55608,False,1,ok,20000,1,0,0,True,0.005053,0.014827,0.819,0.9978,0.8996,0.55491,-2e-06,True,-0.00117,0,12th Gen Intel(R) Core(TM) i7-1255U,12,15.68,Windows-10-10.0.26200-SP0,3.11.15,2.4.6,1.17.1,4.12.2,0.48.4,5.0.0,2.13.0+cpu,fd20710,10,False,,"(9, 6, 2)",2026-08-27T20:00:09+00:00,,
a3_refine_quality,168,refinement,icosphere,object,0.01,0,5,0,0.01,fraction_of_unit_bbox_diagonal,100000,0.0016,15,6,20400,0,0,0.005869,0.015003,0.82,0.9977,0.9002,0.55501,False,6,ok,20400,6,0,0,True,0.006568,0.009319,0.9604,0.9955,0.9777,0.83518,0.000699,False,0.28017,0,12th Gen Intel(R) Core(TM) i7-1255U,12,15.68,Windows-10-10.0.26200-SP0,3.11.15,2.4.6,1.17.1,4.12.2,0.48.4,5.0.0,2.13.0+cpu,fd20710,10,False,,"(9, 6, 2)",2026-08-27T20:00:09+00:00,,
a3_refine_quality,169,refinement,icosphere,room,0.01,0,5,0,0.01,fraction_of_unit_bbox_diagonal,100000,0.0016,15,6,20400,0,0,0.005869,0.015003,0.82,0.9977,0.9002,0.55501,False,1,ok,20000,1,0,0,True,0.005008,0.014677,0.8235,0.9978,0.9023,0.55096,-0.000861,True,-0.00405,5,12th Gen Intel(R) Core(TM) i7-1255U,12,15.68,Windows-10-10.0.26200-SP0,3.11.15,2.4.6,1.17.1,4.12.2,0.48.4,5.0.0,2.13.0+cpu,fd20710,10,False,,"(9, 6, 2)",2026-08-27T20:00:09+00:00,,
a3_refine_quality,170,refinement,icosphere,object,0.01,0,5,1,0.01,fraction_of_unit_bbox_diagonal,100000,0.0016,15,6,20400,0,0,0.005668,0.015009,0.8196,0.9981,0.9001,0.5542,False,6,ok,20400,6,0,0,True,0.005861,0.009079,0.9642,0.9959,0.9798,0.83969,0.000193,False,0.28549,0,12th Gen Intel(R) Core(TM) i7-1255U,12,15.68,Windows-10-10.0.26200-SP0,3.11.15,2.4.6,1.17.1,4.12.2,0.48.4,5.0.0,2.13.0+cpu,fd20710,10,False,,"(9, 6, 2)",2026-08-27T20:00:09+00:00,,
a3_refine_quality,171,refinement,icosphere,room,0.01,0,5,1,0.01,fraction_of_unit_bbox_diagonal,100000,0.0016,15,6,20400,0,0,0.005668,0.015009,0.8196,0.9981,0.9001,0.5542,False,1,ok,20000,1,0,0,True,0.005029,0.014805,0.8225,0.9982,0.9019,0.55382,-0.000639,True,-0.00038,5,12th Gen Intel(R) Core(TM) i7-1255U,12,15.68,Windows-10-10.0.26200-SP0,3.11.15,2.4.6,1.17.1,4.12.2,0.48.4,5.0.0,2.13.0+cpu,fd20710,10,False,,"(9, 6, 2)",2026-08-27T20:00:09+00:00,,
a3_refine_quality,172,refinement,icosphere,object,0.01,0,5,2,0.01,fraction_of_unit_bbox_diagonal,100000,0.0016,15,6,20400,0,0,0.005359,0.015225,0.8153,0.9978,0.8974,0.55379,False,6,ok,20400,6,0,0,True,0.004821,0.009295,0.9617,0.9955,0.9783,0.83216,-0.000538,True,0.27837,0,12th Gen Intel(R) Core(TM) i7-1255U,12,15.68,Windows-10-10.0.26200-SP0,3.11.15,2.4.6,1.17.1,4.12.2,0.48.4,5.0.0,2.13.0+cpu,fd20710,10,False,,"(9, 6, 2)",2026-08-27T20:00:09+00:00,,
a3_refine_quality,173,refinement,icosphere,room,0.01,0,5,2,0.01,fraction_of_unit_bbox_diagonal,100000,0.0016,15,6,20400,0,0,0.005359,0.015225,0.8153,0.9978,0.8974,0.55379,False,1,ok,20000,1,0,0,True,0.005053,0.014827,0.819,0.9978,0.8996,0.55491,-0.000306,True,0.00112,5,12th Gen Intel(R) Core(TM) i7-1255U,12,15.68,Windows-10-10.0.26200-SP0,3.11.15,2.4.6,1.17.1,4.12.2,0.48.4,5.0.0,2.13.0+cpu,fd20710,10,False,,"(9, 6, 2)",2026-08-27T20:00:09+00:00,,
a3_refine_quality,174,refinement,icosphere,object,0.01,0,20,0,0.01,fraction_of_unit_bbox_diagonal,100000,0.0016,15,21,21600,0,0,0.007378,0.016304,0.8063,0.9978,0.8919,0.55565,False,21,ok,21600,21,0,0,True,0.011452,0.156381,0.9112,0.9956,0.9515,0.82078,0.004074,False,0.26513,0,12th Gen Intel(R) Core(TM) i7-1255U,12,15.68,Windows-10-10.0.26200-SP0,3.11.15,2.4.6,1.17.1,4.12.2,0.48.4,5.0.0,2.13.0+cpu,fd20710,10,False,,"(9, 6, 2)",2026-08-27T20:00:09+00:00,,
a3_refine_quality,175,refinement,icosphere,room,0.01,0,20,0,0.01,fraction_of_unit_bbox_diagonal,100000,0.0016,15,21,21600,0,0,0.007378,0.016304,0.8063,0.9978,0.8919,0.55565,False,1,ok,20000,1,0,0,True,0.005008,0.014677,0.8235,0.9978,0.9023,0.55096,-0.00237,True,-0.00469,20,12th Gen Intel(R) Core(TM) i7-1255U,12,15.68,Windows-10-10.0.26200-SP0,3.11.15,2.4.6,1.17.1,4.12.2,0.48.4,5.0.0,2.13.0+cpu,fd20710,10,False,,"(9, 6, 2)",2026-08-27T20:00:09+00:00,,
a3_refine_quality,176,refinement,icosphere,object,0.01,0,20,1,0.01,fraction_of_unit_bbox_diagonal,100000,0.0016,15,21,21600,0,0,0.007308,0.016367,0.8049,0.998,0.8911,0.55055,False,21,ok,21600,21,0,0,True,0.011246,0.135926,0.914,0.9957,0.9531,0.82242,0.003938,False,0.27187,0,12th Gen Intel(R) Core(TM) i7-1255U,12,15.68,Windows-10-10.0.26200-SP0,3.11.15,2.4.6,1.17.1,4.12.2,0.48.4,5.0.0,2.13.0+cpu,fd20710,10,False,,"(9, 6, 2)",2026-08-27T20:00:09+00:00,,
a3_refine_quality,177,refinement,icosphere,room,0.01,0,20,1,0.01,fraction_of_unit_bbox_diagonal,100000,0.0016,15,21,21600,0,0,0.007308,0.016367,0.8049,0.998,0.8911,0.55055,False,1,ok,20000,1,0,0,True,0.005029,0.014805,0.8225,0.9982,0.9019,0.55382,-0.002279,True,0.00327,20,12th Gen Intel(R) Core(TM) i7-1255U,12,15.68,Windows-10-10.0.26200-SP0,3.11.15,2.4.6,1.17.1,4.12.2,0.48.4,5.0.0,2.13.0+cpu,fd20710,10,False,,"(9, 6, 2)",2026-08-27T20:00:09+00:00,,
a3_refine_quality,178,refinement,icosphere,object,0.01,0,20,2,0.01,fraction_of_unit_bbox_diagonal,100000,0.0016,15,21,21600,0,0,0.007024,0.016587,0.8011,0.9977,0.8887,0.55259,False,21,ok,21600,21,0,0,True,0.009789,0.117208,0.913,0.9954,0.9524,0.81462,0.002765,False,0.26203,0,12th Gen Intel(R) Core(TM) i7-1255U,12,15.68,Windows-10-10.0.26200-SP0,3.11.15,2.4.6,1.17.1,4.12.2,0.48.4,5.0.0,2.13.0+cpu,fd20710,10,False,,"(9, 6, 2)",2026-08-27T20:00:09+00:00,,
a3_refine_quality,179,refinement,icosphere,room,0.01,0,20,2,0.01,fraction_of_unit_bbox_diagonal,100000,0.0016,15,21,21600,0,0,0.007024,0.016587,0.8011,0.9977,0.8887,0.55259,False,1,ok,20000,1,0,0,True,0.005053,0.014827,0.819,0.9978,0.8996,0.55491,-0.001971,True,0.00232,20,12th Gen Intel(R) Core(TM) i7-1255U,12,15.68,Windows-10-10.0.26200-SP0,3.11.15,2.4.6,1.17.1,4.12.2,0.48.4,5.0.0,2.13.0+cpu,fd20710,10,False,,"(9, 6, 2)",2026-08-27T20:00:09+00:00,,
a3_refine_quality,180,refinement,icosphere,object,0.01,5,0,0,0.01,fraction_of_unit_bbox_diagonal,100000,0.0016,15,1,19900,78,0,0.004997,0.014571,0.8257,0.9971,0.9033,0.55462,False,1,ok,19946,1,31,2,False,0.003748,0.008595,0.9755,0.9954,0.9854,0.84242,-0.001249,True,0.2878,0,12th Gen Intel(R) Core(TM) i7-1255U,12,15.68,Windows-10-10.0.26200-SP0,3.11.15,2.4.6,1.17.1,4.12.2,0.48.4,5.0.0,2.13.0+cpu,fd20710,10,False,,"(9, 6, 2)",2026-08-27T20:00:09+00:00,,
a3_refine_quality,181,refinement,icosphere,room,0.01,5,0,0,0.01,fraction_of_unit_bbox_diagonal,100000,0.0016,15,1,19900,78,0,0.004997,0.014571,0.8257,0.9971,0.9033,0.55462,False,1,ok,19946,1,31,2,False,0.005012,0.014562,0.8249,0.9978,0.9032,0.55796,1.5e-05,False,0.00334,0,12th Gen Intel(R) Core(TM) i7-1255U,12,15.68,Windows-10-10.0.26200-SP0,3.11.15,2.4.6,1.17.1,4.12.2,0.48.4,5.0.0,2.13.0+cpu,fd20710,10,False,,"(9, 6, 2)",2026-08-27T20:00:09+00:00,,
a3_refine_quality,182,refinement,icosphere,object,0.01,5,0,1,0.01,fraction_of_unit_bbox_diagonal,100000,0.0016,15,1,19900,78,0,0.005017,0.014659,0.8252,0.9978,0.9033,0.55859,False,1,ok,19948,1,30,1,False,0.003778,0.008462,0.9793,0.996,0.9876,0.84489,-0.001239,True,0.2863,0,12th Gen Intel(R) Core(TM) i7-1255U,12,15.68,Windows-10-10.0.26200-SP0,3.11.15,2.4.6,1.17.1,4.12.2,0.48.4,5.0.0,2.13.0+cpu,fd20710,10,False,,"(9, 6, 2)",2026-08-27T20:00:09+00:00,,
a3_refine_quality,183,refinement,icosphere,room,0.01,5,0,1,0.01,fraction_of_unit_bbox_diagonal,100000,0.0016,15,1,19900,78,0,0.005017,0.014659,0.8252,0.9978,0.9033,0.55859,False,1,ok,19948,1,30,1,False,0.005005,0.014676,0.8256,0.9981,0.9037,0.55917,-1.2e-05,True,0.00058,0,12th Gen Intel(R) Core(TM) i7-1255U,12,15.68,Windows-10-10.0.26200-SP0,3.11.15,2.4.6,1.17.1,4.12.2,0.48.4,5.0.0,2.13.0+cpu,fd20710,10,False,,"(9, 6, 2)",2026-08-27T20:00:09+00:00,,
a3_refine_quality,184,refinement,icosphere,object,0.01,5,0,2,0.01,fraction_of_unit_bbox_diagonal,100000,0.0016,15,1,19900,76,0,0.005063,0.014914,0.8182,0.9976,0.899,0.55524,False,1,ok,19937,1,39,1,False,0.00383,0.008719,0.9761,0.9955,0.9857,0.83635,-0.001233,True,0.28111,0,12th Gen Intel(R) Core(TM) i7-1255U,12,15.68,Windows-10-10.0.26200-SP0,3.11.15,2.4.6,1.17.1,4.12.2,0.48.4,5.0.0,2.13.0+cpu,fd20710,10,False,,"(9, 6, 2)",2026-08-27T20:00:09+00:00,,
a3_refine_quality,185,refinement,icosphere,room,0.01,5,0,2,0.01,fraction_of_unit_bbox_diagonal,100000,0.0016,15,1,19900,76,0,0.005063,0.014914,0.8182,0.9976,0.899,0.55524,False,1,ok,19937,1,39,1,False,0.005053,0.014848,0.8197,0.9981,0.9002,0.55473,-1e-05,True,-0.00051,0,12th Gen Intel(R) Core(TM) i7-1255U,12,15.68,Windows-10-10.0.26200-SP0,3.11.15,2.4.6,1.17.1,4.12.2,0.48.4,5.0.0,2.13.0+cpu,fd20710,10,False,,"(9, 6, 2)",2026-08-27T20:00:09+00:00,,
a3_refine_quality,186,refinement,icosphere,object,0.01,5,5,0,0.01,fraction_of_unit_bbox_diagonal,100000,0.0016,15,6,20300,78,0,0.005757,0.014976,0.8199,0.9972,0.8999,0.55575,False,6,ok,20346,6,31,2,False,0.006187,0.009386,0.9591,0.9957,0.9771,0.83733,0.00043,False,0.28158,0,12th Gen Intel(R) Core(TM) i7-1255U,12,15.68,Windows-10-10.0.26200-SP0,3.11.15,2.4.6,1.17.1,4.12.2,0.48.4,5.0.0,2.13.0+cpu,fd20710,10,False,,"(9, 6, 2)",2026-08-27T20:00:09+00:00,,
a3_refine_quality,187,refinement,icosphere,room,0.01,5,5,0,0.01,fraction_of_unit_bbox_diagonal,100000,0.0016,15,6,20300,78,0,0.005757,0.014976,0.8199,0.9972,0.8999,0.55575,False,1,ok,19946,1,31,2,False,0.005012,0.014562,0.8249,0.9978,0.9032,0.55796,-0.000745,True,0.00221,5,12th Gen Intel(R) Core(TM) i7-1255U,12,15.68,Windows-10-10.0.26200-SP0,3.11.15,2.4.6,1.17.1,4.12.2,0.48.4,5.0.0,2.13.0+cpu,fd20710,10,False,,"(9, 6, 2)",2026-08-27T20:00:09+00:00,,
a3_refine_quality,188,refinement,icosphere,object,0.01,5,5,1,0.01,fraction_of_unit_bbox_diagonal,100000,0.0016,15,6,20300,78,0,0.005783,0.015071,0.8187,0.9976,0.8994,0.55839,False,6,ok,20348,6,30,1,False,0.00624,0.009227,0.9618,0.9958,0.9785,0.83676,0.000457,False,0.27837,0,12th Gen Intel(R) Core(TM) i7-1255U,12,15.68,Windows-10-10.0.26200-SP0,3.11.15,2.4.6,1.17.1,4.12.2,0.48.4,5.0.0,2.13.0+cpu,fd20710,10,False,,"(9, 6, 2)",2026-08-27T20:00:09+00:00,,
a3_refine_quality,189,refinement,icosphere,room,0.01,5,5,1,0.01,fraction_of_unit_bbox_diagonal,100000,0.0016,15,6,20300,78,0,0.005783,0.015071,0.8187,0.9976,0.8994,0.55839,False,1,ok,19948,1,30,1,False,0.005005,0.014676,0.8256,0.9981,0.9037,0.55917,-0.000778,True,0.00078,5,12th Gen Intel(R) Core(TM) i7-1255U,12,15.68,Windows-10-10.0.26200-SP0,3.11.15,2.4.6,1.17.1,4.12.2,0.48.4,5.0.0,2.13.0+cpu,fd20710,10,False,,"(9, 6, 2)",2026-08-27T20:00:09+00:00,,
a3_refine_quality,190,refinement,icosphere,object,0.01,5,5,2,0.01,fraction_of_unit_bbox_diagonal,100000,0.0016,15,6,20300,76,0,0.005378,0.015194,0.8142,0.9976,0.8966,0.55484,False,6,ok,20337,6,39,1,False,0.004843,0.009348,0.9607,0.9954,0.9778,0.83104,-0.000535,True,0.2762,0,12th Gen Intel(R) Core(TM) i7-1255U,12,15.68,Windows-10-10.0.26200-SP0,3.11.15,2.4.6,1.17.1,4.12.2,0.48.4,5.0.0,2.13.0+cpu,fd20710,10,False,,"(9, 6, 2)",2026-08-27T20:00:09+00:00,,
a3_refine_quality,191,refinement,icosphere,room,0.01,5,5,2,0.01,fraction_of_unit_bbox_diagonal,100000,0.0016,15,6,20300,76,0,0.005378,0.015194,0.8142,0.9976,0.8966,0.55484,False,1,ok,19937,1,39,1,False,0.005053,0.014848,0.8197,0.9981,0.9002,0.55473,-0.000325,True,-0.00011,5,12th Gen Intel(R) Core(TM) i7-1255U,12,15.68,Windows-10-10.0.26200-SP0,3.11.15,2.4.6,1.17.1,4.12.2,0.48.4,5.0.0,2.13.0+cpu,fd20710,10,False,,"(9, 6, 2)",2026-08-27T20:00:09+00:00,,
a3_refine_quality,192,refinement,icosphere,object,0.01,5,20,0,0.01,fraction_of_unit_bbox_diagonal,100000,0.0016,15,21,21500,78,0,0.007203,0.016218,0.8077,0.9974,0.8926,0.55089,False,21,ok,21546,21,31,2,False,0.01068,0.069619,0.9111,0.9956,0.9515,0.81839,0.003477,False,0.2675,0,12th Gen Intel(R) Core(TM) i7-1255U,12,15.68,Windows-10-10.0.26200-SP0,3.11.15,2.4.6,1.17.1,4.12.2,0.48.4,5.0.0,2.13.0+cpu,fd20710,10,False,,"(9, 6, 2)",2026-08-27T20:00:09+00:00,,
a3_refine_quality,193,refinement,icosphere,room,0.01,5,20,0,0.01,fraction_of_unit_bbox_diagonal,100000,0.0016,15,21,21500,78,0,0.007203,0.016218,0.8077,0.9974,0.8926,0.55089,False,1,ok,19946,1,31,2,False,0.005012,0.014562,0.8249,0.9978,0.9032,0.55796,-0.002191,True,0.00707,20,12th Gen Intel(R) Core(TM) i7-1255U,12,15.68,Windows-10-10.0.26200-SP0,3.11.15,2.4.6,1.17.1,4.12.2,0.48.4,5.0.0,2.13.0+cpu,fd20710,10,False,,"(9, 6, 2)",2026-08-27T20:00:09+00:00,,
a3_refine_quality,194,refinement,icosphere,object,0.01,5,20,1,0.01,fraction_of_unit_bbox_diagonal,100000,0.0016,15,21,21500,78,0,0.007216,0.016317,0.8056,0.9978,0.8915,0.55342,False,21,ok,21548,21,30,1,False,0.011004,0.139699,0.9145,0.9958,0.9534,0.8193,0.003788,False,0.26588,0,12th Gen Intel(R) Core(TM) i7-1255U,12,15.68,Windows-10-10.0.26200-SP0,3.11.15,2.4.6,1.17.1,4.12.2,0.48.4,5.0.0,2.13.0+cpu,fd20710,10,False,,"(9, 6, 2)",2026-08-27T20:00:09+00:00,,
a3_refine_quality,195,refinement,icosphere,room,0.01,5,20,1,0.01,fraction_of_unit_bbox_diagonal,100000,0.0016,15,21,21500,78,0,0.007216,0.016317,0.8056,0.9978,0.8915,0.55342,False,1,ok,19948,1,30,1,False,0.005005,0.014676,0.8256,0.9981,0.9037,0.55917,-0.002211,True,0.00575,20,12th Gen Intel(R) Core(TM) i7-1255U,12,15.68,Windows-10-10.0.26200-SP0,3.11.15,2.4.6,1.17.1,4.12.2,0.48.4,5.0.0,2.13.0+cpu,fd20710,10,False,,"(9, 6, 2)",2026-08-27T20:00:09+00:00,,
a3_refine_quality,196,refinement,icosphere,object,0.01,5,20,2,0.01,fraction_of_unit_bbox_diagonal,100000,0.0016,15,21,21500,76,0,0.007116,0.016589,0.8026,0.9972,0.8894,0.55824,False,21,ok,21537,21,39,1,False,0.009974,0.116914,0.9114,0.9954,0.9515,0.81366,0.002858,False,0.25542,0,12th Gen Intel(R) Core(TM) i7-1255U,12,15.68,Windows-10-10.0.26200-SP0,3.11.15,2.4.6,1.17.1,4.12.2,0.48.4,5.0.0,2.13.0+cpu,fd20710,10,False,,"(9, 6, 2)",2026-08-27T20:00:09+00:00,,
a3_refine_quality,197,refinement,icosphere,room,0.01,5,20,2,0.01,fraction_of_unit_bbox_diagonal,100000,0.0016,15,21,21500,76,0,0.007116,0.016589,0.8026,0.9972,0.8894,0.55824,False,1,ok,19937,1,39,1,False,0.005053,0.014848,0.8197,0.9981,0.9002,0.55473,-0.002063,True,-0.00351,20,12th Gen Intel(R) Core(TM) i7-1255U,12,15.68,Windows-10-10.0.26200-SP0,3.11.15,2.4.6,1.17.1,4.12.2,0.48.4,5.0.0,2.13.0+cpu,fd20710,10,False,,"(9, 6, 2)",2026-08-27T20:00:09+00:00,,
a3_refine_quality,198,refinement,icosphere,object,0.01,20,0,0,0.01,fraction_of_unit_bbox_diagonal,100000,0.0016,15,1,19600,316,0,0.005026,0.014605,0.8248,0.9958,0.9023,0.5562,False,1,ok,19773,1,137,10,False,0.003782,0.008782,0.972,0.9958,0.9838,0.83897,-0.001244,True,0.28277,0,12th Gen Intel(R) Core(TM) i7-1255U,12,15.68,Windows-10-10.0.26200-SP0,3.11.15,2.4.6,1.17.1,4.12.2,0.48.4,5.0.0,2.13.0+cpu,fd20710,10,False,,"(9, 6, 2)",2026-08-27T20:00:09+00:00,,
a3_refine_quality,199,refinement,icosphere,room,0.01,20,0,0,0.01,fraction_of_unit_bbox_diagonal,100000,0.0016,15,1,19600,316,0,0.005026,0.014605,0.8248,0.9958,0.9023,0.5562,False,1,ok,19773,1,137,10,False,0.005012,0.014533,0.8238,0.9979,0.9025,0.55734,-1.4e-05,True,0.00114,0,12th Gen Intel(R) Core(TM) i7-1255U,12,15.68,Windows-10-10.0.26200-SP0,3.11.15,2.4.6,1.17.1,4.12.2,0.48.4,5.0.0,2.13.0+cpu,fd20710,10,False,,"(9, 6, 2)",2026-08-27T20:00:09+00:00,,
a3_refine_quality,200,refinement,icosphere,object,0.01,20,0,1,0.01,fraction_of_unit_bbox_diagonal,100000,0.0016,15,1,19600,314,0,0.005057,0.014799,0.8194,0.9961,0.8991,0.55724,False,1,ok,19773,1,139,7,False,0.003805,0.008667,0.9758,0.9955,0.9856,0.83618,-0.001252,True,0.27894,0,12th Gen Intel(R) Core(TM) i7-1255U,12,15.68,Windows-10-10.0.26200-SP0,3.11.15,2.4.6,1.17.1,4.12.2,0.48.4,5.0.0,2.13.0+cpu,fd20710,10,False,,"(9, 6, 2)",2026-08-27T20:00:09+00:00,,
a3_refine_quality,201,refinement,icosphere,room,0.01,20,0,1,0.01,fraction_of_unit_bbox_diagonal,100000,0.0016,15,1,19600,314,0,0.005057,0.014799,0.8194,0.9961,0.8991,0.55724,False,1,ok,19773,1,139,7,False,0.005023,0.014667,0.824,0.9977,0.9026,0.55863,-3.4e-05,True,0.00139,0,12th Gen Intel(R) Core(TM) i7-1255U,12,15.68,Windows-10-10.0.26200-SP0,3.11.15,2.4.6,1.17.1,4.12.2,0.48.4,5.0.0,2.13.0+cpu,fd20710,10,False,,"(9, 6, 2)",2026-08-27T20:00:09+00:00,,
a3_refine_quality,202,refinement,icosphere,object,0.01,20,0,2,0.01,fraction_of_unit_bbox_diagonal,100000,0.0016,15,1,19602,298,0,0.005062,0.01489,0.8181,0.9959,0.8983,0.55718,False,1,ok,19769,1,124,9,False,0.003844,0.008786,0.9744,0.995,0.9845,0.83367,-0.001218,True,0.27649,0,12th Gen Intel(R) Core(TM) i7-1255U,12,15.68,Windows-10-10.0.26200-SP0,3.11.15,2.4.6,1.17.1,4.12.2,0.48.4,5.0.0,2.13.0+cpu,fd20710,10,False,,"(9, 6, 2)",2026-08-27T20:00:09+00:00,,
a3_refine_quality,203,refinement,icosphere,room,0.01,20,0,2,0.01,fraction_of_unit_bbox_diagonal,100000,0.0016,15,1,19602,298,0,0.005062,0.01489,0.8181,0.9959,0.8983,0.55718,False,1,ok,19769,1,124,9,False,0.005041,0.014858,0.8193,0.9975,0.8996,0.55308,-2.1e-05,True,-0.0041,0,12th Gen Intel(R) Core(TM) i7-1255U,12,15.68,Windows-10-10.0.26200-SP0,3.11.15,2.4.6,1.17.1,4.12.2,0.48.4,5.0.0,2.13.0+cpu,fd20710,10,False,,"(9, 6, 2)",2026-08-27T20:00:09+00:00,,
a3_refine_quality,204,refinement,icosphere,object,0.01,20,5,0,0.01,fraction_of_unit_bbox_diagonal,100000,0.0016,15,6,20000,316,0,0.005673,0.014898,0.8208,0.9955,0.8998,0.55854,False,6,ok,20173,6,137,10,False,0.005953,0.009632,0.9551,0.9959,0.9751,0.82969,0.00028,False,0.27115,0,12th Gen Intel(R) Core(TM) i7-1255U,12,15.68,Windows-10-10.0.26200-SP0,3.11.15,2.4.6,1.17.1,4.12.2,0.48.4,5.0.0,2.13.0+cpu,fd20710,10,False,,"(9, 6, 2)",2026-08-27T20:00:09+00:00,,
a3_refine_quality,205,refinement,icosphere,room,0.01,20,5,0,0.01,fraction_of_unit_bbox_diagonal,100000,0.0016,15,6,20000,316,0,0.005673,0.014898,0.8208,0.9955,0.8998,0.55854,False,1,ok,19773,1,137,10,False,0.005012,0.014533,0.8238,0.9979,0.9025,0.55734,-0.000661,True,-0.0012,5,12th Gen Intel(R) Core(TM) i7-1255U,12,15.68,Windows-10-10.0.26200-SP0,3.11.15,2.4.6,1.17.1,4.12.2,0.48.4,5.0.0,2.13.0+cpu,fd20710,10,False,,"(9, 6, 2)",2026-08-27T20:00:09+00:00,,
a3_refine_quality,206,refinement,icosphere,object,0.01,20,5,1,0.01,fraction_of_unit_bbox_diagonal,100000,0.0016,15,6,20000,314,0,0.005473,0.015114,0.8172,0.996,0.8978,0.55505,False,6,ok,20173,6,139,7,False,0.005192,0.00944,0.9584,0.9958,0.9768,0.83167,-0.000281,True,0.27662,0,12th Gen Intel(R) Core(TM) i7-1255U,12,15.68,Windows-10-10.0.26200-SP0,3.11.15,2.4.6,1.17.1,4.12.2,0.48.4,5.0.0,2.13.0+cpu,fd20710,10,False,,"(9, 6, 2)",2026-08-27T20:00:09+00:00,,
a3_refine_quality,207,refinement,icosphere,room,0.01,20,5,1,0.01,fraction_of_unit_bbox_diagonal,100000,0.0016,15,6,20000,314,0,0.005473,0.015114,0.8172,0.996,0.8978,0.55505,False,1,ok,19773,1,139,7,False,0.005023,0.014667,0.824,0.9977,0.9026,0.55863,-0.00045,True,0.00358,5,12th Gen Intel(R) Core(TM) i7-1255U,12,15.68,Windows-10-10.0.26200-SP0,3.11.15,2.4.6,1.17.1,4.12.2,0.48.4,5.0.0,2.13.0+cpu,fd20710,10,False,,"(9, 6, 2)",2026-08-27T20:00:09+00:00,,
a3_refine_quality,208,refinement,icosphere,object,0.01,20,5,2,0.01,fraction_of_unit_bbox_diagonal,100000,0.0016,15,6,20002,298,0,0.005583,0.015205,0.8158,0.9957,0.8968,0.55389,False,6,ok,20169,6,124,9,False,0.005438,0.009592,0.9566,0.9951,0.9755,0.82305,-0.000145,True,0.26916,0,12th Gen Intel(R) Core(TM) i7-1255U,12,15.68,Windows-10-10.0.26200-SP0,3.11.15,2.4.6,1.17.1,4.12.2,0.48.4,5.0.0,2.13.0+cpu,fd20710,10,False,,"(9, 6, 2)",2026-08-27T20:00:09+00:00,,
a3_refine_quality,209,refinement,icosphere,room,0.01,20,5,2,0.01,fraction_of_unit_bbox_diagonal,100000,0.0016,15,6,20002,298,0,0.005583,0.015205,0.8158,0.9957,0.8968,0.55389,False,1,ok,19769,1,124,9,False,0.005041,0.014858,0.8193,0.9975,0.8996,0.55308,-0.000542,True,-0.00081,5,12th Gen Intel(R) Core(TM) i7-1255U,12,15.68,Windows-10-10.0.26200-SP0,3.11.15,2.4.6,1.17.1,4.12.2,0.48.4,5.0.0,2.13.0+cpu,fd20710,10,False,,"(9, 6, 2)",2026-08-27T20:00:09+00:00,,
a3_refine_quality,210,refinement,icosphere,object,0.01,20,20,0,0.01,fraction_of_unit_bbox_diagonal,100000,0.0016,15,21,21200,316,0,0.006774,0.016209,0.8063,0.9951,0.8908,0.55555,False,21,ok,21373,21,137,10,False,0.009673,0.079538,0.9083,0.9959,0.9501,0.81451,0.002899,False,0.25896,0,12th Gen Intel(R) Core(TM) i7-1255U,12,15.68,Windows-10-10.0.26200-SP0,3.11.15,2.4.6,1.17.1,4.12.2,0.48.4,5.0.0,2.13.0+cpu,fd20710,10,False,,"(9, 6, 2)",2026-08-27T20:00:09+00:00,,
a3_refine_quality,211,refinement,icosphere,room,0.01,20,20,0,0.01,fraction_of_unit_bbox_diagonal,100000,0.0016,15,21,21200,316,0,0.006774,0.016209,0.8063,0.9951,0.8908,0.55555,False,1,ok,19773,1,137,10,False,0.005012,0.014533,0.8238,0.9979,0.9025,0.55734,-0.001762,True,0.00179,20,12th Gen Intel(R) Core(TM) i7-1255U,12,15.68,Windows-10-10.0.26200-SP0,3.11.15,2.4.6,1.17.1,4.12.2,0.48.4,5.0.0,2.13.0+cpu,fd20710,10,False,,"(9, 6, 2)",2026-08-27T20:00:09+00:00,,
a3_refine_quality,212,refinement,icosphere,object,0.01,20,20,1,0.01,fraction_of_unit_bbox_diagonal,100000,0.0016,15,21,21200,314,0,0.007007,0.016271,0.8062,0.996,0.8911,0.55927,False,21,ok,21373,21,139,7,False,0.010136,0.099762,0.9122,0.9957,0.9521,0.81429,0.003129,False,0.25502,0,12th Gen Intel(R) Core(TM) i7-1255U,12,15.68,Windows-10-10.0.26200-SP0,3.11.15,2.4.6,1.17.1,4.12.2,0.48.4,5.0.0,2.13.0+cpu,fd20710,10,False,,"(9, 6, 2)",2026-08-27T20:00:09+00:00,,
a3_refine_quality,213,refinement,icosphere,room,0.01,20,20,1,0.01,fraction_of_unit_bbox_diagonal,100000,0.0016,15,21,21200,314,0,0.007007,0.016271,0.8062,0.996,0.8911,0.55927,False,1,ok,19773,1,139,7,False,0.005023,0.014667,0.824,0.9977,0.9026,0.55863,-0.001984,True,-0.00064,20,12th Gen Intel(R) Core(TM) i7-1255U,12,15.68,Windows-10-10.0.26200-SP0,3.11.15,2.4.6,1.17.1,4.12.2,0.48.4,5.0.0,2.13.0+cpu,fd20710,10,False,,"(9, 6, 2)",2026-08-27T20:00:09+00:00,,
a3_refine_quality,214,refinement,icosphere,object,0.01,20,20,2,0.01,fraction_of_unit_bbox_diagonal,100000,0.0016,15,21,21202,298,0,0.007445,0.016819,0.8006,0.9956,0.8875,0.55455,False,21,ok,21369,21,124,9,False,0.01103,0.151353,0.9092,0.995,0.9502,0.80894,0.003585,False,0.25439,0,12th Gen Intel(R) Core(TM) i7-1255U,12,15.68,Windows-10-10.0.26200-SP0,3.11.15,2.4.6,1.17.1,4.12.2,0.48.4,5.0.0,2.13.0+cpu,fd20710,10,False,,"(9, 6, 2)",2026-08-27T20:00:09+00:00,,
a3_refine_quality,215,refinement,icosphere,room,0.01,20,20,2,0.01,fraction_of_unit_bbox_diagonal,100000,0.0016,15,21,21202,298,0,0.007445,0.016819,0.8006,0.9956,0.8875,0.55455,False,1,ok,19769,1,124,9,False,0.005041,0.014858,0.8193,0.9975,0.8996,0.55308,-0.002404,True,-0.00147,20,12th Gen Intel(R) Core(TM) i7-1255U,12,15.68,Windows-10-10.0.26200-SP0,3.11.15,2.4.6,1.17.1,4.12.2,0.48.4,5.0.0,2.13.0+cpu,fd20710,10,False,,"(9, 6, 2)",2026-08-27T20:00:09+00:00,,
a3_refine_quality,216,smoothing_baseline,icosphere,,0.0,,,0,0.01,fraction_of_unit_bbox_diagonal,,0.0016,15,,,,,,,,,,,,,ok,,,,,,0.001371,0.003047,1.0,1.0,1.0,0.99972,,,,,12th Gen Intel(R) Core(TM) i7-1255U,12,15.68,Windows-10-10.0.26200-SP0,3.11.15,2.4.6,1.17.1,4.12.2,0.48.4,5.0.0,2.13.0+cpu,fd20710,10,False,,"(9, 6, 2)",2026-08-27T20:00:09+00:00,taubin,0.99999
a3_refine_quality,217,smoothing_baseline,icosphere,,0.0,,,0,0.01,fraction_of_unit_bbox_diagonal,,0.0016,15,,,,,,,,,,,,,ok,,,,,,0.000807,0.00274,1.0,1.0,1.0,0.99981,,,,,12th Gen Intel(R) Core(TM) i7-1255U,12,15.68,Windows-10-10.0.26200-SP0,3.11.15,2.4.6,1.17.1,4.12.2,0.48.4,5.0.0,2.13.0+cpu,fd20710,10,False,,"(9, 6, 2)",2026-08-27T20:00:09+00:00,laplacian,0.999661
a3_refine_quality,218,smoothing_baseline,icosphere,,0.0,,,0,0.01,fraction_of_unit_bbox_diagonal,,0.0016,15,,,,,,,,,,,,,ok,,,,,,0.0,0.0,1.0,1.0,1.0,0.9998,,,,,12th Gen Intel(R) Core(TM) i7-1255U,12,15.68,Windows-10-10.0.26200-SP0,3.11.15,2.4.6,1.17.1,4.12.2,0.48.4,5.0.0,2.13.0+cpu,fd20710,10,False,,"(9, 6, 2)",2026-08-27T20:00:09+00:00,none,1.0
a3_refine_quality,219,smoothing_baseline,icosphere,,0.0,,,0,0.01,fraction_of_unit_bbox_diagonal,,0.0016,50,,,,,,,,,,,,,ok,,,,,,0.001537,0.003117,1.0,1.0,1.0,0.99969,,,,,12th Gen Intel(R) Core(TM) i7-1255U,12,15.68,Windows-10-10.0.26200-SP0,3.11.15,2.4.6,1.17.1,4.12.2,0.48.4,5.0.0,2.13.0+cpu,fd20710,10,False,,"(9, 6, 2)",2026-08-27T20:00:09+00:00,taubin,0.999971
a3_refine_quality,220,smoothing_baseline,icosphere,,0.0,,,0,0.01,fraction_of_unit_bbox_diagonal,,0.0016,50,,,,,,,,,,,,,ok,,,,,,0.001386,0.003052,1.0,1.0,1.0,0.9998,,,,,12th Gen Intel(R) Core(TM) i7-1255U,12,15.68,Windows-10-10.0.26200-SP0,3.11.15,2.4.6,1.17.1,4.12.2,0.48.4,5.0.0,2.13.0+cpu,fd20710,10,False,,"(9, 6, 2)",2026-08-27T20:00:09+00:00,laplacian,0.998871
a3_refine_quality,221,smoothing_baseline,icosphere,,0.0,,,0,0.01,fraction_of_unit_bbox_diagonal,,0.0016,50,,,,,,,,,,,,,ok,,,,,,0.0,0.0,1.0,1.0,1.0,0.9998,,,,,12th Gen Intel(R) Core(TM) i7-1255U,12,15.68,Windows-10-10.0.26200-SP0,3.11.15,2.4.6,1.17.1,4.12.2,0.48.4,5.0.0,2.13.0+cpu,fd20710,10,False,,"(9, 6, 2)",2026-08-27T20:00:09+00:00,none,1.0
a3_refine_quality,222,smoothing_baseline,icosphere,,0.0,,,0,0.01,fraction_of_unit_bbox_diagonal,,0.0016,100,,,,,,,,,,,,,ok,,,,,,0.001561,0.003129,1.0,1.0,1.0,0.99968,,,,,12th Gen Intel(R) Core(TM) i7-1255U,12,15.68,Windows-10-10.0.26200-SP0,3.11.15,2.4.6,1.17.1,4.12.2,0.48.4,5.0.0,2.13.0+cpu,fd20710,10,False,,"(9, 6, 2)",2026-08-27T20:00:09+00:00,taubin,0.999945
a3_refine_quality,223,smoothing_baseline,icosphere,,0.0,,,0,0.01,fraction_of_unit_bbox_diagonal,,0.0016,100,,,,,,,,,,,,,ok,,,,,,0.001523,0.00311,1.0,1.0,1.0,0.99976,,,,,12th Gen Intel(R) Core(TM) i7-1255U,12,15.68,Windows-10-10.0.26200-SP0,3.11.15,2.4.6,1.17.1,4.12.2,0.48.4,5.0.0,2.13.0+cpu,fd20710,10,False,,"(9, 6, 2)",2026-08-27T20:00:09+00:00,laplacian,0.997747
a3_refine_quality,224,smoothing_baseline,icosphere,,0.0,,,0,0.01,fraction_of_unit_bbox_diagonal,,0.0016,100,,,,,,,,,,,,,ok,,,,,,0.0,0.0,1.0,1.0,1.0,0.9998,,,,,12th Gen Intel(R) Core(TM) i7-1255U,12,15.68,Windows-10-10.0.26200-SP0,3.11.15,2.4.6,1.17.1,4.12.2,0.48.4,5.0.0,2.13.0+cpu,fd20710,10,False,,"(9, 6, 2)",2026-08-27T20:00:09+00:00,none,1.0
a3_refine_quality,225,smoothing_baseline,icosphere,,0.0,,,1,0.01,fraction_of_unit_bbox_diagonal,,0.0016,15,,,,,,,,,,,,,ok,,,,,,0.001376,0.003062,1.0,1.0,1.0,0.99972,,,,,12th Gen Intel(R) Core(TM) i7-1255U,12,15.68,Windows-10-10.0.26200-SP0,3.11.15,2.4.6,1.17.1,4.12.2,0.48.4,5.0.0,2.13.0+cpu,fd20710,10,False,,"(9, 6, 2)",2026-08-27T20:00:09+00:00,taubin,0.99999
a3_refine_quality,226,smoothing_baseline,icosphere,,0.0,,,1,0.01,fraction_of_unit_bbox_diagonal,,0.0016,15,,,,,,,,,,,,,ok,,,,,,0.00081,0.002736,1.0,1.0,1.0,0.99981,,,,,12th Gen Intel(R) Core(TM) i7-1255U,12,15.68,Windows-10-10.0.26200-SP0,3.11.15,2.4.6,1.17.1,4.12.2,0.48.4,5.0.0,2.13.0+cpu,fd20710,10,False,,"(9, 6, 2)",2026-08-27T20:00:09+00:00,laplacian,0.999661
a3_refine_quality,227,smoothing_baseline,icosphere,,0.0,,,1,0.01,fraction_of_unit_bbox_diagonal,,0.0016,15,,,,,,,,,,,,,ok,,,,,,0.0,0.0,1.0,1.0,1.0,0.99981,,,,,12th Gen Intel(R) Core(TM) i7-1255U,12,15.68,Windows-10-10.0.26200-SP0,3.11.15,2.4.6,1.17.1,4.12.2,0.48.4,5.0.0,2.13.0+cpu,fd20710,10,False,,"(9, 6, 2)",2026-08-27T20:00:09+00:00,none,1.0
a3_refine_quality,228,smoothing_baseline,icosphere,,0.0,,,1,0.01,fraction_of_unit_bbox_diagonal,,0.0016,50,,,,,,,,,,,,,ok,,,,,,0.001537,0.00312,1.0,1.0,1.0,0.99969,,,,,12th Gen Intel(R) Core(TM) i7-1255U,12,15.68,Windows-10-10.0.26200-SP0,3.11.15,2.4.6,1.17.1,4.12.2,0.48.4,5.0.0,2.13.0+cpu,fd20710,10,False,,"(9, 6, 2)",2026-08-27T20:00:09+00:00,taubin,0.999971
a3_refine_quality,229,smoothing_baseline,icosphere,,0.0,,,1,0.01,fraction_of_unit_bbox_diagonal,,0.0016,50,,,,,,,,,,,,,ok,,,,,,0.001391,0.003062,1.0,1.0,1.0,0.9998,,,,,12th Gen Intel(R) Core(TM) i7-1255U,12,15.68,Windows-10-10.0.26200-SP0,3.11.15,2.4.6,1.17.1,4.12.2,0.48.4,5.0.0,2.13.0+cpu,fd20710,10,False,,"(9, 6, 2)",2026-08-27T20:00:09+00:00,laplacian,0.998871
a3_refine_quality,230,smoothing_baseline,icosphere,,0.0,,,1,0.01,fraction_of_unit_bbox_diagonal,,0.0016,50,,,,,,,,,,,,,ok,,,,,,0.0,0.0,1.0,1.0,1.0,0.99981,,,,,12th Gen Intel(R) Core(TM) i7-1255U,12,15.68,Windows-10-10.0.26200-SP0,3.11.15,2.4.6,1.17.1,4.12.2,0.48.4,5.0.0,2.13.0+cpu,fd20710,10,False,,"(9, 6, 2)",2026-08-27T20:00:09+00:00,none,1.0
a3_refine_quality,231,smoothing_baseline,icosphere,,0.0,,,1,0.01,fraction_of_unit_bbox_diagonal,,0.0016,100,,,,,,,,,,,,,ok,,,,,,0.001553,0.003125,1.0,1.0,1.0,0.99967,,,,,12th Gen Intel(R) Core(TM) i7-1255U,12,15.68,Windows-10-10.0.26200-SP0,3.11.15,2.4.6,1.17.1,4.12.2,0.48.4,5.0.0,2.13.0+cpu,fd20710,10,False,,"(9, 6, 2)",2026-08-27T20:00:09+00:00,taubin,0.999945
a3_refine_quality,232,smoothing_baseline,icosphere,,0.0,,,1,0.01,fraction_of_unit_bbox_diagonal,,0.0016,100,,,,,,,,,,,,,ok,,,,,,0.001519,0.003097,1.0,1.0,1.0,0.99976,,,,,12th Gen Intel(R) Core(TM) i7-1255U,12,15.68,Windows-10-10.0.26200-SP0,3.11.15,2.4.6,1.17.1,4.12.2,0.48.4,5.0.0,2.13.0+cpu,fd20710,10,False,,"(9, 6, 2)",2026-08-27T20:00:09+00:00,laplacian,0.997747
a3_refine_quality,233,smoothing_baseline,icosphere,,0.0,,,1,0.01,fraction_of_unit_bbox_diagonal,,0.0016,100,,,,,,,,,,,,,ok,,,,,,0.0,0.0,1.0,1.0,1.0,0.99981,,,,,12th Gen Intel(R) Core(TM) i7-1255U,12,15.68,Windows-10-10.0.26200-SP0,3.11.15,2.4.6,1.17.1,4.12.2,0.48.4,5.0.0,2.13.0+cpu,fd20710,10,False,,"(9, 6, 2)",2026-08-27T20:00:09+00:00,none,1.0
a3_refine_quality,234,smoothing_baseline,icosphere,,0.0,,,2,0.01,fraction_of_unit_bbox_diagonal,,0.0016,15,,,,,,,,,,,,,ok,,,,,,0.001367,0.003047,1.0,1.0,1.0,0.99972,,,,,12th Gen Intel(R) Core(TM) i7-1255U,12,15.68,Windows-10-10.0.26200-SP0,3.11.15,2.4.6,1.17.1,4.12.2,0.48.4,5.0.0,2.13.0+cpu,fd20710,10,False,,"(9, 6, 2)",2026-08-27T20:00:09+00:00,taubin,0.99999
a3_refine_quality,235,smoothing_baseline,icosphere,,0.0,,,2,0.01,fraction_of_unit_bbox_diagonal,,0.0016,15,,,,,,,,,,,,,ok,,,,,,0.000812,0.002732,1.0,1.0,1.0,0.99982,,,,,12th Gen Intel(R) Core(TM) i7-1255U,12,15.68,Windows-10-10.0.26200-SP0,3.11.15,2.4.6,1.17.1,4.12.2,0.48.4,5.0.0,2.13.0+cpu,fd20710,10,False,,"(9, 6, 2)",2026-08-27T20:00:09+00:00,laplacian,0.999661
a3_refine_quality,236,smoothing_baseline,icosphere,,0.0,,,2,0.01,fraction_of_unit_bbox_diagonal,,0.0016,15,,,,,,,,,,,,,ok,,,,,,0.0,0.0,1.0,1.0,1.0,0.99981,,,,,12th Gen Intel(R) Core(TM) i7-1255U,12,15.68,Windows-10-10.0.26200-SP0,3.11.15,2.4.6,1.17.1,4.12.2,0.48.4,5.0.0,2.13.0+cpu,fd20710,10,False,,"(9, 6, 2)",2026-08-27T20:00:09+00:00,none,1.0
a3_refine_quality,237,smoothing_baseline,icosphere,,0.0,,,2,0.01,fraction_of_unit_bbox_diagonal,,0.0016,50,,,,,,,,,,,,,ok,,,,,,0.001535,0.003123,1.0,1.0,1.0,0.99969,,,,,12th Gen Intel(R) Core(TM) i7-1255U,12,15.68,Windows-10-10.0.26200-SP0,3.11.15,2.4.6,1.17.1,4.12.2,0.48.4,5.0.0,2.13.0+cpu,fd20710,10,False,,"(9, 6, 2)",2026-08-27T20:00:09+00:00,taubin,0.999971
a3_refine_quality,238,smoothing_baseline,icosphere,,0.0,,,2,0.01,fraction_of_unit_bbox_diagonal,,0.0016,50,,,,,,,,,,,,,ok,,,,,,0.001383,0.003058,1.0,1.0,1.0,0.9998,,,,,12th Gen Intel(R) Core(TM) i7-1255U,12,15.68,Windows-10-10.0.26200-SP0,3.11.15,2.4.6,1.17.1,4.12.2,0.48.4,5.0.0,2.13.0+cpu,fd20710,10,False,,"(9, 6, 2)",2026-08-27T20:00:09+00:00,laplacian,0.998871
a3_refine_quality,239,smoothing_baseline,icosphere,,0.0,,,2,0.01,fraction_of_unit_bbox_diagonal,,0.0016,50,,,,,,,,,,,,,ok,,,,,,0.0,0.0,1.0,1.0,1.0,0.99981,,,,,12th Gen Intel(R) Core(TM) i7-1255U,12,15.68,Windows-10-10.0.26200-SP0,3.11.15,2.4.6,1.17.1,4.12.2,0.48.4,5.0.0,2.13.0+cpu,fd20710,10,False,,"(9, 6, 2)",2026-08-27T20:00:09+00:00,none,1.0
a3_refine_quality,240,smoothing_baseline,icosphere,,0.0,,,2,0.01,fraction_of_unit_bbox_diagonal,,0.0016,100,,,,,,,,,,,,,ok,,,,,,0.001553,0.003127,1.0,1.0,1.0,0.99968,,,,,12th Gen Intel(R) Core(TM) i7-1255U,12,15.68,Windows-10-10.0.26200-SP0,3.11.15,2.4.6,1.17.1,4.12.2,0.48.4,5.0.0,2.13.0+cpu,fd20710,10,False,,"(9, 6, 2)",2026-08-27T20:00:09+00:00,taubin,0.999945
a3_refine_quality,241,smoothing_baseline,icosphere,,0.0,,,2,0.01,fraction_of_unit_bbox_diagonal,,0.0016,100,,,,,,,,,,,,,ok,,,,,,0.001522,0.003113,1.0,1.0,1.0,0.99977,,,,,12th Gen Intel(R) Core(TM) i7-1255U,12,15.68,Windows-10-10.0.26200-SP0,3.11.15,2.4.6,1.17.1,4.12.2,0.48.4,5.0.0,2.13.0+cpu,fd20710,10,False,,"(9, 6, 2)",2026-08-27T20:00:09+00:00,laplacian,0.997747
a3_refine_quality,242,smoothing_baseline,icosphere,,0.0,,,2,0.01,fraction_of_unit_bbox_diagonal,,0.0016,100,,,,,,,,,,,,,ok,,,,,,0.0,0.0,1.0,1.0,1.0,0.99981,,,,,12th Gen Intel(R) Core(TM) i7-1255U,12,15.68,Windows-10-10.0.26200-SP0,3.11.15,2.4.6,1.17.1,4.12.2,0.48.4,5.0.0,2.13.0+cpu,fd20710,10,False,,"(9, 6, 2)",2026-08-27T20:00:09+00:00,none,1.0
a3_refine_quality,243,smoothing_baseline,icosphere,,0.002,,,0,0.01,fraction_of_unit_bbox_diagonal,,0.0016,15,,,,,,,,,,,,,ok,,,,,,0.001764,0.00323,1.0,1.0,1.0,0.99329,,,,,12th Gen Intel(R) Core(TM) i7-1255U,12,15.68,Windows-10-10.0.26200-SP0,3.11.15,2.4.6,1.17.1,4.12.2,0.48.4,5.0.0,2.13.0+cpu,fd20710,10,False,,"(9, 6, 2)",2026-08-27T20:00:09+00:00,taubin,1.000124
a3_refine_quality,244,smoothing_baseline,icosphere,,0.002,,,0,0.01,fraction_of_unit_bbox_diagonal,,0.0016,15,,,,,,,,,,,,,ok,,,,,,0.001991,0.003555,1.0,1.0,1.0,0.95243,,,,,12th Gen Intel(R) Core(TM) i7-1255U,12,15.68,Windows-10-10.0.26200-SP0,3.11.15,2.4.6,1.17.1,4.12.2,0.48.4,5.0.0,2.13.0+cpu,fd20710,10,False,,"(9, 6, 2)",2026-08-27T20:00:09+00:00,laplacian,0.99979
a3_refine_quality,245,smoothing_baseline,icosphere,,0.002,,,0,0.01,fraction_of_unit_bbox_diagonal,,0.0016,15,,,,,,,,,,,,,ok,,,,,,0.002085,0.003725,1.0,1.0,1.0,0.93197,,,,,12th Gen Intel(R) Core(TM) i7-1255U,12,15.68,Windows-10-10.0.26200-SP0,3.11.15,2.4.6,1.17.1,4.12.2,0.48.4,5.0.0,2.13.0+cpu,fd20710,10,False,,"(9, 6, 2)",2026-08-27T20:00:09+00:00,none,1.000125
a3_refine_quality,246,smoothing_baseline,icosphere,,0.002,,,0,0.01,fraction_of_unit_bbox_diagonal,,0.0016,50,,,,,,,,,,,,,ok,,,,,,0.001636,0.003143,1.0,1.0,1.0,0.99916,,,,,12th Gen Intel(R) Core(TM) i7-1255U,12,15.68,Windows-10-10.0.26200-SP0,3.11.15,2.4.6,1.17.1,4.12.2,0.48.4,5.0.0,2.13.0+cpu,fd20710,10,False,,"(9, 6, 2)",2026-08-27T20:00:09+00:00,taubin,1.000122
a3_refine_quality,247,smoothing_baseline,icosphere,,0.002,,,0,0.01,fraction_of_unit_bbox_diagonal,,0.0016,50,,,,,,,,,,,,,ok,,,,,,0.001847,0.003327,1.0,1.0,1.0,0.97795,,,,,12th Gen Intel(R) Core(TM) i7-1255U,12,15.68,Windows-10-10.0.26200-SP0,3.11.15,2.4.6,1.17.1,4.12.2,0.48.4,5.0.0,2.13.0+cpu,fd20710,10,False,,"(9, 6, 2)",2026-08-27T20:00:09+00:00,laplacian,0.999008
a3_refine_quality,248,smoothing_baseline,icosphere,,0.002,,,0,0.01,fraction_of_unit_bbox_diagonal,,0.0016,50,,,,,,,,,,,,,ok,,,,,,0.002085,0.003725,1.0,1.0,1.0,0.93197,,,,,12th Gen Intel(R) Core(TM) i7-1255U,12,15.68,Windows-10-10.0.26200-SP0,3.11.15,2.4.6,1.17.1,4.12.2,0.48.4,5.0.0,2.13.0+cpu,fd20710,10,False,,"(9, 6, 2)",2026-08-27T20:00:09+00:00,none,1.000125
a3_refine_quality,249,smoothing_baseline,icosphere,,0.002,,,0,0.01,fraction_of_unit_bbox_diagonal,,0.0016,100,,,,,,,,,,,,,ok,,,,,,0.001606,0.003134,1.0,1.0,1.0,0.99944,,,,,12th Gen Intel(R) Core(TM) i7-1255U,12,15.68,Windows-10-10.0.26200-SP0,3.11.15,2.4.6,1.17.1,4.12.2,0.48.4,5.0.0,2.13.0+cpu,fd20710,10,False,,"(9, 6, 2)",2026-08-27T20:00:09+00:00,taubin,1.000107
a3_refine_quality,250,smoothing_baseline,icosphere,,0.002,,,0,0.01,fraction_of_unit_bbox_diagonal,,0.0016,100,,,,,,,,,,,,,ok,,,,,,0.00175,0.003223,1.0,1.0,1.0,0.99181,,,,,12th Gen Intel(R) Core(TM) i7-1255U,12,15.68,Windows-10-10.0.26200-SP0,3.11.15,2.4.6,1.17.1,4.12.2,0.48.4,5.0.0,2.13.0+cpu,fd20710,10,False,,"(9, 6, 2)",2026-08-27T20:00:09+00:00,laplacian,0.99789
a3_refine_quality,251,smoothing_baseline,icosphere,,0.002,,,0,0.01,fraction_of_unit_bbox_diagonal,,0.0016,100,,,,,,,,,,,,,ok,,,,,,0.002085,0.003725,1.0,1.0,1.0,0.93197,,,,,12th Gen Intel(R) Core(TM) i7-1255U,12,15.68,Windows-10-10.0.26200-SP0,3.11.15,2.4.6,1.17.1,4.12.2,0.48.4,5.0.0,2.13.0+cpu,fd20710,10,False,,"(9, 6, 2)",2026-08-27T20:00:09+00:00,none,1.000125
a3_refine_quality,252,smoothing_baseline,icosphere,,0.002,,,1,0.01,fraction_of_unit_bbox_diagonal,,0.0016,15,,,,,,,,,,,,,ok,,,,,,0.001797,0.003251,1.0,1.0,1.0,0.99334,,,,,12th Gen Intel(R) Core(TM) i7-1255U,12,15.68,Windows-10-10.0.26200-SP0,3.11.15,2.4.6,1.17.1,4.12.2,0.48.4,5.0.0,2.13.0+cpu,fd20710,10,False,,"(9, 6, 2)",2026-08-27T20:00:09+00:00,taubin,1.000121
a3_refine_quality,253,smoothing_baseline,icosphere,,0.002,,,1,0.01,fraction_of_unit_bbox_diagonal,,0.0016,15,,,,,,,,,,,,,ok,,,,,,0.001987,0.003544,1.0,1.0,1.0,0.95222,,,,,12th Gen Intel(R) Core(TM) i7-1255U,12,15.68,Windows-10-10.0.26200-SP0,3.11.15,2.4.6,1.17.1,4.12.2,0.48.4,5.0.0,2.13.0+cpu,fd20710,10,False,,"(9, 6, 2)",2026-08-27T20:00:09+00:00,laplacian,0.999786
a3_refine_quality,254,smoothing_baseline,icosphere,,0.002,,,1,0.01,fraction_of_unit_bbox_diagonal,,0.0016,15,,,,,,,,,,,,,ok,,,,,,0.002076,0.003725,1.0,1.0,1.0,0.9314,,,,,12th Gen Intel(R) Core(TM) i7-1255U,12,15.68,Windows-10-10.0.26200-SP0,3.11.15,2.4.6,1.17.1,4.12.2,0.48.4,5.0.0,2.13.0+cpu,fd20710,10,False,,"(9, 6, 2)",2026-08-27T20:00:09+00:00,none,1.000122
a3_refine_quality,255,smoothing_baseline,icosphere,,0.002,,,1,0.01,fraction_of_unit_bbox_diagonal,,0.0016,50,,,,,,,,,,,,,ok,,,,,,0.001669,0.003172,1.0,1.0,1.0,0.99919,,,,,12th Gen Intel(R) Core(TM) i7-1255U,12,15.68,Windows-10-10.0.26200-SP0,3.11.15,2.4.6,1.17.1,4.12.2,0.48.4,5.0.0,2.13.0+cpu,fd20710,10,False,,"(9, 6, 2)",2026-08-27T20:00:09+00:00,taubin,1.000096
a3_refine_quality,256,smoothing_baseline,icosphere,,0.002,,,1,0.01,fraction_of_unit_bbox_diagonal,,0.0016,50,,,,,,,,,,,,,ok,,,,,,0.001865,0.003358,1.0,1.0,1.0,0.97816,,,,,12th Gen Intel(R) Core(TM) i7-1255U,12,15.68,Windows-10-10.0.26200-SP0,3.11.15,2.4.6,1.17.1,4.12.2,0.48.4,5.0.0,2.13.0+cpu,fd20710,10,False,,"(9, 6, 2)",2026-08-27T20:00:09+00:00,laplacian,0.999001
a3_refine_quality,257,smoothing_baseline,icosphere,,0.002,,,1,0.01,fraction_of_unit_bbox_diagonal,,0.0016,50,,,,,,,,,,,,,ok,,,,,,0.002076,0.003725,1.0,1.0,1.0,0.9314,,,,,12th Gen Intel(R) Core(TM) i7-1255U,12,15.68,Windows-10-10.0.26200-SP0,3.11.15,2.4.6,1.17.1,4.12.2,0.48.4,5.0.0,2.13.0+cpu,fd20710,10,False,,"(9, 6, 2)",2026-08-27T20:00:09+00:00,none,1.000122
a3_refine_quality,258,smoothing_baseline,icosphere,,0.002,,,1,0.01,fraction_of_unit_bbox_diagonal,,0.0016,100,,,,,,,,,,,,,ok,,,,,,0.001633,0.003148,1.0,1.0,1.0,0.99946,,,,,12th Gen Intel(R) Core(TM) i7-1255U,12,15.68,Windows-10-10.0.26200-SP0,3.11.15,2.4.6,1.17.1,4.12.2,0.48.4,5.0.0,2.13.0+cpu,fd20710,10,False,,"(9, 6, 2)",2026-08-27T20:00:09+00:00,taubin,1.000075
a3_refine_quality,259,smoothing_baseline,icosphere,,0.002,,,1,0.01,fraction_of_unit_bbox_diagonal,,0.0016,100,,,,,,,,,,,,,ok,,,,,,0.001772,0.003244,1.0,1.0,1.0,0.99201,,,,,12th Gen Intel(R) Core(TM) i7-1255U,12,15.68,Windows-10-10.0.26200-SP0,3.11.15,2.4.6,1.17.1,4.12.2,0.48.4,5.0.0,2.13.0+cpu,fd20710,10,False,,"(9, 6, 2)",2026-08-27T20:00:09+00:00,laplacian,0.997878
a3_refine_quality,260,smoothing_baseline,icosphere,,0.002,,,1,0.01,fraction_of_unit_bbox_diagonal,,0.0016,100,,,,,,,,,,,,,ok,,,,,,0.002076,0.003725,1.0,1.0,1.0,0.9314,,,,,12th Gen Intel(R) Core(TM) i7-1255U,12,15.68,Windows-10-10.0.26200-SP0,3.11.15,2.4.6,1.17.1,4.12.2,0.48.4,5.0.0,2.13.0+cpu,fd20710,10,False,,"(9, 6, 2)",2026-08-27T20:00:09+00:00,none,1.000122
a3_refine_quality,261,smoothing_baseline,icosphere,,0.002,,,2,0.01,fraction_of_unit_bbox_diagonal,,0.0016,15,,,,,,,,,,,,,ok,,,,,,0.001783,0.003248,1.0,1.0,1.0,0.99312,,,,,12th Gen Intel(R) Core(TM) i7-1255U,12,15.68,Windows-10-10.0.26200-SP0,3.11.15,2.4.6,1.17.1,4.12.2,0.48.4,5.0.0,2.13.0+cpu,fd20710,10,False,,"(9, 6, 2)",2026-08-27T20:00:09+00:00,taubin,0.999573
a3_refine_quality,262,smoothing_baseline,icosphere,,0.002,,,2,0.01,fraction_of_unit_bbox_diagonal,,0.0016,15,,,,,,,,,,,,,ok,,,,,,0.002006,0.00358,1.0,1.0,1.0,0.95236,,,,,12th Gen Intel(R) Core(TM) i7-1255U,12,15.68,Windows-10-10.0.26200-SP0,3.11.15,2.4.6,1.17.1,4.12.2,0.48.4,5.0.0,2.13.0+cpu,fd20710,10,False,,"(9, 6, 2)",2026-08-27T20:00:09+00:00,laplacian,0.999247
a3_refine_quality,263,smoothing_baseline,icosphere,,0.002,,,2,0.01,fraction_of_unit_bbox_diagonal,,0.0016,15,,,,,,,,,,,,,ok,,,,,,0.002091,0.003766,1.0,1.0,1.0,0.93109,,,,,12th Gen Intel(R) Core(TM) i7-1255U,12,15.68,Windows-10-10.0.26200-SP0,3.11.15,2.4.6,1.17.1,4.12.2,0.48.4,5.0.0,2.13.0+cpu,fd20710,10,False,,"(9, 6, 2)",2026-08-27T20:00:09+00:00,none,0.999585
a3_refine_quality,264,smoothing_baseline,icosphere,,0.002,,,2,0.01,fraction_of_unit_bbox_diagonal,,0.0016,50,,,,,,,,,,,,,ok,,,,,,0.001627,0.00314,1.0,1.0,1.0,0.99917,,,,,12th Gen Intel(R) Core(TM) i7-1255U,12,15.68,Windows-10-10.0.26200-SP0,3.11.15,2.4.6,1.17.1,4.12.2,0.48.4,5.0.0,2.13.0+cpu,fd20710,10,False,,"(9, 6, 2)",2026-08-27T20:00:09+00:00,taubin,0.999551
a3_refine_quality,265,smoothing_baseline,icosphere,,0.002,,,2,0.01,fraction_of_unit_bbox_diagonal,,0.0016,50,,,,,,,,,,,,,ok,,,,,,0.001847,0.003328,1.0,1.0,1.0,0.97812,,,,,12th Gen Intel(R) Core(TM) i7-1255U,12,15.68,Windows-10-10.0.26200-SP0,3.11.15,2.4.6,1.17.1,4.12.2,0.48.4,5.0.0,2.13.0+cpu,fd20710,10,False,,"(9, 6, 2)",2026-08-27T20:00:09+00:00,laplacian,0.998459
a3_refine_quality,266,smoothing_baseline,icosphere,,0.002,,,2,0.01,fraction_of_unit_bbox_diagonal,,0.0016,50,,,,,,,,,,,,,ok,,,,,,0.002091,0.003766,1.0,1.0,1.0,0.93109,,,,,12th Gen Intel(R) Core(TM) i7-1255U,12,15.68,Windows-10-10.0.26200-SP0,3.11.15,2.4.6,1.17.1,4.12.2,0.48.4,5.0.0,2.13.0+cpu,fd20710,10,False,,"(9, 6, 2)",2026-08-27T20:00:09+00:00,none,0.999585
a3_refine_quality,267,smoothing_baseline,icosphere,,0.002,,,2,0.01,fraction_of_unit_bbox_diagonal,,0.0016,100,,,,,,,,,,,,,ok,,,,,,0.001619,0.003144,1.0,1.0,1.0,0.99944,,,,,12th Gen Intel(R) Core(TM) i7-1255U,12,15.68,Windows-10-10.0.26200-SP0,3.11.15,2.4.6,1.17.1,4.12.2,0.48.4,5.0.0,2.13.0+cpu,fd20710,10,False,,"(9, 6, 2)",2026-08-27T20:00:09+00:00,taubin,0.999535
a3_refine_quality,268,smoothing_baseline,icosphere,,0.002,,,2,0.01,fraction_of_unit_bbox_diagonal,,0.0016,100,,,,,,,,,,,,,ok,,,,,,0.001734,0.003199,1.0,1.0,1.0,0.99179,,,,,12th Gen Intel(R) Core(TM) i7-1255U,12,15.68,Windows-10-10.0.26200-SP0,3.11.15,2.4.6,1.17.1,4.12.2,0.48.4,5.0.0,2.13.0+cpu,fd20710,10,False,,"(9, 6, 2)",2026-08-27T20:00:09+00:00,laplacian,0.997336
a3_refine_quality,269,smoothing_baseline,icosphere,,0.002,,,2,0.01,fraction_of_unit_bbox_diagonal,,0.0016,100,,,,,,,,,,,,,ok,,,,,,0.002091,0.003766,1.0,1.0,1.0,0.93109,,,,,12th Gen Intel(R) Core(TM) i7-1255U,12,15.68,Windows-10-10.0.26200-SP0,3.11.15,2.4.6,1.17.1,4.12.2,0.48.4,5.0.0,2.13.0+cpu,fd20710,10,False,,"(9, 6, 2)",2026-08-27T20:00:09+00:00,none,0.999585
a3_refine_quality,270,smoothing_baseline,icosphere,,0.005,,,0,0.01,fraction_of_unit_bbox_diagonal,,0.0016,15,,,,,,,,,,,,,ok,,,,,,0.002491,0.004692,1.0,1.0,1.0,0.95891,,,,,12th Gen Intel(R) Core(TM) i7-1255U,12,15.68,Windows-10-10.0.26200-SP0,3.11.15,2.4.6,1.17.1,4.12.2,0.48.4,5.0.0,2.13.0+cpu,fd20710,10,False,,"(9, 6, 2)",2026-08-27T20:00:09+00:00,taubin,1.000271
a3_refine_quality,271,smoothing_baseline,icosphere,,0.005,,,0,0.01,fraction_of_unit_bbox_diagonal,,0.0016,15,,,,,,,,,,,,,ok,,,,,,0.003031,0.006604,0.9971,1.0,0.9986,0.75305,,,,,12th Gen Intel(R) Core(TM) i7-1255U,12,15.68,Windows-10-10.0.26200-SP0,3.11.15,2.4.6,1.17.1,4.12.2,0.48.4,5.0.0,2.13.0+cpu,fd20710,10,False,,"(9, 6, 2)",2026-08-27T20:00:09+00:00,laplacian,0.999913
a3_refine_quality,272,smoothing_baseline,icosphere,,0.005,,,0,0.01,fraction_of_unit_bbox_diagonal,,0.0016,15,,,,,,,,,,,,,ok,,,,,,0.00324,0.00744,0.9911,1.0,0.9955,0.69791,,,,,12th Gen Intel(R) Core(TM) i7-1255U,12,15.68,Windows-10-10.0.26200-SP0,3.11.15,2.4.6,1.17.1,4.12.2,0.48.4,5.0.0,2.13.0+cpu,fd20710,10,False,,"(9, 6, 2)",2026-08-27T20:00:09+00:00,none,1.000222
a3_refine_quality,273,smoothing_baseline,icosphere,,0.005,,,0,0.01,fraction_of_unit_bbox_diagonal,,0.0016,50,,,,,,,,,,,,,ok,,,,,,0.002001,0.003534,1.0,1.0,1.0,0.99635,,,,,12th Gen Intel(R) Core(TM) i7-1255U,12,15.68,Windows-10-10.0.26200-SP0,3.11.15,2.4.6,1.17.1,4.12.2,0.48.4,5.0.0,2.13.0+cpu,fd20710,10,False,,"(9, 6, 2)",2026-08-27T20:00:09+00:00,taubin,1.000338
a3_refine_quality,274,smoothing_baseline,icosphere,,0.005,,,0,0.01,fraction_of_unit_bbox_diagonal,,0.0016,50,,,,,,,,,,,,,ok,,,,,,0.002657,0.005287,0.9999,1.0,1.0,0.86681,,,,,12th Gen Intel(R) Core(TM) i7-1255U,12,15.68,Windows-10-10.0.26200-SP0,3.11.15,2.4.6,1.17.1,4.12.2,0.48.4,5.0.0,2.13.0+cpu,fd20710,10,False,,"(9, 6, 2)",2026-08-27T20:00:09+00:00,laplacian,0.999165
a3_refine_quality,275,smoothing_baseline,icosphere,,0.005,,,0,0.01,fraction_of_unit_bbox_diagonal,,0.0016,50,,,,,,,,,,,,,ok,,,,,,0.00324,0.00744,0.9911,1.0,0.9955,0.69791,,,,,12th Gen Intel(R) Core(TM) i7-1255U,12,15.68,Windows-10-10.0.26200-SP0,3.11.15,2.4.6,1.17.1,4.12.2,0.48.4,5.0.0,2.13.0+cpu,fd20710,10,False,,"(9, 6, 2)",2026-08-27T20:00:09+00:00,none,1.000222
a3_refine_quality,276,smoothing_baseline,icosphere,,0.005,,,0,0.01,fraction_of_unit_bbox_diagonal,,0.0016,100,,,,,,,,,,,,,ok,,,,,,0.001886,0.003367,1.0,1.0,1.0,0.9982,,,,,12th Gen Intel(R) Core(TM) i7-1255U,12,15.68,Windows-10-10.0.26200-SP0,3.11.15,2.4.6,1.17.1,4.12.2,0.48.4,5.0.0,2.13.0+cpu,fd20710,10,False,,"(9, 6, 2)",2026-08-27T20:00:09+00:00,taubin,1.00035
a3_refine_quality,277,smoothing_baseline,icosphere,,0.005,,,0,0.01,fraction_of_unit_bbox_diagonal,,0.0016,100,,,,,,,,,,,,,ok,,,,,,0.002344,0.004313,1.0,1.0,1.0,0.94993,,,,,12th Gen Intel(R) Core(TM) i7-1255U,12,15.68,Windows-10-10.0.26200-SP0,3.11.15,2.4.6,1.17.1,4.12.2,0.48.4,5.0.0,2.13.0+cpu,fd20710,10,False,,"(9, 6, 2)",2026-08-27T20:00:09+00:00,laplacian,0.998072
a3_refine_quality,278,smoothing_baseline,icosphere,,0.005,,,0,0.01,fraction_of_unit_bbox_diagonal,,0.0016,100,,,,,,,,,,,,,ok,,,,,,0.00324,0.00744,0.9911,1.0,0.9955,0.69791,,,,,12th Gen Intel(R) Core(TM) i7-1255U,12,15.68,Windows-10-10.0.26200-SP0,3.11.15,2.4.6,1.17.1,4.12.2,0.48.4,5.0.0,2.13.0+cpu,fd20710,10,False,,"(9, 6, 2)",2026-08-27T20:00:09+00:00,none,1.000222
a3_refine_quality,279,smoothing_baseline,icosphere,,0.005,,,1,0.01,fraction_of_unit_bbox_diagonal,,0.0016,15,,,,,,,,,,,,,ok,,,,,,0.002496,0.004608,1.0,1.0,1.0,0.95991,,,,,12th Gen Intel(R) Core(TM) i7-1255U,12,15.68,Windows-10-10.0.26200-SP0,3.11.15,2.4.6,1.17.1,4.12.2,0.48.4,5.0.0,2.13.0+cpu,fd20710,10,False,,"(9, 6, 2)",2026-08-27T20:00:09+00:00,taubin,1.000267
a3_refine_quality,280,smoothing_baseline,icosphere,,0.005,,,1,0.01,fraction_of_unit_bbox_diagonal,,0.0016,15,,,,,,,,,,,,,ok,,,,,,0.003026,0.00656,0.9963,1.0,0.9981,0.75613,,,,,12th Gen Intel(R) Core(TM) i7-1255U,12,15.68,Windows-10-10.0.26200-SP0,3.11.15,2.4.6,1.17.1,4.12.2,0.48.4,5.0.0,2.13.0+cpu,fd20710,10,False,,"(9, 6, 2)",2026-08-27T20:00:09+00:00,laplacian,0.999863
a3_refine_quality,281,smoothing_baseline,icosphere,,0.005,,,1,0.01,fraction_of_unit_bbox_diagonal,,0.0016,15,,,,,,,,,,,,,ok,,,,,,0.003235,0.007417,0.9902,1.0,0.9951,0.70181,,,,,12th Gen Intel(R) Core(TM) i7-1255U,12,15.68,Windows-10-10.0.26200-SP0,3.11.15,2.4.6,1.17.1,4.12.2,0.48.4,5.0.0,2.13.0+cpu,fd20710,10,False,,"(9, 6, 2)",2026-08-27T20:00:09+00:00,none,1.00016
a3_refine_quality,282,smoothing_baseline,icosphere,,0.005,,,1,0.01,fraction_of_unit_bbox_diagonal,,0.0016,50,,,,,,,,,,,,,ok,,,,,,0.002009,0.003522,1.0,1.0,1.0,0.99661,,,,,12th Gen Intel(R) Core(TM) i7-1255U,12,15.68,Windows-10-10.0.26200-SP0,3.11.15,2.4.6,1.17.1,4.12.2,0.48.4,5.0.0,2.13.0+cpu,fd20710,10,False,,"(9, 6, 2)",2026-08-27T20:00:09+00:00,taubin,1.000269
a3_refine_quality,283,smoothing_baseline,icosphere,,0.005,,,1,0.01,fraction_of_unit_bbox_diagonal,,0.0016,50,,,,,,,,,,,,,ok,,,,,,0.002658,0.005207,0.9998,1.0,0.9999,0.87033,,,,,12th Gen Intel(R) Core(TM) i7-1255U,12,15.68,Windows-10-10.0.26200-SP0,3.11.15,2.4.6,1.17.1,4.12.2,0.48.4,5.0.0,2.13.0+cpu,fd20710,10,False,,"(9, 6, 2)",2026-08-27T20:00:09+00:00,laplacian,0.999131
a3_refine_quality,284,smoothing_baseline,icosphere,,0.005,,,1,0.01,fraction_of_unit_bbox_diagonal,,0.0016,50,,,,,,,,,,,,,ok,,,,,,0.003235,0.007417,0.9902,1.0,0.9951,0.70181,,,,,12th Gen Intel(R) Core(TM) i7-1255U,12,15.68,Windows-10-10.0.26200-SP0,3.11.15,2.4.6,1.17.1,4.12.2,0.48.4,5.0.0,2.13.0+cpu,fd20710,10,False,,"(9, 6, 2)",2026-08-27T20:00:09+00:00,none,1.00016
a3_refine_quality,285,smoothing_baseline,icosphere,,0.005,,,1,0.01,fraction_of_unit_bbox_diagonal,,0.0016,100,,,,,,,,,,,,,ok,,,,,,0.001902,0.003379,1.0,1.0,1.0,0.99829,,,,,12th Gen Intel(R) Core(TM) i7-1255U,12,15.68,Windows-10-10.0.26200-SP0,3.11.15,2.4.6,1.17.1,4.12.2,0.48.4,5.0.0,2.13.0+cpu,fd20710,10,False,,"(9, 6, 2)",2026-08-27T20:00:09+00:00,taubin,1.000256
a3_refine_quality,286,smoothing_baseline,icosphere,,0.005,,,1,0.01,fraction_of_unit_bbox_diagonal,,0.0016,100,,,,,,,,,,,,,ok,,,,,,0.002342,0.004259,1.0,1.0,1.0,0.95133,,,,,12th Gen Intel(R) Core(TM) i7-1255U,12,15.68,Windows-10-10.0.26200-SP0,3.11.15,2.4.6,1.17.1,4.12.2,0.48.4,5.0.0,2.13.0+cpu,fd20710,10,False,,"(9, 6, 2)",2026-08-27T20:00:09+00:00,laplacian,0.998042
a3_refine_quality,287,smoothing_baseline,icosphere,,0.005,,,1,0.01,fraction_of_unit_bbox_diagonal,,0.0016,100,,,,,,,,,,,,,ok,,,,,,0.003235,0.007417,0.9902,1.0,0.9951,0.70181,,,,,12th Gen Intel(R) Core(TM) i7-1255U,12,15.68,Windows-10-10.0.26200-SP0,3.11.15,2.4.6,1.17.1,4.12.2,0.48.4,5.0.0,2.13.0+cpu,fd20710,10,False,,"(9, 6, 2)",2026-08-27T20:00:09+00:00,none,1.00016
a3_refine_quality,288,smoothing_baseline,icosphere,,0.005,,,2,0.01,fraction_of_unit_bbox_diagonal,,0.0016,15,,,,,,,,,,,,,ok,,,,,,0.002524,0.004687,1.0,1.0,1.0,0.95813,,,,,12th Gen Intel(R) Core(TM) i7-1255U,12,15.68,Windows-10-10.0.26200-SP0,3.11.15,2.4.6,1.17.1,4.12.2,0.48.4,5.0.0,2.13.0+cpu,fd20710,10,False,,"(9, 6, 2)",2026-08-27T20:00:09+00:00,taubin,0.998873
a3_refine_quality,289,smoothing_baseline,icosphere,,0.005,,,2,0.01,fraction_of_unit_bbox_diagonal,,0.0016,15,,,,,,,,,,,,,ok,,,,,,0.003053,0.006695,0.9963,1.0,0.9982,0.74768,,,,,12th Gen Intel(R) Core(TM) i7-1255U,12,15.68,Windows-10-10.0.26200-SP0,3.11.15,2.4.6,1.17.1,4.12.2,0.48.4,5.0.0,2.13.0+cpu,fd20710,10,False,,"(9, 6, 2)",2026-08-27T20:00:09+00:00,laplacian,0.998559
a3_refine_quality,290,smoothing_baseline,icosphere,,0.005,,,2,0.01,fraction_of_unit_bbox_diagonal,,0.0016,15,,,,,,,,,,,,,ok,,,,,,0.003265,0.007571,0.9897,1.0,0.9948,0.69848,,,,,12th Gen Intel(R) Core(TM) i7-1255U,12,15.68,Windows-10-10.0.26200-SP0,3.11.15,2.4.6,1.17.1,4.12.2,0.48.4,5.0.0,2.13.0+cpu,fd20710,10,False,,"(9, 6, 2)",2026-08-27T20:00:09+00:00,none,0.998901
a3_refine_quality,291,smoothing_baseline,icosphere,,0.005,,,2,0.01,fraction_of_unit_bbox_diagonal,,0.0016,50,,,,,,,,,,,,,ok,,,,,,0.001993,0.003507,1.0,1.0,1.0,0.99637,,,,,12th Gen Intel(R) Core(TM) i7-1255U,12,15.68,Windows-10-10.0.26200-SP0,3.11.15,2.4.6,1.17.1,4.12.2,0.48.4,5.0.0,2.13.0+cpu,fd20710,10,False,,"(9, 6, 2)",2026-08-27T20:00:09+00:00,taubin,0.998877
a3_refine_quality,292,smoothing_baseline,icosphere,,0.005,,,2,0.01,fraction_of_unit_bbox_diagonal,,0.0016,50,,,,,,,,,,,,,ok,,,,,,0.002687,0.005315,0.9998,1.0,0.9999,0.86558,,,,,12th Gen Intel(R) Core(TM) i7-1255U,12,15.68,Windows-10-10.0.26200-SP0,3.11.15,2.4.6,1.17.1,4.12.2,0.48.4,5.0.0,2.13.0+cpu,fd20710,10,False,,"(9, 6, 2)",2026-08-27T20:00:09+00:00,laplacian,0.997775
a3_refine_quality,293,smoothing_baseline,icosphere,,0.005,,,2,0.01,fraction_of_unit_bbox_diagonal,,0.0016,50,,,,,,,,,,,,,ok,,,,,,0.003265,0.007571,0.9897,1.0,0.9948,0.69848,,,,,12th Gen Intel(R) Core(TM) i7-1255U,12,15.68,Windows-10-10.0.26200-SP0,3.11.15,2.4.6,1.17.1,4.12.2,0.48.4,5.0.0,2.13.0+cpu,fd20710,10,False,,"(9, 6, 2)",2026-08-27T20:00:09+00:00,none,0.998901
a3_refine_quality,294,smoothing_baseline,icosphere,,0.005,,,2,0.01,fraction_of_unit_bbox_diagonal,,0.0016,100,,,,,,,,,,,,,ok,,,,,,0.001879,0.003339,1.0,1.0,1.0,0.99815,,,,,12th Gen Intel(R) Core(TM) i7-1255U,12,15.68,Windows-10-10.0.26200-SP0,3.11.15,2.4.6,1.17.1,4.12.2,0.48.4,5.0.0,2.13.0+cpu,fd20710,10,False,,"(9, 6, 2)",2026-08-27T20:00:09+00:00,taubin,0.998898
a3_refine_quality,295,smoothing_baseline,icosphere,,0.005,,,2,0.01,fraction_of_unit_bbox_diagonal,,0.0016,100,,,,,,,,,,,,,ok,,,,,,0.00237,0.00432,1.0,1.0,1.0,0.94958,,,,,12th Gen Intel(R) Core(TM) i7-1255U,12,15.68,Windows-10-10.0.26200-SP0,3.11.15,2.4.6,1.17.1,4.12.2,0.48.4,5.0.0,2.13.0+cpu,fd20710,10,False,,"(9, 6, 2)",2026-08-27T20:00:09+00:00,laplacian,0.996663
a3_refine_quality,296,smoothing_baseline,icosphere,,0.005,,,2,0.01,fraction_of_unit_bbox_diagonal,,0.0016,100,,,,,,,,,,,,,ok,,,,,,0.003265,0.007571,0.9897,1.0,0.9948,0.69848,,,,,12th Gen Intel(R) Core(TM) i7-1255U,12,15.68,Windows-10-10.0.26200-SP0,3.11.15,2.4.6,1.17.1,4.12.2,0.48.4,5.0.0,2.13.0+cpu,fd20710,10,False,,"(9, 6, 2)",2026-08-27T20:00:09+00:00,none,0.998901
a3_refine_quality,297,smoothing_baseline,icosphere,,0.01,,,0,0.01,fraction_of_unit_bbox_diagonal,,0.0016,15,,,,,,,,,,,,,ok,,,,,,0.003745,0.008577,0.9759,0.9957,0.9857,0.84468,,,,,12th Gen Intel(R) Core(TM) i7-1255U,12,15.68,Windows-10-10.0.26200-SP0,3.11.15,2.4.6,1.17.1,4.12.2,0.48.4,5.0.0,2.13.0+cpu,fd20710,10,False,,"(9, 6, 2)",2026-08-27T20:00:09+00:00,taubin,1.000358
a3_refine_quality,298,smoothing_baseline,icosphere,,0.01,,,0,0.01,fraction_of_unit_bbox_diagonal,,0.0016,15,,,,,,,,,,,,,ok,,,,,,0.00464,0.012896,0.874,0.998,0.9319,0.57958,,,,,12th Gen Intel(R) Core(TM) i7-1255U,12,15.68,Windows-10-10.0.26200-SP0,3.11.15,2.4.6,1.17.1,4.12.2,0.48.4,5.0.0,2.13.0+cpu,fd20710,10,False,,"(9, 6, 2)",2026-08-27T20:00:09+00:00,laplacian,0.999848
a3_refine_quality,299,smoothing_baseline,icosphere,,0.01,,,0,0.01,fraction_of_unit_bbox_diagonal,,0.0016,15,,,,,,,,,,,,,ok,,,,,,0.005007,0.014644,0.825,0.9978,0.9032,0.55284,,,,,12th Gen Intel(R) Core(TM) i7-1255U,12,15.68,Windows-10-10.0.26200-SP0,3.11.15,2.4.6,1.17.1,4.12.2,0.48.4,5.0.0,2.13.0+cpu,fd20710,10,False,,"(9, 6, 2)",2026-08-27T20:00:09+00:00,none,1.000036
a3_refine_quality,300,smoothing_baseline,icosphere,,0.01,,,0,0.01,fraction_of_unit_bbox_diagonal,,0.0016,50,,,,,,,,,,,,,ok,,,,,,0.002751,0.0053,1.0,1.0,1.0,0.98635,,,,,12th Gen Intel(R) Core(TM) i7-1255U,12,15.68,Windows-10-10.0.26200-SP0,3.11.15,2.4.6,1.17.1,4.12.2,0.48.4,5.0.0,2.13.0+cpu,fd20710,10,False,,"(9, 6, 2)",2026-08-27T20:00:09+00:00,taubin,1.000668
a3_refine_quality,301,smoothing_baseline,icosphere,,0.01,,,0,0.01,fraction_of_unit_bbox_diagonal,,0.0016,50,,,,,,,,,,,,,ok,,,,,,0.003986,0.010029,0.9493,0.9983,0.9732,0.66215,,,,,12th Gen Intel(R) Core(TM) i7-1255U,12,15.68,Windows-10-10.0.26200-SP0,3.11.15,2.4.6,1.17.1,4.12.2,0.48.4,5.0.0,2.13.0+cpu,fd20710,10,False,,"(9, 6, 2)",2026-08-27T20:00:09+00:00,laplacian,0.999265
a3_refine_quality,302,smoothing_baseline,icosphere,,0.01,,,0,0.01,fraction_of_unit_bbox_diagonal,,0.0016,50,,,,,,,,,,,,,ok,,,,,,0.005007,0.014644,0.825,0.9978,0.9032,0.55284,,,,,12th Gen Intel(R) Core(TM) i7-1255U,12,15.68,Windows-10-10.0.26200-SP0,3.11.15,2.4.6,1.17.1,4.12.2,0.48.4,5.0.0,2.13.0+cpu,fd20710,10,False,,"(9, 6, 2)",2026-08-27T20:00:09+00:00,none,1.000036
a3_refine_quality,303,smoothing_baseline,icosphere,,0.01,,,0,0.01,fraction_of_unit_bbox_diagonal,,0.0016,100,,,,,,,,,,,,,ok,,,,,,0.0025,0.004619,1.0,1.0,1.0,0.99375,,,,,12th Gen Intel(R) Core(TM) i7-1255U,12,15.68,Windows-10-10.0.26200-SP0,3.11.15,2.4.6,1.17.1,4.12.2,0.48.4,5.0.0,2.13.0+cpu,fd20710,10,False,,"(9, 6, 2)",2026-08-27T20:00:09+00:00,taubin,1.000754
a3_refine_quality,304,smoothing_baseline,icosphere,,0.01,,,0,0.01,fraction_of_unit_bbox_diagonal,,0.0016,100,,,,,,,,,,,,,ok,,,,,,0.003413,0.007644,0.9902,0.999,0.9946,0.81389,,,,,12th Gen Intel(R) Core(TM) i7-1255U,12,15.68,Windows-10-10.0.26200-SP0,3.11.15,2.4.6,1.17.1,4.12.2,0.48.4,5.0.0,2.13.0+cpu,fd20710,10,False,,"(9, 6, 2)",2026-08-27T20:00:09+00:00,laplacian,0.998282
a3_refine_quality,305,smoothing_baseline,icosphere,,0.01,,,0,0.01,fraction_of_unit_bbox_diagonal,,0.0016,100,,,,,,,,,,,,,ok,,,,,,0.005007,0.014644,0.825,0.9978,0.9032,0.55284,,,,,12th Gen Intel(R) Core(TM) i7-1255U,12,15.68,Windows-10-10.0.26200-SP0,3.11.15,2.4.6,1.17.1,4.12.2,0.48.4,5.0.0,2.13.0+cpu,fd20710,10,False,,"(9, 6, 2)",2026-08-27T20:00:09+00:00,none,1.000036
a3_refine_quality,306,smoothing_baseline,icosphere,,0.01,,,1,0.01,fraction_of_unit_bbox_diagonal,,0.0016,15,,,,,,,,,,,,,ok,,,,,,0.003767,0.00845,0.9799,0.9959,0.9878,0.84448,,,,,12th Gen Intel(R) Core(TM) i7-1255U,12,15.68,Windows-10-10.0.26200-SP0,3.11.15,2.4.6,1.17.1,4.12.2,0.48.4,5.0.0,2.13.0+cpu,fd20710,10,False,,"(9, 6, 2)",2026-08-27T20:00:09+00:00,taubin,1.000336
a3_refine_quality,307,smoothing_baseline,icosphere,,0.01,,,1,0.01,fraction_of_unit_bbox_diagonal,,0.0016,15,,,,,,,,,,,,,ok,,,,,,0.004645,0.012946,0.874,0.9977,0.9318,0.58021,,,,,12th Gen Intel(R) Core(TM) i7-1255U,12,15.68,Windows-10-10.0.26200-SP0,3.11.15,2.4.6,1.17.1,4.12.2,0.48.4,5.0.0,2.13.0+cpu,fd20710,10,False,,"(9, 6, 2)",2026-08-27T20:00:09+00:00,laplacian,0.999546
a3_refine_quality,308,smoothing_baseline,icosphere,,0.01,,,1,0.01,fraction_of_unit_bbox_diagonal,,0.0016,15,,,,,,,,,,,,,ok,,,,,,0.005028,0.014761,0.8216,0.9982,0.9014,0.55555,,,,,12th Gen Intel(R) Core(TM) i7-1255U,12,15.68,Windows-10-10.0.26200-SP0,3.11.15,2.4.6,1.17.1,4.12.2,0.48.4,5.0.0,2.13.0+cpu,fd20710,10,False,,"(9, 6, 2)",2026-08-27T20:00:09+00:00,none,0.999625
a3_refine_quality,309,smoothing_baseline,icosphere,,0.01,,,1,0.01,fraction_of_unit_bbox_diagonal,,0.0016,50,,,,,,,,,,,,,ok,,,,,,0.002746,0.005191,1.0,1.0,1.0,0.98733,,,,,12th Gen Intel(R) Core(TM) i7-1255U,12,15.68,Windows-10-10.0.26200-SP0,3.11.15,2.4.6,1.17.1,4.12.2,0.48.4,5.0.0,2.13.0+cpu,fd20710,10,False,,"(9, 6, 2)",2026-08-27T20:00:09+00:00,taubin,1.000517
a3_refine_quality,310,smoothing_baseline,icosphere,,0.01,,,1,0.01,fraction_of_unit_bbox_diagonal,,0.0016,50,,,,,,,,,,,,,ok,,,,,,0.003995,0.00995,0.9511,0.9982,0.9741,0.66118,,,,,12th Gen Intel(R) Core(TM) i7-1255U,12,15.68,Windows-10-10.0.26200-SP0,3.11.15,2.4.6,1.17.1,4.12.2,0.48.4,5.0.0,2.13.0+cpu,fd20710,10,False,,"(9, 6, 2)",2026-08-27T20:00:09+00:00,laplacian,0.999105
a3_refine_quality,311,smoothing_baseline,icosphere,,0.01,,,1,0.01,fraction_of_unit_bbox_diagonal,,0.0016,50,,,,,,,,,,,,,ok,,,,,,0.005028,0.014761,0.8216,0.9982,0.9014,0.55555,,,,,12th Gen Intel(R) Core(TM) i7-1255U,12,15.68,Windows-10-10.0.26200-SP0,3.11.15,2.4.6,1.17.1,4.12.2,0.48.4,5.0.0,2.13.0+cpu,fd20710,10,False,,"(9, 6, 2)",2026-08-27T20:00:09+00:00,none,0.999625
a3_refine_quality,312,smoothing_baseline,icosphere,,0.01,,,1,0.01,fraction_of_unit_bbox_diagonal,,0.0016,100,,,,,,,,,,,,,ok,,,,,,0.002504,0.004578,1.0,1.0,1.0,0.9941,,,,,12th Gen Intel(R) Core(TM) i7-1255U,12,15.68,Windows-10-10.0.26200-SP0,3.11.15,2.4.6,1.17.1,4.12.2,0.48.4,5.0.0,2.13.0+cpu,fd20710,10,False,,"(9, 6, 2)",2026-08-27T20:00:09+00:00,taubin,1.000522
a3_refine_quality,313,smoothing_baseline,icosphere,,0.01,,,1,0.01,fraction_of_unit_bbox_diagonal,,0.0016,100,,,,,,,,,,,,,ok,,,,,,0.00343,0.007542,0.9902,0.9988,0.9945,0.81838,,,,,12th Gen Intel(R) Core(TM) i7-1255U,12,15.68,Windows-10-10.0.26200-SP0,3.11.15,2.4.6,1.17.1,4.12.2,0.48.4,5.0.0,2.13.0+cpu,fd20710,10,False,,"(9, 6, 2)",2026-08-27T20:00:09+00:00,laplacian,0.998194
a3_refine_quality,314,smoothing_baseline,icosphere,,0.01,,,1,0.01,fraction_of_unit_bbox_diagonal,,0.0016,100,,,,,,,,,,,,,ok,,,,,,0.005028,0.014761,0.8216,0.9982,0.9014,0.55555,,,,,12th Gen Intel(R) Core(TM) i7-1255U,12,15.68,Windows-10-10.0.26200-SP0,3.11.15,2.4.6,1.17.1,4.12.2,0.48.4,5.0.0,2.13.0+cpu,fd20710,10,False,,"(9, 6, 2)",2026-08-27T20:00:09+00:00,none,0.999625
a3_refine_quality,315,smoothing_baseline,icosphere,,0.01,,,2,0.01,fraction_of_unit_bbox_diagonal,,0.0016,15,,,,,,,,,,,,,ok,,,,,,0.003824,0.008656,0.9783,0.9957,0.9869,0.83564,,,,,12th Gen Intel(R) Core(TM) i7-1255U,12,15.68,Windows-10-10.0.26200-SP0,3.11.15,2.4.6,1.17.1,4.12.2,0.48.4,5.0.0,2.13.0+cpu,fd20710,10,False,,"(9, 6, 2)",2026-08-27T20:00:09+00:00,taubin,0.997556
a3_refine_quality,316,smoothing_baseline,icosphere,,0.01,,,2,0.01,fraction_of_unit_bbox_diagonal,,0.0016,15,,,,,,,,,,,,,ok,,,,,,0.004673,0.01316,0.8684,0.9978,0.9286,0.57735,,,,,12th Gen Intel(R) Core(TM) i7-1255U,12,15.68,Windows-10-10.0.26200-SP0,3.11.15,2.4.6,1.17.1,4.12.2,0.48.4,5.0.0,2.13.0+cpu,fd20710,10,False,,"(9, 6, 2)",2026-08-27T20:00:09+00:00,laplacian,0.997525
a3_refine_quality,317,smoothing_baseline,icosphere,,0.01,,,2,0.01,fraction_of_unit_bbox_diagonal,,0.0016,15,,,,,,,,,,,,,ok,,,,,,0.005055,0.014902,0.8174,0.998,0.8987,0.55608,,,,,12th Gen Intel(R) Core(TM) i7-1255U,12,15.68,Windows-10-10.0.26200-SP0,3.11.15,2.4.6,1.17.1,4.12.2,0.48.4,5.0.0,2.13.0+cpu,fd20710,10,False,,"(9, 6, 2)",2026-08-27T20:00:09+00:00,none,0.998026
a3_refine_quality,318,smoothing_baseline,icosphere,,0.01,,,2,0.01,fraction_of_unit_bbox_diagonal,,0.0016,50,,,,,,,,,,,,,ok,,,,,,0.002726,0.005091,1.0,1.0,1.0,0.98642,,,,,12th Gen Intel(R) Core(TM) i7-1255U,12,15.68,Windows-10-10.0.26200-SP0,3.11.15,2.4.6,1.17.1,4.12.2,0.48.4,5.0.0,2.13.0+cpu,fd20710,10,False,,"(9, 6, 2)",2026-08-27T20:00:09+00:00,taubin,0.997642
a3_refine_quality,319,smoothing_baseline,icosphere,,0.01,,,2,0.01,fraction_of_unit_bbox_diagonal,,0.0016,50,,,,,,,,,,,,,ok,,,,,,0.004037,0.010185,0.9461,0.9985,0.9716,0.65971,,,,,12th Gen Intel(R) Core(TM) i7-1255U,12,15.68,Windows-10-10.0.26200-SP0,3.11.15,2.4.6,1.17.1,4.12.2,0.48.4,5.0.0,2.13.0+cpu,fd20710,10,False,,"(9, 6, 2)",2026-08-27T20:00:09+00:00,laplacian,0.996581
a3_refine_quality,320,smoothing_baseline,icosphere,,0.01,,,2,0.01,fraction_of_unit_bbox_diagonal,,0.0016,50,,,,,,,,,,,,,ok,,,,,,0.005055,0.014902,0.8174,0.998,0.8987,0.55608,,,,,12th Gen Intel(R) Core(TM) i7-1255U,12,15.68,Windows-10-10.0.26200-SP0,3.11.15,2.4.6,1.17.1,4.12.2,0.48.4,5.0.0,2.13.0+cpu,fd20710,10,False,,"(9, 6, 2)",2026-08-27T20:00:09+00:00,none,0.998026
a3_refine_quality,321,smoothing_baseline,icosphere,,0.01,,,2,0.01,fraction_of_unit_bbox_diagonal,,0.0016,100,,,,,,,,,,,,,ok,,,,,,0.002472,0.004454,1.0,1.0,1.0,0.99363,,,,,12th Gen Intel(R) Core(TM) i7-1255U,12,15.68,Windows-10-10.0.26200-SP0,3.11.15,2.4.6,1.17.1,4.12.2,0.48.4,5.0.0,2.13.0+cpu,fd20710,10,False,,"(9, 6, 2)",2026-08-27T20:00:09+00:00,taubin,0.997781
a3_refine_quality,322,smoothing_baseline,icosphere,,0.01,,,2,0.01,fraction_of_unit_bbox_diagonal,,0.0016,100,,,,,,,,,,,,,ok,,,,,,0.003466,0.007699,0.9899,0.9994,0.9946,0.81158,,,,,12th Gen Intel(R) Core(TM) i7-1255U,12,15.68,Windows-10-10.0.26200-SP0,3.11.15,2.4.6,1.17.1,4.12.2,0.48.4,5.0.0,2.13.0+cpu,fd20710,10,False,,"(9, 6, 2)",2026-08-27T20:00:09+00:00,laplacian,0.995433
a3_refine_quality,323,smoothing_baseline,icosphere,,0.01,,,2,0.01,fraction_of_unit_bbox_diagonal,,0.0016,100,,,,,,,,,,,,,ok,,,,,,0.005055,0.014902,0.8174,0.998,0.8987,0.55608,,,,,12th Gen Intel(R) Core(TM) i7-1255U,12,15.68,Windows-10-10.0.26200-SP0,3.11.15,2.4.6,1.17.1,4.12.2,0.48.4,5.0.0,2.13.0+cpu,fd20710,10,False,,"(9, 6, 2)",2026-08-27T20:00:09+00:00,none,0.998026
a3_refine_quality,324,refinement,torus,object,0.0,0,0,0,0.01,fraction_of_unit_bbox_diagonal,100000,0.0016,15,1,20000,0,0,0.0,0.0,1.0,1.0,1.0,0.99861,False,1,ok,20000,1,0,0,True,0.001329,0.002735,1.0,1.0,1.0,0.99758,0.001329,False,-0.00103,0,12th Gen Intel(R) Core(TM) i7-1255U,12,15.68,Windows-10-10.0.26200-SP0,3.11.15,2.4.6,1.17.1,4.12.2,0.48.4,5.0.0,2.13.0+cpu,fd20710,10,False,,"(9, 6, 2)",2026-08-27T20:00:09+00:00,,
a3_refine_quality,325,refinement,torus,room,0.0,0,0,0,0.01,fraction_of_unit_bbox_diagonal,100000,0.0016,15,1,20000,0,0,0.0,0.0,1.0,1.0,1.0,0.99861,False,1,ok,20000,1,0,0,True,0.001329,0.002735,1.0,1.0,1.0,0.99758,0.001329,False,-0.00103,0,12th Gen Intel(R) Core(TM) i7-1255U,12,15.68,Windows-10-10.0.26200-SP0,3.11.15,2.4.6,1.17.1,4.12.2,0.48.4,5.0.0,2.13.0+cpu,fd20710,10,False,,"(9, 6, 2)",2026-08-27T20:00:09+00:00,,
a3_refine_quality,326,refinement,torus,object,0.0,0,0,1,0.01,fraction_of_unit_bbox_diagonal,100000,0.0016,15,1,20000,0,0,0.0,0.0,1.0,1.0,1.0,0.99862,False,1,ok,20000,1,0,0,True,0.001334,0.002736,1.0,1.0,1.0,0.99756,0.001334,False,-0.00106,0,12th Gen Intel(R) Core(TM) i7-1255U,12,15.68,Windows-10-10.0.26200-SP0,3.11.15,2.4.6,1.17.1,4.12.2,0.48.4,5.0.0,2.13.0+cpu,fd20710,10,False,,"(9, 6, 2)",2026-08-27T20:00:09+00:00,,
a3_refine_quality,327,refinement,torus,room,0.0,0,0,1,0.01,fraction_of_unit_bbox_diagonal,100000,0.0016,15,1,20000,0,0,0.0,0.0,1.0,1.0,1.0,0.99862,False,1,ok,20000,1,0,0,True,0.001334,0.002736,1.0,1.0,1.0,0.99756,0.001334,False,-0.00106,0,12th Gen Intel(R) Core(TM) i7-1255U,12,15.68,Windows-10-10.0.26200-SP0,3.11.15,2.4.6,1.17.1,4.12.2,0.48.4,5.0.0,2.13.0+cpu,fd20710,10,False,,"(9, 6, 2)",2026-08-27T20:00:09+00:00,,
a3_refine_quality,328,refinement,torus,object,0.0,0,0,2,0.01,fraction_of_unit_bbox_diagonal,100000,0.0016,15,1,20000,0,0,0.0,0.0,1.0,1.0,1.0,0.99871,False,1,ok,20000,1,0,0,True,0.001329,0.002718,1.0,1.0,1.0,0.99761,0.001329,False,-0.0011,0,12th Gen Intel(R) Core(TM) i7-1255U,12,15.68,Windows-10-10.0.26200-SP0,3.11.15,2.4.6,1.17.1,4.12.2,0.48.4,5.0.0,2.13.0+cpu,fd20710,10,False,,"(9, 6, 2)",2026-08-27T20:00:09+00:00,,
a3_refine_quality,329,refinement,torus,room,0.0,0,0,2,0.01,fraction_of_unit_bbox_diagonal,100000,0.0016,15,1,20000,0,0,0.0,0.0,1.0,1.0,1.0,0.99871,False,1,ok,20000,1,0,0,True,0.001329,0.002718,1.0,1.0,1.0,0.99761,0.001329,False,-0.0011,0,12th Gen Intel(R) Core(TM) i7-1255U,12,15.68,Windows-10-10.0.26200-SP0,3.11.15,2.4.6,1.17.1,4.12.2,0.48.4,5.0.0,2.13.0+cpu,fd20710,10,False,,"(9, 6, 2)",2026-08-27T20:00:09+00:00,,
a3_refine_quality,330,refinement,torus,object,0.0,0,5,0,0.01,fraction_of_unit_bbox_diagonal,100000,0.0016,15,6,20400,0,0,0.005406,0.003231,0.9761,1.0,0.9879,0.98689,False,6,ok,20400,6,0,0,True,0.005376,0.00324,0.9764,1.0,0.9881,0.9856,-3e-05,True,-0.00129,0,12th Gen Intel(R) Core(TM) i7-1255U,12,15.68,Windows-10-10.0.26200-SP0,3.11.15,2.4.6,1.17.1,4.12.2,0.48.4,5.0.0,2.13.0+cpu,fd20710,10,False,,"(9, 6, 2)",2026-08-27T20:00:09+00:00,,
a3_refine_quality,331,refinement,torus,room,0.0,0,5,0,0.01,fraction_of_unit_bbox_diagonal,100000,0.0016,15,6,20400,0,0,0.005406,0.003231,0.9761,1.0,0.9879,0.98689,False,1,ok,20000,1,0,0,True,0.001329,0.002735,1.0,1.0,1.0,0.99758,-0.004077,True,0.01069,5,12th Gen Intel(R) Core(TM) i7-1255U,12,15.68,Windows-10-10.0.26200-SP0,3.11.15,2.4.6,1.17.1,4.12.2,0.48.4,5.0.0,2.13.0+cpu,fd20710,10,False,,"(9, 6, 2)",2026-08-27T20:00:09+00:00,,
a3_refine_quality,332,refinement,torus,object,0.0,0,5,1,0.01,fraction_of_unit_bbox_diagonal,100000,0.0016,15,6,20400,0,0,0.003427,0.003215,0.978,1.0,0.9889,0.98663,False,6,ok,20400,6,0,0,True,0.00342,0.003241,0.9782,1.0,0.989,0.98518,-7e-06,True,-0.00145,0,12th Gen Intel(R) Core(TM) i7-1255U,12,15.68,Windows-10-10.0.26200-SP0,3.11.15,2.4.6,1.17.1,4.12.2,0.48.4,5.0.0,2.13.0+cpu,fd20710,10,False,,"(9, 6, 2)",2026-08-27T20:00:09+00:00,,
a3_refine_quality,333,refinement,torus,room,0.0,0,5,1,0.01,fraction_of_unit_bbox_diagonal,100000,0.0016,15,6,20400,0,0,0.003427,0.003215,0.978,1.0,0.9889,0.98663,False,1,ok,20000,1,0,0,True,0.001334,0.002736,1.0,1.0,1.0,0.99756,-0.002093,True,0.01093,5,12th Gen Intel(R) Core(TM) i7-1255U,12,15.68,Windows-10-10.0.26200-SP0,3.11.15,2.4.6,1.17.1,4.12.2,0.48.4,5.0.0,2.13.0+cpu,fd20710,10,False,,"(9, 6, 2)",2026-08-27T20:00:09+00:00,,
a3_refine_quality,334,refinement,torus,object,0.0,0,5,2,0.01,fraction_of_unit_bbox_diagonal,100000,0.0016,15,6,20400,0,0,0.003996,0.003243,0.9756,1.0,0.9877,0.98588,False,6,ok,20400,6,0,0,True,0.004044,0.003256,0.9758,1.0,0.9878,0.98427,4.8e-05,False,-0.00161,0,12th Gen Intel(R) Core(TM) i7-1255U,12,15.68,Windows-10-10.0.26200-SP0,3.11.15,2.4.6,1.17.1,4.12.2,0.48.4,5.0.0,2.13.0+cpu,fd20710,10,False,,"(9, 6, 2)",2026-08-27T20:00:09+00:00,,
a3_refine_quality,335,refinement,torus,room,0.0,0,5,2,0.01,fraction_of_unit_bbox_diagonal,100000,0.0016,15,6,20400,0,0,0.003996,0.003243,0.9756,1.0,0.9877,0.98588,False,1,ok,20000,1,0,0,True,0.001329,0.002718,1.0,1.0,1.0,0.99761,-0.002667,True,0.01173,5,12th Gen Intel(R) Core(TM) i7-1255U,12,15.68,Windows-10-10.0.26200-SP0,3.11.15,2.4.6,1.17.1,4.12.2,0.48.4,5.0.0,2.13.0+cpu,fd20710,10,False,,"(9, 6, 2)",2026-08-27T20:00:09+00:00,,
a3_refine_quality,336,refinement,torus,object,0.0,0,20,0,0.01,fraction_of_unit_bbox_diagonal,100000,0.0016,15,21,21600,0,0,0.013342,0.268737,0.9076,1.0,0.9515,0.9527,False,21,ok,21600,21,0,0,True,0.013053,0.222144,0.9084,1.0,0.952,0.95237,-0.000289,True,-0.00033,0,12th Gen Intel(R) Core(TM) i7-1255U,12,15.68,Windows-10-10.0.26200-SP0,3.11.15,2.4.6,1.17.1,4.12.2,0.48.4,5.0.0,2.13.0+cpu,fd20710,10,False,,"(9, 6, 2)",2026-08-27T20:00:09+00:00,,
a3_refine_quality,337,refinement,torus,room,0.0,0,20,0,0.01,fraction_of_unit_bbox_diagonal,100000,0.0016,15,21,21600,0,0,0.013342,0.268737,0.9076,1.0,0.9515,0.9527,False,1,ok,20000,1,0,0,True,0.001329,0.002735,1.0,1.0,1.0,0.99758,-0.012013,True,0.04488,20,12th Gen Intel(R) Core(TM) i7-1255U,12,15.68,Windows-10-10.0.26200-SP0,3.11.15,2.4.6,1.17.1,4.12.2,0.48.4,5.0.0,2.13.0+cpu,fd20710,10,False,,"(9, 6, 2)",2026-08-27T20:00:09+00:00,,
a3_refine_quality,338,refinement,torus,object,0.0,0,20,1,0.01,fraction_of_unit_bbox_diagonal,100000,0.0016,15,21,21600,0,0,0.011619,0.191381,0.9087,1.0,0.9522,0.95203,False,21,ok,21600,21,0,0,True,0.011661,0.192362,0.9095,1.0,0.9526,0.952,4.2e-05,False,-3e-05,0,12th Gen Intel(R) Core(TM) i7-1255U,12,15.68,Windows-10-10.0.26200-SP0,3.11.15,2.4.6,1.17.1,4.12.2,0.48.4,5.0.0,2.13.0+cpu,fd20710,10,False,,"(9, 6, 2)",2026-08-27T20:00:09+00:00,,
a3_refine_quality,339,refinement,torus,room,0.0,0,20,1,0.01,fraction_of_unit_bbox_diagonal,100000,0.0016,15,21,21600,0,0,0.011619,0.191381,0.9087,1.0,0.9522,0.95203,False,1,ok,20000,1,0,0,True,0.001334,0.002736,1.0,1.0,1.0,0.99756,-0.010285,True,0.04553,20,12th Gen Intel(R) Core(TM) i7-1255U,12,15.68,Windows-10-10.0.26200-SP0,3.11.15,2.4.6,1.17.1,4.12.2,0.48.4,5.0.0,2.13.0+cpu,fd20710,10,False,,"(9, 6, 2)",2026-08-27T20:00:09+00:00,,
a3_refine_quality,340,refinement,torus,object,0.0,0,20,2,0.01,fraction_of_unit_bbox_diagonal,100000,0.0016,15,21,21600,0,0,0.01063,0.202722,0.908,1.0,0.9518,0.94973,False,21,ok,21600,21,0,0,True,0.010578,0.202169,0.9088,1.0,0.9522,0.94992,-5.2e-05,True,0.00019,0,12th Gen Intel(R) Core(TM) i7-1255U,12,15.68,Windows-10-10.0.26200-SP0,3.11.15,2.4.6,1.17.1,4.12.2,0.48.4,5.0.0,2.13.0+cpu,fd20710,10,False,,"(9, 6, 2)",2026-08-27T20:00:09+00:00,,
a3_refine_quality,341,refinement,torus,room,0.0,0,20,2,0.01,fraction_of_unit_bbox_diagonal,100000,0.0016,15,21,21600,0,0,0.01063,0.202722,0.908,1.0,0.9518,0.94973,False,1,ok,20000,1,0,0,True,0.001329,0.002718,1.0,1.0,1.0,0.99761,-0.009301,True,0.04788,20,12th Gen Intel(R) Core(TM) i7-1255U,12,15.68,Windows-10-10.0.26200-SP0,3.11.15,2.4.6,1.17.1,4.12.2,0.48.4,5.0.0,2.13.0+cpu,fd20710,10,False,,"(9, 6, 2)",2026-08-27T20:00:09+00:00,,
a3_refine_quality,342,refinement,torus,object,0.0,5,0,0,0.01,fraction_of_unit_bbox_diagonal,100000,0.0016,15,1,19900,66,0,0.001395,0.002935,1.0,0.9998,0.9999,0.99862,False,1,ok,19952,1,8,0,False,0.001484,0.002923,1.0,1.0,1.0,0.99755,8.9e-05,False,-0.00107,0,12th Gen Intel(R) Core(TM) i7-1255U,12,15.68,Windows-10-10.0.26200-SP0,3.11.15,2.4.6,1.17.1,4.12.2,0.48.4,5.0.0,2.13.0+cpu,fd20710,10,False,,"(9, 6, 2)",2026-08-27T20:00:09+00:00,,
a3_refine_quality,343,refinement,torus,room,0.0,5,0,0,0.01,fraction_of_unit_bbox_diagonal,100000,0.0016,15,1,19900,66,0,0.001395,0.002935,1.0,0.9998,0.9999,0.99862,False,1,ok,19952,1,8,0,False,0.001484,0.002915,1.0,1.0,1.0,0.99759,8.9e-05,False,-0.00103,0,12th Gen Intel(R) Core(TM) i7-1255U,12,15.68,Windows-10-10.0.26200-SP0,3.11.15,2.4.6,1.17.1,4.12.2,0.48.4,5.0.0,2.13.0+cpu,fd20710,10,False,,"(9, 6, 2)",2026-08-27T20:00:09+00:00,,
a3_refine_quality,344,refinement,torus,object,0.0,5,0,1,0.01,fraction_of_unit_bbox_diagonal,100000,0.0016,15,1,19900,72,0,0.001429,0.002927,1.0,0.9995,0.9998,0.99868,False,1,ok,19955,1,13,0,False,0.001527,0.002942,1.0,1.0,1.0,0.99755,9.8e-05,False,-0.00113,0,12th Gen Intel(R) Core(TM) i7-1255U,12,15.68,Windows-10-10.0.26200-SP0,3.11.15,2.4.6,1.17.1,4.12.2,0.48.4,5.0.0,2.13.0+cpu,fd20710,10,False,,"(9, 6, 2)",2026-08-27T20:00:09+00:00,,
a3_refine_quality,345,refinement,torus,room,0.0,5,0,1,0.01,fraction_of_unit_bbox_diagonal,100000,0.0016,15,1,19900,72,0,0.001429,0.002927,1.0,0.9995,0.9998,0.99868,False,1,ok,19955,1,13,0,False,0.001525,0.002946,1.0,1.0,1.0,0.99756,9.6e-05,False,-0.00112,0,12th Gen Intel(R) Core(TM) i7-1255U,12,15.68,Windows-10-10.0.26200-SP0,3.11.15,2.4.6,1.17.1,4.12.2,0.48.4,5.0.0,2.13.0+cpu,fd20710,10,False,,"(9, 6, 2)",2026-08-27T20:00:09+00:00,,
a3_refine_quality,346,refinement,torus,object,0.0,5,0,2,0.01,fraction_of_unit_bbox_diagonal,100000,0.0016,15,1,19900,68,0,0.001428,0.002933,1.0,0.9997,0.9998,0.99861,False,1,ok,19954,1,8,0,False,0.001513,0.002935,1.0,1.0,1.0,0.99755,8.5e-05,False,-0.00106,0,12th Gen Intel(R) Core(TM) i7-1255U,12,15.68,Windows-10-10.0.26200-SP0,3.11.15,2.4.6,1.17.1,4.12.2,0.48.4,5.0.0,2.13.0+cpu,fd20710,10,False,,"(9, 6, 2)",2026-08-27T20:00:09+00:00,,
a3_refine_quality,347,refinement,torus,room,0.0,5,0,2,0.01,fraction_of_unit_bbox_diagonal,100000,0.0016,15,1,19900,68,0,0.001428,0.002933,1.0,0.9997,0.9998,0.99861,False,1,ok,19954,1,8,0,False,0.001512,0.002931,1.0,1.0,1.0,0.9976,8.4e-05,False,-0.00101,0,12th Gen Intel(R) Core(TM) i7-1255U,12,15.68,Windows-10-10.0.26200-SP0,3.11.15,2.4.6,1.17.1,4.12.2,0.48.4,5.0.0,2.13.0+cpu,fd20710,10,False,,"(9, 6, 2)",2026-08-27T20:00:09+00:00,,
a3_refine_quality,348,refinement,torus,object,0.0,5,5,0,0.01,fraction_of_unit_bbox_diagonal,100000,0.0016,15,6,20300,66,0,0.00455,0.003214,0.9784,0.9998,0.989,0.98662,False,6,ok,20352,6,8,0,False,0.004561,0.00323,0.9788,1.0,0.9893,0.98602,1.1e-05,False,-0.0006,0,12th Gen Intel(R) Core(TM) i7-1255U,12,15.68,Windows-10-10.0.26200-SP0,3.11.15,2.4.6,1.17.1,4.12.2,0.48.4,5.0.0,2.13.0+cpu,fd20710,10,False,,"(9, 6, 2)",2026-08-27T20:00:09+00:00,,
a3_refine_quality,349,refinement,torus,room,0.0,5,5,0,0.01,fraction_of_unit_bbox_diagonal,100000,0.0016,15,6,20300,66,0,0.00455,0.003214,0.9784,0.9998,0.989,0.98662,False,1,ok,19952,1,8,0,False,0.001484,0.002915,1.0,1.0,1.0,0.99759,-0.003066,True,0.01097,5,12th Gen Intel(R) Core(TM) i7-1255U,12,15.68,Windows-10-10.0.26200-SP0,3.11.15,2.4.6,1.17.1,4.12.2,0.48.4,5.0.0,2.13.0+cpu,fd20710,10,False,,"(9, 6, 2)",2026-08-27T20:00:09+00:00,,
a3_refine_quality,350,refinement,torus,object,0.0,5,5,1,0.01,fraction_of_unit_bbox_diagonal,100000,0.0016,15,6,20300,72,0,0.003771,0.003246,0.9753,0.9993,0.9872,0.98622,False,6,ok,20355,6,13,0,False,0.003746,0.003244,0.9759,1.0,0.9878,0.98473,-2.5e-05,True,-0.00149,0,12th Gen Intel(R) Core(TM) i7-1255U,12,15.68,Windows-10-10.0.26200-SP0,3.11.15,2.4.6,1.17.1,4.12.2,0.48.4,5.0.0,2.13.0+cpu,fd20710,10,False,,"(9, 6, 2)",2026-08-27T20:00:09+00:00,,
a3_refine_quality,351,refinement,torus,room,0.0,5,5,1,0.01,fraction_of_unit_bbox_diagonal,100000,0.0016,15,6,20300,72,0,0.003771,0.003246,0.9753,0.9993,0.9872,0.98622,False,1,ok,19955,1,13,0,False,0.001525,0.002946,1.0,1.0,1.0,0.99756,-0.002246,True,0.01134,5,12th Gen Intel(R) Core(TM) i7-1255U,12,15.68,Windows-10-10.0.26200-SP0,3.11.15,2.4.6,1.17.1,4.12.2,0.48.4,5.0.0,2.13.0+cpu,fd20710,10,False,,"(9, 6, 2)",2026-08-27T20:00:09+00:00,,
a3_refine_quality,352,refinement,torus,object,0.0,5,5,2,0.01,fraction_of_unit_bbox_diagonal,100000,0.0016,15,6,20300,68,0,0.004445,0.003279,0.9746,0.9997,0.987,0.98545,False,6,ok,20354,6,8,0,False,0.004345,0.003261,0.9755,1.0,0.9876,0.98479,-0.0001,True,-0.00066,0,12th Gen Intel(R) Core(TM) i7-1255U,12,15.68,Windows-10-10.0.26200-SP0,3.11.15,2.4.6,1.17.1,4.12.2,0.48.4,5.0.0,2.13.0+cpu,fd20710,10,False,,"(9, 6, 2)",2026-08-27T20:00:09+00:00,,
a3_refine_quality,353,refinement,torus,room,0.0,5,5,2,0.01,fraction_of_unit_bbox_diagonal,100000,0.0016,15,6,20300,68,0,0.004445,0.003279,0.9746,0.9997,0.987,0.98545,False,1,ok,19954,1,8,0,False,0.001512,0.002931,1.0,1.0,1.0,0.9976,-0.002933,True,0.01215,5,12th Gen Intel(R) Core(TM) i7-1255U,12,15.68,Windows-10-10.0.26200-SP0,3.11.15,2.4.6,1.17.1,4.12.2,0.48.4,5.0.0,2.13.0+cpu,fd20710,10,False,,"(9, 6, 2)",2026-08-27T20:00:09+00:00,,
a3_refine_quality,354,refinement,torus,object,0.0,5,20,0,0.01,fraction_of_unit_bbox_diagonal,100000,0.0016,15,21,21500,66,0,0.011641,0.212817,0.9106,0.9998,0.9531,0.95246,False,21,ok,21552,21,8,0,False,0.011551,0.210589,0.9114,1.0,0.9536,0.95194,-9e-05,True,-0.00052,0,12th Gen Intel(R) Core(TM) i7-1255U,12,15.68,Windows-10-10.0.26200-SP0,3.11.15,2.4.6,1.17.1,4.12.2,0.48.4,5.0.0,2.13.0+cpu,fd20710,10,False,,"(9, 6, 2)",2026-08-27T20:00:09+00:00,,
a3_refine_quality,355,refinement,torus,room,0.0,5,20,0,0.01,fraction_of_unit_bbox_diagonal,100000,0.0016,15,21,21500,66,0,0.011641,0.212817,0.9106,0.9998,0.9531,0.95246,False,1,ok,19952,1,8,0,False,0.001484,0.002915,1.0,1.0,1.0,0.99759,-0.010157,True,0.04513,20,12th Gen Intel(R) Core(TM) i7-1255U,12,15.68,Windows-10-10.0.26200-SP0,3.11.15,2.4.6,1.17.1,4.12.2,0.48.4,5.0.0,2.13.0+cpu,fd20710,10,False,,"(9, 6, 2)",2026-08-27T20:00:09+00:00,,
a3_refine_quality,356,refinement,torus,object,0.0,5,20,1,0.01,fraction_of_unit_bbox_diagonal,100000,0.0016,15,21,21500,72,0,0.011875,0.23738,0.9109,0.9996,0.9532,0.95191,False,21,ok,21555,21,13,0,False,0.011817,0.236219,0.9121,1.0,0.954,0.9513,-5.8e-05,True,-0.00061,0,12th Gen Intel(R) Core(TM) i7-1255U,12,15.68,Windows-10-10.0.26200-SP0,3.11.15,2.4.6,1.17.1,4.12.2,0.48.4,5.0.0,2.13.0+cpu,fd20710,10,False,,"(9, 6, 2)",2026-08-27T20:00:09+00:00,,
a3_refine_quality,357,refinement,torus,room,0.0,5,20,1,0.01,fraction_of_unit_bbox_diagonal,100000,0.0016,15,21,21500,72,0,0.011875,0.23738,0.9109,0.9996,0.9532,0.95191,False,1,ok,19955,1,13,0,False,0.001525,0.002946,1.0,1.0,1.0,0.99756,-0.01035,True,0.04565,20,12th Gen Intel(R) Core(TM) i7-1255U,12,15.68,Windows-10-10.0.26200-SP0,3.11.15,2.4.6,1.17.1,4.12.2,0.48.4,5.0.0,2.13.0+cpu,fd20710,10,False,,"(9, 6, 2)",2026-08-27T20:00:09+00:00,,
a3_refine_quality,358,refinement,torus,object,0.0,5,20,2,0.01,fraction_of_unit_bbox_diagonal,100000,0.0016,15,21,21500,68,0,0.012861,0.296473,0.9118,0.9996,0.9537,0.95026,False,21,ok,21554,21,8,0,False,0.012798,0.297013,0.9131,1.0,0.9546,0.95059,-6.3e-05,True,0.00033,0,12th Gen Intel(R) Core(TM) i7-1255U,12,15.68,Windows-10-10.0.26200-SP0,3.11.15,2.4.6,1.17.1,4.12.2,0.48.4,5.0.0,2.13.0+cpu,fd20710,10,False,,"(9, 6, 2)",2026-08-27T20:00:09+00:00,,
a3_refine_quality,359,refinement,torus,room,0.0,5,20,2,0.01,fraction_of_unit_bbox_diagonal,100000,0.0016,15,21,21500,68,0,0.012861,0.296473,0.9118,0.9996,0.9537,0.95026,False,1,ok,19954,1,8,0,False,0.001512,0.002931,1.0,1.0,1.0,0.9976,-0.011349,True,0.04734,20,12th Gen Intel(R) Core(TM) i7-1255U,12,15.68,Windows-10-10.0.26200-SP0,3.11.15,2.4.6,1.17.1,4.12.2,0.48.4,5.0.0,2.13.0+cpu,fd20710,10,False,,"(9, 6, 2)",2026-08-27T20:00:09+00:00,,
a3_refine_quality,360,refinement,torus,object,0.0,20,0,0,0.01,fraction_of_unit_bbox_diagonal,100000,0.0016,15,1,19602,296,0,0.001491,0.003085,1.0,0.9987,0.9993,0.99862,False,1,ok,19843,1,29,0,False,0.001529,0.002949,1.0,1.0,1.0,0.99758,3.8e-05,False,-0.00104,0,12th Gen Intel(R) Core(TM) i7-1255U,12,15.68,Windows-10-10.0.26200-SP0,3.11.15,2.4.6,1.17.1,4.12.2,0.48.4,5.0.0,2.13.0+cpu,fd20710,10,False,,"(9, 6, 2)",2026-08-27T20:00:09+00:00,,
a3_refine_quality,361,refinement,torus,room,0.0,20,0,0,0.01,fraction_of_unit_bbox_diagonal,100000,0.0016,15,1,19602,296,0,0.001491,0.003085,1.0,0.9987,0.9993,0.99862,False,1,ok,19843,1,29,0,False,0.001527,0.002952,1.0,1.0,1.0,0.9976,3.6e-05,False,-0.00102,0,12th Gen Intel(R) Core(TM) i7-1255U,12,15.68,Windows-10-10.0.26200-SP0,3.11.15,2.4.6,1.17.1,4.12.2,0.48.4,5.0.0,2.13.0+cpu,fd20710,10,False,,"(9, 6, 2)",2026-08-27T20:00:09+00:00,,
a3_refine_quality,362,refinement,torus,object,0.0,20,0,1,0.01,fraction_of_unit_bbox_diagonal,100000,0.0016,15,1,19600,266,0,0.001529,0.003098,1.0,0.9979,0.999,0.99869,False,1,ok,19816,1,20,0,False,0.001528,0.002952,1.0,1.0,1.0,0.99756,-1e-06,True,-0.00113,0,12th Gen Intel(R) Core(TM) i7-1255U,12,15.68,Windows-10-10.0.26200-SP0,3.11.15,2.4.6,1.17.1,4.12.2,0.48.4,5.0.0,2.13.0+cpu,fd20710,10,False,,"(9, 6, 2)",2026-08-27T20:00:09+00:00,,
a3_refine_quality,363,refinement,torus,room,0.0,20,0,1,0.01,fraction_of_unit_bbox_diagonal,100000,0.0016,15,1,19600,266,0,0.001529,0.003098,1.0,0.9979,0.999,0.99869,False,1,ok,19816,1,20,0,False,0.00153,0.002949,1.0,1.0,1.0,0.99754,1e-06,False,-0.00115,0,12th Gen Intel(R) Core(TM) i7-1255U,12,15.68,Windows-10-10.0.26200-SP0,3.11.15,2.4.6,1.17.1,4.12.2,0.48.4,5.0.0,2.13.0+cpu,fd20710,10,False,,"(9, 6, 2)",2026-08-27T20:00:09+00:00,,
a3_refine_quality,364,refinement,torus,object,0.0,20,0,2,0.01,fraction_of_unit_bbox_diagonal,100000,0.0016,15,1,19604,258,0,0.00148,0.003046,1.0,0.999,0.9995,0.99859,False,1,ok,19816,1,16,0,False,0.001528,0.002939,1.0,1.0,1.0,0.99757,4.8e-05,False,-0.00102,0,12th Gen Intel(R) Core(TM) i7-1255U,12,15.68,Windows-10-10.0.26200-SP0,3.11.15,2.4.6,1.17.1,4.12.2,0.48.4,5.0.0,2.13.0+cpu,fd20710,10,False,,"(9, 6, 2)",2026-08-27T20:00:09+00:00,,
a3_refine_quality,365,refinement,torus,room,0.0,20,0,2,0.01,fraction_of_unit_bbox_diagonal,100000,0.0016,15,1,19604,258,0,0.00148,0.003046,1.0,0.999,0.9995,0.99859,False,1,ok,19816,1,16,0,False,0.001525,0.00295,1.0,1.0,1.0,0.99756,4.5e-05,False,-0.00103,0,12th Gen Intel(R) Core(TM) i7-1255U,12,15.68,Windows-10-10.0.26200-SP0,3.11.15,2.4.6,1.17.1,4.12.2,0.48.4,5.0.0,2.13.0+cpu,fd20710,10,False,,"(9, 6, 2)",2026-08-27T20:00:09+00:00,,
a3_refine_quality,366,refinement,torus,object,0.0,20,5,0,0.01,fraction_of_unit_bbox_diagonal,100000,0.0016,15,6,20002,296,0,0.003567,0.00325,0.9763,0.9982,0.9871,0.98629,False,6,ok,20243,6,29,0,False,0.003572,0.003267,0.9756,1.0,0.9877,0.98489,5e-06,False,-0.0014,0,12th Gen Intel(R) Core(TM) i7-1255U,12,15.68,Windows-10-10.0.26200-SP0,3.11.15,2.4.6,1.17.1,4.12.2,0.48.4,5.0.0,2.13.0+cpu,fd20710,10,False,,"(9, 6, 2)",2026-08-27T20:00:09+00:00,,
a3_refine_quality,367,refinement,torus,room,0.0,20,5,0,0.01,fraction_of_unit_bbox_diagonal,100000,0.0016,15,6,20002,296,0,0.003567,0.00325,0.9763,0.9982,0.9871,0.98629,False,1,ok,19843,1,29,0,False,0.001527,0.002952,1.0,1.0,1.0,0.9976,-0.00204,True,0.01131,5,12th Gen Intel(R) Core(TM) i7-1255U,12,15.68,Windows-10-10.0.26200-SP0,3.11.15,2.4.6,1.17.1,4.12.2,0.48.4,5.0.0,2.13.0+cpu,fd20710,10,False,,"(9, 6, 2)",2026-08-27T20:00:09+00:00,,
a3_refine_quality,368,refinement,torus,object,0.0,20,5,1,0.01,fraction_of_unit_bbox_diagonal,100000,0.0016,15,6,20000,266,0,0.004077,0.003227,0.9773,0.9982,0.9876,0.98631,False,6,ok,20216,6,20,0,False,0.00408,0.00325,0.977,1.0,0.9884,0.98555,3e-06,False,-0.00076,0,12th Gen Intel(R) Core(TM) i7-1255U,12,15.68,Windows-10-10.0.26200-SP0,3.11.15,2.4.6,1.17.1,4.12.2,0.48.4,5.0.0,2.13.0+cpu,fd20710,10,False,,"(9, 6, 2)",2026-08-27T20:00:09+00:00,,
a3_refine_quality,369,refinement,torus,room,0.0,20,5,1,0.01,fraction_of_unit_bbox_diagonal,100000,0.0016,15,6,20000,266,0,0.004077,0.003227,0.9773,0.9982,0.9876,0.98631,False,1,ok,19816,1,20,0,False,0.00153,0.002949,1.0,1.0,1.0,0.99754,-0.002547,True,0.01123,5,12th Gen Intel(R) Core(TM) i7-1255U,12,15.68,Windows-10-10.0.26200-SP0,3.11.15,2.4.6,1.17.1,4.12.2,0.48.4,5.0.0,2.13.0+cpu,fd20710,10,False,,"(9, 6, 2)",2026-08-27T20:00:09+00:00,,
a3_refine_quality,370,refinement,torus,object,0.0,20,5,2,0.01,fraction_of_unit_bbox_diagonal,100000,0.0016,15,6,20004,258,0,0.005259,0.003269,0.9737,0.9992,0.9863,0.98489,False,6,ok,20216,6,16,0,False,0.00518,0.003264,0.9746,1.0,0.9871,0.98422,-7.9e-05,True,-0.00067,0,12th Gen Intel(R) Core(TM) i7-1255U,12,15.68,Windows-10-10.0.26200-SP0,3.11.15,2.4.6,1.17.1,4.12.2,0.48.4,5.0.0,2.13.0+cpu,fd20710,10,False,,"(9, 6, 2)",2026-08-27T20:00:09+00:00,,
a3_refine_quality,371,refinement,torus,room,0.0,20,5,2,0.01,fraction_of_unit_bbox_diagonal,100000,0.0016,15,6,20004,258,0,0.005259,0.003269,0.9737,0.9992,0.9863,0.98489,False,1,ok,19816,1,16,0,False,0.001525,0.00295,1.0,1.0,1.0,0.99756,-0.003734,True,0.01267,5,12th Gen Intel(R) Core(TM) i7-1255U,12,15.68,Windows-10-10.0.26200-SP0,3.11.15,2.4.6,1.17.1,4.12.2,0.48.4,5.0.0,2.13.0+cpu,fd20710,10,False,,"(9, 6, 2)",2026-08-27T20:00:09+00:00,,
a3_refine_quality,372,refinement,torus,object,0.0,20,20,0,0.01,fraction_of_unit_bbox_diagonal,100000,0.0016,15,21,21202,296,0,0.011922,0.214592,0.9065,0.9983,0.9502,0.95078,False,21,ok,21443,21,29,0,False,0.011806,0.212465,0.908,1.0,0.9518,0.95134,-0.000116,True,0.00056,0,12th Gen Intel(R) Core(TM) i7-1255U,12,15.68,Windows-10-10.0.26200-SP0,3.11.15,2.4.6,1.17.1,4.12.2,0.48.4,5.0.0,2.13.0+cpu,fd20710,10,False,,"(9, 6, 2)",2026-08-27T20:00:09+00:00,,
a3_refine_quality,373,refinement,torus,room,0.0,20,20,0,0.01,fraction_of_unit_bbox_diagonal,100000,0.0016,15,21,21202,296,0,0.011922,0.214592,0.9065,0.9983,0.9502,0.95078,False,1,ok,19843,1,29,0,False,0.001527,0.002952,1.0,1.0,1.0,0.9976,-0.010395,True,0.04682,20,12th Gen Intel(R) Core(TM) i7-1255U,12,15.68,Windows-10-10.0.26200-SP0,3.11.15,2.4.6,1.17.1,4.12.2,0.48.4,5.0.0,2.13.0+cpu,fd20710,10,False,,"(9, 6, 2)",2026-08-27T20:00:09+00:00,,
a3_refine_quality,374,refinement,torus,object,0.0,20,20,1,0.01,fraction_of_unit_bbox_diagonal,100000,0.0016,15,21,21200,266,0,0.012546,0.242877,0.9093,0.9977,0.9514,0.9519,False,21,ok,21416,21,20,0,False,0.012173,0.240351,0.913,1.0,0.9545,0.95151,-0.000373,True,-0.00039,0,12th Gen Intel(R) Core(TM) i7-1255U,12,15.68,Windows-10-10.0.26200-SP0,3.11.15,2.4.6,1.17.1,4.12.2,0.48.4,5.0.0,2.13.0+cpu,fd20710,10,False,,"(9, 6, 2)",2026-08-27T20:00:09+00:00,,
a3_refine_quality,375,refinement,torus,room,0.0,20,20,1,0.01,fraction_of_unit_bbox_diagonal,100000,0.0016,15,21,21200,266,0,0.012546,0.242877,0.9093,0.9977,0.9514,0.9519,False,1,ok,19816,1,20,0,False,0.00153,0.002949,1.0,1.0,1.0,0.99754,-0.011016,True,0.04564,20,12th Gen Intel(R) Core(TM) i7-1255U,12,15.68,Windows-10-10.0.26200-SP0,3.11.15,2.4.6,1.17.1,4.12.2,0.48.4,5.0.0,2.13.0+cpu,fd20710,10,False,,"(9, 6, 2)",2026-08-27T20:00:09+00:00,,
a3_refine_quality,376,refinement,torus,object,0.0,20,20,2,0.01,fraction_of_unit_bbox_diagonal,100000,0.0016,15,21,21204,258,0,0.012124,0.270148,0.9129,0.9989,0.954,0.95002,False,21,ok,21416,21,16,0,False,0.011897,0.196067,0.915,1.0,0.9556,0.95089,-0.000227,True,0.00087,0,12th Gen Intel(R) Core(TM) i7-1255U,12,15.68,Windows-10-10.0.26200-SP0,3.11.15,2.4.6,1.17.1,4.12.2,0.48.4,5.0.0,2.13.0+cpu,fd20710,10,False,,"(9, 6, 2)",2026-08-27T20:00:09+00:00,,
a3_refine_quality,377,refinement,torus,room,0.0,20,20,2,0.01,fraction_of_unit_bbox_diagonal,100000,0.0016,15,21,21204,258,0,0.012124,0.270148,0.9129,0.9989,0.954,0.95002,False,1,ok,19816,1,16,0,False,0.001525,0.00295,1.0,1.0,1.0,0.99756,-0.010599,True,0.04754,20,12th Gen Intel(R) Core(TM) i7-1255U,12,15.68,Windows-10-10.0.26200-SP0,3.11.15,2.4.6,1.17.1,4.12.2,0.48.4,5.0.0,2.13.0+cpu,fd20710,10,False,,"(9, 6, 2)",2026-08-27T20:00:09+00:00,,
a3_refine_quality,378,refinement,torus,object,0.002,0,0,0,0.01,fraction_of_unit_bbox_diagonal,100000,0.0016,15,1,20000,0,0,0.00202,0.003635,1.0,1.0,1.0,0.87676,False,1,ok,20000,1,0,0,True,0.001708,0.003052,1.0,1.0,1.0,0.98634,-0.000312,True,0.10958,0,12th Gen Intel(R) Core(TM) i7-1255U,12,15.68,Windows-10-10.0.26200-SP0,3.11.15,2.4.6,1.17.1,4.12.2,0.48.4,5.0.0,2.13.0+cpu,fd20710,10,False,,"(9, 6, 2)",2026-08-27T20:00:09+00:00,,
a3_refine_quality,379,refinement,torus,room,0.002,0,0,0,0.01,fraction_of_unit_bbox_diagonal,100000,0.0016,15,1,20000,0,0,0.00202,0.003635,1.0,1.0,1.0,0.87676,False,1,ok,20000,1,0,0,True,0.001996,0.003603,1.0,1.0,1.0,0.88324,-2.4e-05,True,0.00648,0,12th Gen Intel(R) Core(TM) i7-1255U,12,15.68,Windows-10-10.0.26200-SP0,3.11.15,2.4.6,1.17.1,4.12.2,0.48.4,5.0.0,2.13.0+cpu,fd20710,10,False,,"(9, 6, 2)",2026-08-27T20:00:09+00:00,,
a3_refine_quality,380,refinement,torus,object,0.002,0,0,1,0.01,fraction_of_unit_bbox_diagonal,100000,0.0016,15,1,20000,0,0,0.001982,0.003583,1.0,1.0,1.0,0.88003,False,1,ok,20000,1,0,0,True,0.001685,0.003027,1.0,1.0,1.0,0.98659,-0.000297,True,0.10656,0,12th Gen Intel(R) Core(TM) i7-1255U,12,15.68,Windows-10-10.0.26200-SP0,3.11.15,2.4.6,1.17.1,4.12.2,0.48.4,5.0.0,2.13.0+cpu,fd20710,10,False,,"(9, 6, 2)",2026-08-27T20:00:09+00:00,,
a3_refine_quality,381,refinement,torus,room,0.002,0,0,1,0.01,fraction_of_unit_bbox_diagonal,100000,0.0016,15,1,20000,0,0,0.001982,0.003583,1.0,1.0,1.0,0.88003,False,1,ok,20000,1,0,0,True,0.001961,0.00356,1.0,1.0,1.0,0.88782,-2.1e-05,True,0.00779,0,12th Gen Intel(R) Core(TM) i7-1255U,12,15.68,Windows-10-10.0.26200-SP0,3.11.15,2.4.6,1.17.1,4.12.2,0.48.4,5.0.0,2.13.0+cpu,fd20710,10,False,,"(9, 6, 2)",2026-08-27T20:00:09+00:00,,
a3_refine_quality,382,refinement,torus,object,0.002,0,0,2,0.01,fraction_of_unit_bbox_diagonal,100000,0.0016,15,1,20000,0,0,0.002018,0.003606,1.0,1.0,1.0,0.87967,False,1,ok,20000,1,0,0,True,0.001699,0.003033,1.0,1.0,1.0,0.98589,-0.000319,True,0.10622,0,12th Gen Intel(R) Core(TM) i7-1255U,12,15.68,Windows-10-10.0.26200-SP0,3.11.15,2.4.6,1.17.1,4.12.2,0.48.4,5.0.0,2.13.0+cpu,fd20710,10,False,,"(9, 6, 2)",2026-08-27T20:00:09+00:00,,
a3_refine_quality,383,refinement,torus,room,0.002,0,0,2,0.01,fraction_of_unit_bbox_diagonal,100000,0.0016,15,1,20000,0,0,0.002018,0.003606,1.0,1.0,1.0,0.87967,False,1,ok,20000,1,0,0,True,0.001979,0.003561,1.0,1.0,1.0,0.88516,-3.9e-05,True,0.00549,0,12th Gen Intel(R) Core(TM) i7-1255U,12,15.68,Windows-10-10.0.26200-SP0,3.11.15,2.4.6,1.17.1,4.12.2,0.48.4,5.0.0,2.13.0+cpu,fd20710,10,False,,"(9, 6, 2)",2026-08-27T20:00:09+00:00,,
a3_refine_quality,384,refinement,torus,object,0.002,0,5,0,0.01,fraction_of_unit_bbox_diagonal,100000,0.0016,15,6,20400,0,0,0.004979,0.003902,0.9796,1.0,0.9897,0.86862,False,6,ok,20400,6,0,0,True,0.005199,0.003393,0.9766,1.0,0.9882,0.97485,0.00022,False,0.10623,0,12th Gen Intel(R) Core(TM) i7-1255U,12,15.68,Windows-10-10.0.26200-SP0,3.11.15,2.4.6,1.17.1,4.12.2,0.48.4,5.0.0,2.13.0+cpu,fd20710,10,False,,"(9, 6, 2)",2026-08-27T20:00:09+00:00,,
a3_refine_quality,385,refinement,torus,room,0.002,0,5,0,0.01,fraction_of_unit_bbox_diagonal,100000,0.0016,15,6,20400,0,0,0.004979,0.003902,0.9796,1.0,0.9897,0.86862,False,1,ok,20000,1,0,0,True,0.001996,0.003603,1.0,1.0,1.0,0.88324,-0.002983,True,0.01462,5,12th Gen Intel(R) Core(TM) i7-1255U,12,15.68,Windows-10-10.0.26200-SP0,3.11.15,2.4.6,1.17.1,4.12.2,0.48.4,5.0.0,2.13.0+cpu,fd20710,10,False,,"(9, 6, 2)",2026-08-27T20:00:09+00:00,,
a3_refine_quality,386,refinement,torus,object,0.002,0,5,1,0.01,fraction_of_unit_bbox_diagonal,100000,0.0016,15,6,20400,0,0,0.005516,0.003888,0.9789,1.0,0.9893,0.87274,False,6,ok,20400,6,0,0,True,0.005742,0.003379,0.9761,1.0,0.9879,0.97463,0.000226,False,0.10189,0,12th Gen Intel(R) Core(TM) i7-1255U,12,15.68,Windows-10-10.0.26200-SP0,3.11.15,2.4.6,1.17.1,4.12.2,0.48.4,5.0.0,2.13.0+cpu,fd20710,10,False,,"(9, 6, 2)",2026-08-27T20:00:09+00:00,,
a3_refine_quality,387,refinement,torus,room,0.002,0,5,1,0.01,fraction_of_unit_bbox_diagonal,100000,0.0016,15,6,20400,0,0,0.005516,0.003888,0.9789,1.0,0.9893,0.87274,False,1,ok,20000,1,0,0,True,0.001961,0.00356,1.0,1.0,1.0,0.88782,-0.003555,True,0.01508,5,12th Gen Intel(R) Core(TM) i7-1255U,12,15.68,Windows-10-10.0.26200-SP0,3.11.15,2.4.6,1.17.1,4.12.2,0.48.4,5.0.0,2.13.0+cpu,fd20710,10,False,,"(9, 6, 2)",2026-08-27T20:00:09+00:00,,
a3_refine_quality,388,refinement,torus,object,0.002,0,5,2,0.01,fraction_of_unit_bbox_diagonal,100000,0.0016,15,6,20400,0,0,0.003543,0.003912,0.9801,1.0,0.9899,0.87295,False,6,ok,20400,6,0,0,True,0.003544,0.00339,0.9772,1.0,0.9885,0.97321,1e-06,False,0.10026,0,12th Gen Intel(R) Core(TM) i7-1255U,12,15.68,Windows-10-10.0.26200-SP0,3.11.15,2.4.6,1.17.1,4.12.2,0.48.4,5.0.0,2.13.0+cpu,fd20710,10,False,,"(9, 6, 2)",2026-08-27T20:00:09+00:00,,
a3_refine_quality,389,refinement,torus,room,0.002,0,5,2,0.01,fraction_of_unit_bbox_diagonal,100000,0.0016,15,6,20400,0,0,0.003543,0.003912,0.9801,1.0,0.9899,0.87295,False,1,ok,20000,1,0,0,True,0.001979,0.003561,1.0,1.0,1.0,0.88516,-0.001564,True,0.01221,5,12th Gen Intel(R) Core(TM) i7-1255U,12,15.68,Windows-10-10.0.26200-SP0,3.11.15,2.4.6,1.17.1,4.12.2,0.48.4,5.0.0,2.13.0+cpu,fd20710,10,False,,"(9, 6, 2)",2026-08-27T20:00:09+00:00,,
a3_refine_quality,390,refinement,torus,object,0.002,0,20,0,0.01,fraction_of_unit_bbox_diagonal,100000,0.0016,15,21,21600,0,0,0.011762,0.179882,0.9199,1.0,0.9583,0.85056,False,21,ok,21600,21,0,0,True,0.012688,0.193165,0.9095,1.0,0.9526,0.9419,0.000926,False,0.09134,0,12th Gen Intel(R) Core(TM) i7-1255U,12,15.68,Windows-10-10.0.26200-SP0,3.11.15,2.4.6,1.17.1,4.12.2,0.48.4,5.0.0,2.13.0+cpu,fd20710,10,False,,"(9, 6, 2)",2026-08-27T20:00:09+00:00,,
a3_refine_quality,391,refinement,torus,room,0.002,0,20,0,0.01,fraction_of_unit_bbox_diagonal,100000,0.0016,15,21,21600,0,0,0.011762,0.179882,0.9199,1.0,0.9583,0.85056,False,1,ok,20000,1,0,0,True,0.001996,0.003603,1.0,1.0,1.0,0.88324,-0.009766,True,0.03268,20,12th Gen Intel(R) Core(TM) i7-1255U,12,15.68,Windows-10-10.0.26200-SP0,3.11.15,2.4.6,1.17.1,4.12.2,0.48.4,5.0.0,2.13.0+cpu,fd20710,10,False,,"(9, 6, 2)",2026-08-27T20:00:09+00:00,,
a3_refine_quality,392,refinement,torus,object,0.002,0,20,1,0.01,fraction_of_unit_bbox_diagonal,100000,0.0016,15,21,21600,0,0,0.012604,0.228043,0.9179,1.0,0.9572,0.84863,False,21,ok,21600,21,0,0,True,0.013609,0.263233,0.9081,1.0,0.9518,0.94161,0.001005,False,0.09298,0,12th Gen Intel(R) Core(TM) i7-1255U,12,15.68,Windows-10-10.0.26200-SP0,3.11.15,2.4.6,1.17.1,4.12.2,0.48.4,5.0.0,2.13.0+cpu,fd20710,10,False,,"(9, 6, 2)",2026-08-27T20:00:09+00:00,,
a3_refine_quality,393,refinement,torus,room,0.002,0,20,1,0.01,fraction_of_unit_bbox_diagonal,100000,0.0016,15,21,21600,0,0,0.012604,0.228043,0.9179,1.0,0.9572,0.84863,False,1,ok,20000,1,0,0,True,0.001961,0.00356,1.0,1.0,1.0,0.88782,-0.010643,True,0.03919,20,12th Gen Intel(R) Core(TM) i7-1255U,12,15.68,Windows-10-10.0.26200-SP0,3.11.15,2.4.6,1.17.1,4.12.2,0.48.4,5.0.0,2.13.0+cpu,fd20710,10,False,,"(9, 6, 2)",2026-08-27T20:00:09+00:00,,
a3_refine_quality,394,refinement,torus,object,0.002,0,20,2,0.01,fraction_of_unit_bbox_diagonal,100000,0.0016,15,21,21600,0,0,0.010219,0.175032,0.9209,1.0,0.9588,0.84565,False,21,ok,21600,21,0,0,True,0.010869,0.211642,0.9109,1.0,0.9534,0.93998,0.00065,False,0.09433,0,12th Gen Intel(R) Core(TM) i7-1255U,12,15.68,Windows-10-10.0.26200-SP0,3.11.15,2.4.6,1.17.1,4.12.2,0.48.4,5.0.0,2.13.0+cpu,fd20710,10,False,,"(9, 6, 2)",2026-08-27T20:00:09+00:00,,
a3_refine_quality,395,refinement,torus,room,0.002,0,20,2,0.01,fraction_of_unit_bbox_diagonal,100000,0.0016,15,21,21600,0,0,0.010219,0.175032,0.9209,1.0,0.9588,0.84565,False,1,ok,20000,1,0,0,True,0.001979,0.003561,1.0,1.0,1.0,0.88516,-0.00824,True,0.03951,20,12th Gen Intel(R) Core(TM) i7-1255U,12,15.68,Windows-10-10.0.26200-SP0,3.11.15,2.4.6,1.17.1,4.12.2,0.48.4,5.0.0,2.13.0+cpu,fd20710,10,False,,"(9, 6, 2)",2026-08-27T20:00:09+00:00,,
a3_refine_quality,396,refinement,torus,object,0.002,5,0,0,0.01,fraction_of_unit_bbox_diagonal,100000,0.0016,15,1,19900,74,0,0.002036,0.003635,1.0,0.9995,0.9998,0.87705,False,1,ok,19955,1,17,0,False,0.001743,0.00311,1.0,1.0,1.0,0.98616,-0.000293,True,0.10911,0,12th Gen Intel(R) Core(TM) i7-1255U,12,15.68,Windows-10-10.0.26200-SP0,3.11.15,2.4.6,1.17.1,4.12.2,0.48.4,5.0.0,2.13.0+cpu,fd20710,10,False,,"(9, 6, 2)",2026-08-27T20:00:09+00:00,,
a3_refine_quality,397,refinement,torus,room,0.002,5,0,0,0.01,fraction_of_unit_bbox_diagonal,100000,0.0016,15,1,19900,74,0,0.002036,0.003635,1.0,0.9995,0.9998,0.87705,False,1,ok,19955,1,17,0,False,0.002001,0.003602,1.0,1.0,1.0,0.88256,-3.5e-05,True,0.00551,0,12th Gen Intel(R) Core(TM) i7-1255U,12,15.68,Windows-10-10.0.26200-SP0,3.11.15,2.4.6,1.17.1,4.12.2,0.48.4,5.0.0,2.13.0+cpu,fd20710,10,False,,"(9, 6, 2)",2026-08-27T20:00:09+00:00,,
a3_refine_quality,398,refinement,torus,object,0.002,5,0,1,0.01,fraction_of_unit_bbox_diagonal,100000,0.0016,15,1,19900,68,0,0.002,0.003578,1.0,0.9996,0.9998,0.88027,False,1,ok,19950,1,14,0,False,0.001737,0.003099,1.0,1.0,1.0,0.98654,-0.000263,True,0.10627,0,12th Gen Intel(R) Core(TM) i7-1255U,12,15.68,Windows-10-10.0.26200-SP0,3.11.15,2.4.6,1.17.1,4.12.2,0.48.4,5.0.0,2.13.0+cpu,fd20710,10,False,,"(9, 6, 2)",2026-08-27T20:00:09+00:00,,
a3_refine_quality,399,refinement,torus,room,0.002,5,0,1,0.01,fraction_of_unit_bbox_diagonal,100000,0.0016,15,1,19900,68,0,0.002,0.003578,1.0,0.9996,0.9998,0.88027,False,1,ok,19950,1,14,0,False,0.001977,0.003572,1.0,1.0,1.0,0.88785,-2.3e-05,True,0.00758,0,12th Gen Intel(R) Core(TM) i7-1255U,12,15.68,Windows-10-10.0.26200-SP0,3.11.15,2.4.6,1.17.1,4.12.2,0.48.4,5.0.0,2.13.0+cpu,fd20710,10,False,,"(9, 6, 2)",2026-08-27T20:00:09+00:00,,
a3_refine_quality,400,refinement,torus,object,0.002,5,0,2,0.01,fraction_of_unit_bbox_diagonal,100000,0.0016,15,1,19900,64,0,0.002019,0.003596,1.0,0.9995,0.9997,0.87941,False,1,ok,19950,1,8,0,False,0.001741,0.003105,1.0,1.0,1.0,0.98577,-0.000278,True,0.10636,0,12th Gen Intel(R) Core(TM) i7-1255U,12,15.68,Windows-10-10.0.26200-SP0,3.11.15,2.4.6,1.17.1,4.12.2,0.48.4,5.0.0,2.13.0+cpu,fd20710,10,False,,"(9, 6, 2)",2026-08-27T20:00:09+00:00,,
a3_refine_quality,401,refinement,torus,room,0.002,5,0,2,0.01,fraction_of_unit_bbox_diagonal,100000,0.0016,15,1,19900,64,0,0.002019,0.003596,1.0,0.9995,0.9997,0.87941,False,1,ok,19950,1,8,0,False,0.00199,0.003578,1.0,1.0,1.0,0.88852,-2.9e-05,True,0.00911,0,12th Gen Intel(R) Core(TM) i7-1255U,12,15.68,Windows-10-10.0.26200-SP0,3.11.15,2.4.6,1.17.1,4.12.2,0.48.4,5.0.0,2.13.0+cpu,fd20710,10,False,,"(9, 6, 2)",2026-08-27T20:00:09+00:00,,
a3_refine_quality,402,refinement,torus,object,0.002,5,5,0,0.01,fraction_of_unit_bbox_diagonal,100000,0.0016,15,6,20300,74,0,0.005423,0.003898,0.9795,0.9995,0.9894,0.86796,False,6,ok,20355,6,17,0,False,0.00574,0.003393,0.9763,1.0,0.988,0.97484,0.000317,False,0.10688,0,12th Gen Intel(R) Core(TM) i7-1255U,12,15.68,Windows-10-10.0.26200-SP0,3.11.15,2.4.6,1.17.1,4.12.2,0.48.4,5.0.0,2.13.0+cpu,fd20710,10,False,,"(9, 6, 2)",2026-08-27T20:00:09+00:00,,
a3_refine_quality,403,refinement,torus,room,0.002,5,5,0,0.01,fraction_of_unit_bbox_diagonal,100000,0.0016,15,6,20300,74,0,0.005423,0.003898,0.9795,0.9995,0.9894,0.86796,False,1,ok,19955,1,17,0,False,0.002001,0.003602,1.0,1.0,1.0,0.88256,-0.003422,True,0.0146,5,12th Gen Intel(R) Core(TM) i7-1255U,12,15.68,Windows-10-10.0.26200-SP0,3.11.15,2.4.6,1.17.1,4.12.2,0.48.4,5.0.0,2.13.0+cpu,fd20710,10,False,,"(9, 6, 2)",2026-08-27T20:00:09+00:00,,
a3_refine_quality,404,refinement,torus,object,0.002,5,5,1,0.01,fraction_of_unit_bbox_diagonal,100000,0.0016,15,6,20300,68,0,0.004913,0.003878,0.9788,0.9996,0.9891,0.87236,False,6,ok,20350,6,14,0,False,0.005021,0.003373,0.9762,1.0,0.9879,0.97532,0.000108,False,0.10296,0,12th Gen Intel(R) Core(TM) i7-1255U,12,15.68,Windows-10-10.0.26200-SP0,3.11.15,2.4.6,1.17.1,4.12.2,0.48.4,5.0.0,2.13.0+cpu,fd20710,10,False,,"(9, 6, 2)",2026-08-27T20:00:09+00:00,,
a3_refine_quality,405,refinement,torus,room,0.002,5,5,1,0.01,fraction_of_unit_bbox_diagonal,100000,0.0016,15,6,20300,68,0,0.004913,0.003878,0.9788,0.9996,0.9891,0.87236,False,1,ok,19950,1,14,0,False,0.001977,0.003572,1.0,1.0,1.0,0.88785,-0.002936,True,0.01549,5,12th Gen Intel(R) Core(TM) i7-1255U,12,15.68,Windows-10-10.0.26200-SP0,3.11.15,2.4.6,1.17.1,4.12.2,0.48.4,5.0.0,2.13.0+cpu,fd20710,10,False,,"(9, 6, 2)",2026-08-27T20:00:09+00:00,,
a3_refine_quality,406,refinement,torus,object,0.002,5,5,2,0.01,fraction_of_unit_bbox_diagonal,100000,0.0016,15,6,20300,64,0,0.003247,0.003915,0.9776,0.9995,0.9884,0.871,False,6,ok,20350,6,8,0,False,0.003066,0.003396,0.9751,1.0,0.9874,0.97287,-0.000181,True,0.10187,0,12th Gen Intel(R) Core(TM) i7-1255U,12,15.68,Windows-10-10.0.26200-SP0,3.11.15,2.4.6,1.17.1,4.12.2,0.48.4,5.0.0,2.13.0+cpu,fd20710,10,False,,"(9, 6, 2)",2026-08-27T20:00:09+00:00,,
a3_refine_quality,407,refinement,torus,room,0.002,5,5,2,0.01,fraction_of_unit_bbox_diagonal,100000,0.0016,15,6,20300,64,0,0.003247,0.003915,0.9776,0.9995,0.9884,0.871,False,1,ok,19950,1,8,0,False,0.00199,0.003578,1.0,1.0,1.0,0.88852,-0.001257,True,0.01752,5,12th Gen Intel(R) Core(TM) i7-1255U,12,15.68,Windows-10-10.0.26200-SP0,3.11.15,2.4.6,1.17.1,4.12.2,0.48.4,5.0.0,2.13.0+cpu,fd20710,10,False,,"(9, 6, 2)",2026-08-27T20:00:09+00:00,,
a3_refine_quality,408,refinement,torus,object,0.002,5,20,0,0.01,fraction_of_unit_bbox_diagonal,100000,0.0016,15,21,21500,74,0,0.01184,0.195346,0.9198,0.9995,0.958,0.84912,False,21,ok,21555,21,17,0,False,0.012799,0.254075,0.9096,1.0,0.9526,0.94222,0.000959,False,0.0931,0,12th Gen Intel(R) Core(TM) i7-1255U,12,15.68,Windows-10-10.0.26200-SP0,3.11.15,2.4.6,1.17.1,4.12.2,0.48.4,5.0.0,2.13.0+cpu,fd20710,10,False,,"(9, 6, 2)",2026-08-27T20:00:09+00:00,,
a3_refine_quality,409,refinement,torus,room,0.002,5,20,0,0.01,fraction_of_unit_bbox_diagonal,100000,0.0016,15,21,21500,74,0,0.01184,0.195346,0.9198,0.9995,0.958,0.84912,False,1,ok,19955,1,17,0,False,0.002001,0.003602,1.0,1.0,1.0,0.88256,-0.009839,True,0.03344,20,12th Gen Intel(R) Core(TM) i7-1255U,12,15.68,Windows-10-10.0.26200-SP0,3.11.15,2.4.6,1.17.1,4.12.2,0.48.4,5.0.0,2.13.0+cpu,fd20710,10,False,,"(9, 6, 2)",2026-08-27T20:00:09+00:00,,
a3_refine_quality,410,refinement,torus,object,0.002,5,20,1,0.01,fraction_of_unit_bbox_diagonal,100000,0.0016,15,21,21500,68,0,0.012307,0.22,0.9203,0.9996,0.9583,0.85129,False,21,ok,21550,21,14,0,False,0.013034,0.234269,0.9116,1.0,0.9538,0.94147,0.000727,False,0.09018,0,12th Gen Intel(R) Core(TM) i7-1255U,12,15.68,Windows-10-10.0.26200-SP0,3.11.15,2.4.6,1.17.1,4.12.2,0.48.4,5.0.0,2.13.0+cpu,fd20710,10,False,,"(9, 6, 2)",2026-08-27T20:00:09+00:00,,
a3_refine_quality,411,refinement,torus,room,0.002,5,20,1,0.01,fraction_of_unit_bbox_diagonal,100000,0.0016,15,21,21500,68,0,0.012307,0.22,0.9203,0.9996,0.9583,0.85129,False,1,ok,19950,1,14,0,False,0.001977,0.003572,1.0,1.0,1.0,0.88785,-0.01033,True,0.03656,20,12th Gen Intel(R) Core(TM) i7-1255U,12,15.68,Windows-10-10.0.26200-SP0,3.11.15,2.4.6,1.17.1,4.12.2,0.48.4,5.0.0,2.13.0+cpu,fd20710,10,False,,"(9, 6, 2)",2026-08-27T20:00:09+00:00,,
a3_refine_quality,412,refinement,torus,object,0.002,5,20,2,0.01,fraction_of_unit_bbox_diagonal,100000,0.0016,15,21,21500,64,0,0.009541,0.128246,0.9204,0.9996,0.9584,0.84823,False,21,ok,21550,21,8,0,False,0.010223,0.161216,0.9112,1.0,0.9535,0.94058,0.000682,False,0.09235,0,12th Gen Intel(R) Core(TM) i7-1255U,12,15.68,Windows-10-10.0.26200-SP0,3.11.15,2.4.6,1.17.1,4.12.2,0.48.4,5.0.0,2.13.0+cpu,fd20710,10,False,,"(9, 6, 2)",2026-08-27T20:00:09+00:00,,
a3_refine_quality,413,refinement,torus,room,0.002,5,20,2,0.01,fraction_of_unit_bbox_diagonal,100000,0.0016,15,21,21500,64,0,0.009541,0.128246,0.9204,0.9996,0.9584,0.84823,False,1,ok,19950,1,8,0,False,0.00199,0.003578,1.0,1.0,1.0,0.88852,-0.007551,True,0.04029,20,12th Gen Intel(R) Core(TM) i7-1255U,12,15.68,Windows-10-10.0.26200-SP0,3.11.15,2.4.6,1.17.1,4.12.2,0.48.4,5.0.0,2.13.0+cpu,fd20710,10,False,,"(9, 6, 2)",2026-08-27T20:00:09+00:00,,
a3_refine_quality,414,refinement,torus,object,0.002,20,0,0,0.01,fraction_of_unit_bbox_diagonal,100000,0.0016,15,1,19600,284,0,0.002064,0.003649,1.0,0.9981,0.9991,0.87584,False,1,ok,19809,1,65,0,False,0.001755,0.003121,1.0,1.0,1.0,0.98566,-0.000309,True,0.10982,0,12th Gen Intel(R) Core(TM) i7-1255U,12,15.68,Windows-10-10.0.26200-SP0,3.11.15,2.4.6,1.17.1,4.12.2,0.48.4,5.0.0,2.13.0+cpu,fd20710,10,False,,"(9, 6, 2)",2026-08-27T20:00:09+00:00,,
a3_refine_quality,415,refinement,torus,room,0.002,20,0,0,0.01,fraction_of_unit_bbox_diagonal,100000,0.0016,15,1,19600,284,0,0.002064,0.003649,1.0,0.9981,0.9991,0.87584,False,1,ok,19809,1,65,0,False,0.001996,0.003593,1.0,1.0,1.0,0.88716,-6.8e-05,True,0.01132,0,12th Gen Intel(R) Core(TM) i7-1255U,12,15.68,Windows-10-10.0.26200-SP0,3.11.15,2.4.6,1.17.1,4.12.2,0.48.4,5.0.0,2.13.0+cpu,fd20710,10,False,,"(9, 6, 2)",2026-08-27T20:00:09+00:00,,
a3_refine_quality,416,refinement,torus,object,0.002,20,0,1,0.01,fraction_of_unit_bbox_diagonal,100000,0.0016,15,1,19600,300,0,0.00203,0.003594,1.0,0.9993,0.9997,0.87995,False,1,ok,19832,1,51,1,False,0.00174,0.003093,1.0,1.0,1.0,0.98662,-0.00029,True,0.10667,0,12th Gen Intel(R) Core(TM) i7-1255U,12,15.68,Windows-10-10.0.26200-SP0,3.11.15,2.4.6,1.17.1,4.12.2,0.48.4,5.0.0,2.13.0+cpu,fd20710,10,False,,"(9, 6, 2)",2026-08-27T20:00:09+00:00,,
a3_refine_quality,417,refinement,torus,room,0.002,20,0,1,0.01,fraction_of_unit_bbox_diagonal,100000,0.0016,15,1,19600,300,0,0.00203,0.003594,1.0,0.9993,0.9997,0.87995,False,1,ok,19832,1,51,1,False,0.00198,0.003587,1.0,1.0,1.0,0.88968,-5e-05,True,0.00973,0,12th Gen Intel(R) Core(TM) i7-1255U,12,15.68,Windows-10-10.0.26200-SP0,3.11.15,2.4.6,1.17.1,4.12.2,0.48.4,5.0.0,2.13.0+cpu,fd20710,10,False,,"(9, 6, 2)",2026-08-27T20:00:09+00:00,,
a3_refine_quality,418,refinement,torus,object,0.002,20,0,2,0.01,fraction_of_unit_bbox_diagonal,100000,0.0016,15,1,19614,262,0,0.002045,0.003603,1.0,0.9988,0.9994,0.87863,False,1,ok,19814,1,46,0,False,0.001744,0.003095,1.0,1.0,1.0,0.9856,-0.000301,True,0.10697,0,12th Gen Intel(R) Core(TM) i7-1255U,12,15.68,Windows-10-10.0.26200-SP0,3.11.15,2.4.6,1.17.1,4.12.2,0.48.4,5.0.0,2.13.0+cpu,fd20710,10,False,,"(9, 6, 2)",2026-08-27T20:00:09+00:00,,
a3_refine_quality,419,refinement,torus,room,0.002,20,0,2,0.01,fraction_of_unit_bbox_diagonal,100000,0.0016,15,1,19614,262,0,0.002045,0.003603,1.0,0.9988,0.9994,0.87863,False,1,ok,19814,1,46,0,False,0.001985,0.003567,1.0,1.0,1.0,0.88945,-6e-05,True,0.01082,0,12th Gen Intel(R) Core(TM) i7-1255U,12,15.68,Windows-10-10.0.26200-SP0,3.11.15,2.4.6,1.17.1,4.12.2,0.48.4,5.0.0,2.13.0+cpu,fd20710,10,False,,"(9, 6, 2)",2026-08-27T20:00:09+00:00,,
a3_refine_quality,420,refinement,torus,object,0.002,20,5,0,0.01,fraction_of_unit_bbox_diagonal,100000,0.0016,15,6,20000,284,0,0.004446,0.003909,0.9791,0.9981,0.9885,0.87034,False,6,ok,20209,6,65,0,False,0.004624,0.003405,0.9752,1.0,0.9874,0.97424,0.000178,False,0.1039,0,12th Gen Intel(R) Core(TM) i7-1255U,12,15.68,Windows-10-10.0.26200-SP0,3.11.15,2.4.6,1.17.1,4.12.2,0.48.4,5.0.0,2.13.0+cpu,fd20710,10,False,,"(9, 6, 2)",2026-08-27T20:00:09+00:00,,
a3_refine_quality,421,refinement,torus,room,0.002,20,5,0,0.01,fraction_of_unit_bbox_diagonal,100000,0.0016,15,6,20000,284,0,0.004446,0.003909,0.9791,0.9981,0.9885,0.87034,False,1,ok,19809,1,65,0,False,0.001996,0.003593,1.0,1.0,1.0,0.88716,-0.00245,True,0.01682,5,12th Gen Intel(R) Core(TM) i7-1255U,12,15.68,Windows-10-10.0.26200-SP0,3.11.15,2.4.6,1.17.1,4.12.2,0.48.4,5.0.0,2.13.0+cpu,fd20710,10,False,,"(9, 6, 2)",2026-08-27T20:00:09+00:00,,
a3_refine_quality,422,refinement,torus,object,0.002,20,5,1,0.01,fraction_of_unit_bbox_diagonal,100000,0.0016,15,6,20000,300,0,0.004492,0.003866,0.9804,0.9993,0.9898,0.87111,False,6,ok,20232,6,51,1,False,0.004525,0.003386,0.9776,1.0,0.9887,0.97411,3.3e-05,False,0.103,0,12th Gen Intel(R) Core(TM) i7-1255U,12,15.68,Windows-10-10.0.26200-SP0,3.11.15,2.4.6,1.17.1,4.12.2,0.48.4,5.0.0,2.13.0+cpu,fd20710,10,False,,"(9, 6, 2)",2026-08-27T20:00:09+00:00,,
a3_refine_quality,423,refinement,torus,room,0.002,20,5,1,0.01,fraction_of_unit_bbox_diagonal,100000,0.0016,15,6,20000,300,0,0.004492,0.003866,0.9804,0.9993,0.9898,0.87111,False,1,ok,19832,1,51,1,False,0.00198,0.003587,1.0,1.0,1.0,0.88968,-0.002512,True,0.01857,5,12th Gen Intel(R) Core(TM) i7-1255U,12,15.68,Windows-10-10.0.26200-SP0,3.11.15,2.4.6,1.17.1,4.12.2,0.48.4,5.0.0,2.13.0+cpu,fd20710,10,False,,"(9, 6, 2)",2026-08-27T20:00:09+00:00,,
a3_refine_quality,424,refinement,torus,object,0.002,20,5,2,0.01,fraction_of_unit_bbox_diagonal,100000,0.0016,15,6,20014,262,0,0.003895,0.003904,0.9796,0.9987,0.9891,0.86912,False,6,ok,20214,6,46,0,False,0.003816,0.003386,0.9773,1.0,0.9885,0.97207,-7.9e-05,True,0.10295,0,12th Gen Intel(R) Core(TM) i7-1255U,12,15.68,Windows-10-10.0.26200-SP0,3.11.15,2.4.6,1.17.1,4.12.2,0.48.4,5.0.0,2.13.0+cpu,fd20710,10,False,,"(9, 6, 2)",2026-08-27T20:00:09+00:00,,
a3_refine_quality,425,refinement,torus,room,0.002,20,5,2,0.01,fraction_of_unit_bbox_diagonal,100000,0.0016,15,6,20014,262,0,0.003895,0.003904,0.9796,0.9987,0.9891,0.86912,False,1,ok,19814,1,46,0,False,0.001985,0.003567,1.0,1.0,1.0,0.88945,-0.00191,True,0.02033,5,12th Gen Intel(R) Core(TM) i7-1255U,12,15.68,Windows-10-10.0.26200-SP0,3.11.15,2.4.6,1.17.1,4.12.2,0.48.4,5.0.0,2.13.0+cpu,fd20710,10,False,,"(9, 6, 2)",2026-08-27T20:00:09+00:00,,
a3_refine_quality,426,refinement,torus,object,0.002,20,20,0,0.01,fraction_of_unit_bbox_diagonal,100000,0.0016,15,21,21200,284,0,0.009884,0.115736,0.9188,0.998,0.9568,0.84717,False,21,ok,21409,21,65,0,False,0.010468,0.13213,0.9087,1.0,0.9522,0.94161,0.000584,False,0.09444,0,12th Gen Intel(R) Core(TM) i7-1255U,12,15.68,Windows-10-10.0.26200-SP0,3.11.15,2.4.6,1.17.1,4.12.2,0.48.4,5.0.0,2.13.0+cpu,fd20710,10,False,,"(9, 6, 2)",2026-08-27T20:00:09+00:00,,
a3_refine_quality,427,refinement,torus,room,0.002,20,20,0,0.01,fraction_of_unit_bbox_diagonal,100000,0.0016,15,21,21200,284,0,0.009884,0.115736,0.9188,0.998,0.9568,0.84717,False,1,ok,19809,1,65,0,False,0.001996,0.003593,1.0,1.0,1.0,0.88716,-0.007888,True,0.03999,20,12th Gen Intel(R) Core(TM) i7-1255U,12,15.68,Windows-10-10.0.26200-SP0,3.11.15,2.4.6,1.17.1,4.12.2,0.48.4,5.0.0,2.13.0+cpu,fd20710,10,False,,"(9, 6, 2)",2026-08-27T20:00:09+00:00,,
a3_refine_quality,428,refinement,torus,object,0.002,20,20,1,0.01,fraction_of_unit_bbox_diagonal,100000,0.0016,15,21,21200,300,0,0.012046,0.217494,0.9193,0.9992,0.9576,0.84793,False,21,ok,21432,21,51,1,False,0.012633,0.227678,0.9127,1.0,0.9543,0.94183,0.000587,False,0.0939,0,12th Gen Intel(R) Core(TM) i7-1255U,12,15.68,Windows-10-10.0.26200-SP0,3.11.15,2.4.6,1.17.1,4.12.2,0.48.4,5.0.0,2.13.0+cpu,fd20710,10,False,,"(9, 6, 2)",2026-08-27T20:00:09+00:00,,
a3_refine_quality,429,refinement,torus,room,0.002,20,20,1,0.01,fraction_of_unit_bbox_diagonal,100000,0.0016,15,21,21200,300,0,0.012046,0.217494,0.9193,0.9992,0.9576,0.84793,False,1,ok,19832,1,51,1,False,0.00198,0.003587,1.0,1.0,1.0,0.88968,-0.010066,True,0.04175,20,12th Gen Intel(R) Core(TM) i7-1255U,12,15.68,Windows-10-10.0.26200-SP0,3.11.15,2.4.6,1.17.1,4.12.2,0.48.4,5.0.0,2.13.0+cpu,fd20710,10,False,,"(9, 6, 2)",2026-08-27T20:00:09+00:00,,
a3_refine_quality,430,refinement,torus,object,0.002,20,20,2,0.01,fraction_of_unit_bbox_diagonal,100000,0.0016,15,21,21214,262,0,0.01067,0.165353,0.922,0.9988,0.9589,0.84614,False,21,ok,21414,21,46,0,False,0.011245,0.179857,0.914,1.0,0.9551,0.94103,0.000575,False,0.09489,0,12th Gen Intel(R) Core(TM) i7-1255U,12,15.68,Windows-10-10.0.26200-SP0,3.11.15,2.4.6,1.17.1,4.12.2,0.48.4,5.0.0,2.13.0+cpu,fd20710,10,False,,"(9, 6, 2)",2026-08-27T20:00:09+00:00,,
a3_refine_quality,431,refinement,torus,room,0.002,20,20,2,0.01,fraction_of_unit_bbox_diagonal,100000,0.0016,15,21,21214,262,0,0.01067,0.165353,0.922,0.9988,0.9589,0.84614,False,1,ok,19814,1,46,0,False,0.001985,0.003567,1.0,1.0,1.0,0.88945,-0.008685,True,0.04331,20,12th Gen Intel(R) Core(TM) i7-1255U,12,15.68,Windows-10-10.0.26200-SP0,3.11.15,2.4.6,1.17.1,4.12.2,0.48.4,5.0.0,2.13.0+cpu,fd20710,10,False,,"(9, 6, 2)",2026-08-27T20:00:09+00:00,,
a3_refine_quality,432,refinement,torus,object,0.005,0,0,0,0.01,fraction_of_unit_bbox_diagonal,100000,0.0016,15,1,20000,0,0,0.003197,0.007514,0.991,1.0,0.9955,0.6799,False,1,ok,20000,1,0,0,True,0.002431,0.004604,1.0,1.0,1.0,0.92719,-0.000766,True,0.24729,0,12th Gen Intel(R) Core(TM) i7-1255U,12,15.68,Windows-10-10.0.26200-SP0,3.11.15,2.4.6,1.17.1,4.12.2,0.48.4,5.0.0,2.13.0+cpu,fd20710,10,False,,"(9, 6, 2)",2026-08-27T20:00:09+00:00,,
a3_refine_quality,433,refinement,torus,room,0.005,0,0,0,0.01,fraction_of_unit_bbox_diagonal,100000,0.0016,15,1,20000,0,0,0.003197,0.007514,0.991,1.0,0.9955,0.6799,False,1,ok,20000,1,0,0,True,0.003194,0.007487,0.9908,1.0,0.9954,0.67981,-3e-06,True,-9e-05,0,12th Gen Intel(R) Core(TM) i7-1255U,12,15.68,Windows-10-10.0.26200-SP0,3.11.15,2.4.6,1.17.1,4.12.2,0.48.4,5.0.0,2.13.0+cpu,fd20710,10,False,,"(9, 6, 2)",2026-08-27T20:00:09+00:00,,
a3_refine_quality,434,refinement,torus,object,0.005,0,0,1,0.01,fraction_of_unit_bbox_diagonal,100000,0.0016,15,1,20000,0,0,0.00315,0.007376,0.9905,1.0,0.9952,0.677,False,1,ok,20000,1,0,0,True,0.002373,0.004449,1.0,1.0,1.0,0.93148,-0.000777,True,0.25448,0,12th Gen Intel(R) Core(TM) i7-1255U,12,15.68,Windows-10-10.0.26200-SP0,3.11.15,2.4.6,1.17.1,4.12.2,0.48.4,5.0.0,2.13.0+cpu,fd20710,10,False,,"(9, 6, 2)",2026-08-27T20:00:09+00:00,,
a3_refine_quality,435,refinement,torus,room,0.005,0,0,1,0.01,fraction_of_unit_bbox_diagonal,100000,0.0016,15,1,20000,0,0,0.00315,0.007376,0.9905,1.0,0.9952,0.677,False,1,ok,20000,1,0,0,True,0.003139,0.007341,0.9909,1.0,0.9954,0.68049,-1.1e-05,True,0.00349,0,12th Gen Intel(R) Core(TM) i7-1255U,12,15.68,Windows-10-10.0.26200-SP0,3.11.15,2.4.6,1.17.1,4.12.2,0.48.4,5.0.0,2.13.0+cpu,fd20710,10,False,,"(9, 6, 2)",2026-08-27T20:00:09+00:00,,
a3_refine_quality,436,refinement,torus,object,0.005,0,0,2,0.01,fraction_of_unit_bbox_diagonal,100000,0.0016,15,1,20000,0,0,0.003186,0.007381,0.9908,1.0,0.9954,0.68009,False,1,ok,20000,1,0,0,True,0.002402,0.004519,1.0,1.0,1.0,0.92839,-0.000784,True,0.2483,0,12th Gen Intel(R) Core(TM) i7-1255U,12,15.68,Windows-10-10.0.26200-SP0,3.11.15,2.4.6,1.17.1,4.12.2,0.48.4,5.0.0,2.13.0+cpu,fd20710,10,False,,"(9, 6, 2)",2026-08-27T20:00:09+00:00,,
a3_refine_quality,437,refinement,torus,room,0.005,0,0,2,0.01,fraction_of_unit_bbox_diagonal,100000,0.0016,15,1,20000,0,0,0.003186,0.007381,0.9908,1.0,0.9954,0.68009,False,1,ok,20000,1,0,0,True,0.003183,0.007408,0.991,1.0,0.9955,0.67662,-3e-06,True,-0.00347,0,12th Gen Intel(R) Core(TM) i7-1255U,12,15.68,Windows-10-10.0.26200-SP0,3.11.15,2.4.6,1.17.1,4.12.2,0.48.4,5.0.0,2.13.0+cpu,fd20710,10,False,,"(9, 6, 2)",2026-08-27T20:00:09+00:00,,
a3_refine_quality,438,refinement,torus,object,0.005,0,5,0,0.01,fraction_of_unit_bbox_diagonal,100000,0.0016,15,6,20400,0,0,0.004899,0.007882,0.9794,1.0,0.9896,0.67375,False,6,ok,20400,6,0,0,True,0.005679,0.005055,0.9781,1.0,0.9889,0.91914,0.00078,False,0.24539,0,12th Gen Intel(R) Core(TM) i7-1255U,12,15.68,Windows-10-10.0.26200-SP0,3.11.15,2.4.6,1.17.1,4.12.2,0.48.4,5.0.0,2.13.0+cpu,fd20710,10,False,,"(9, 6, 2)",2026-08-27T20:00:09+00:00,,
a3_refine_quality,439,refinement,torus,room,0.005,0,5,0,0.01,fraction_of_unit_bbox_diagonal,100000,0.0016,15,6,20400,0,0,0.004899,0.007882,0.9794,1.0,0.9896,0.67375,False,1,ok,20000,1,0,0,True,0.003194,0.007487,0.9908,1.0,0.9954,0.67981,-0.001705,True,0.00606,5,12th Gen Intel(R) Core(TM) i7-1255U,12,15.68,Windows-10-10.0.26200-SP0,3.11.15,2.4.6,1.17.1,4.12.2,0.48.4,5.0.0,2.13.0+cpu,fd20710,10,False,,"(9, 6, 2)",2026-08-27T20:00:09+00:00,,
a3_refine_quality,440,refinement,torus,object,0.005,0,5,1,0.01,fraction_of_unit_bbox_diagonal,100000,0.0016,15,6,20400,0,0,0.005227,0.007831,0.9781,1.0,0.9889,0.67658,False,6,ok,20400,6,0,0,True,0.006126,0.004901,0.9775,1.0,0.9886,0.92106,0.000899,False,0.24448,0,12th Gen Intel(R) Core(TM) i7-1255U,12,15.68,Windows-10-10.0.26200-SP0,3.11.15,2.4.6,1.17.1,4.12.2,0.48.4,5.0.0,2.13.0+cpu,fd20710,10,False,,"(9, 6, 2)",2026-08-27T20:00:09+00:00,,
a3_refine_quality,441,refinement,torus,room,0.005,0,5,1,0.01,fraction_of_unit_bbox_diagonal,100000,0.0016,15,6,20400,0,0,0.005227,0.007831,0.9781,1.0,0.9889,0.67658,False,1,ok,20000,1,0,0,True,0.003139,0.007341,0.9909,1.0,0.9954,0.68049,-0.002088,True,0.00391,5,12th Gen Intel(R) Core(TM) i7-1255U,12,15.68,Windows-10-10.0.26200-SP0,3.11.15,2.4.6,1.17.1,4.12.2,0.48.4,5.0.0,2.13.0+cpu,fd20710,10,False,,"(9, 6, 2)",2026-08-27T20:00:09+00:00,,
a3_refine_quality,442,refinement,torus,object,0.005,0,5,2,0.01,fraction_of_unit_bbox_diagonal,100000,0.0016,15,6,20400,0,0,0.004054,0.007798,0.9799,1.0,0.9898,0.67787,False,6,ok,20400,6,0,0,True,0.004078,0.004953,0.9788,1.0,0.9893,0.91788,2.4e-05,False,0.24001,0,12th Gen Intel(R) Core(TM) i7-1255U,12,15.68,Windows-10-10.0.26200-SP0,3.11.15,2.4.6,1.17.1,4.12.2,0.48.4,5.0.0,2.13.0+cpu,fd20710,10,False,,"(9, 6, 2)",2026-08-27T20:00:09+00:00,,
a3_refine_quality,443,refinement,torus,room,0.005,0,5,2,0.01,fraction_of_unit_bbox_diagonal,100000,0.0016,15,6,20400,0,0,0.004054,0.007798,0.9799,1.0,0.9898,0.67787,False,1,ok,20000,1,0,0,True,0.003183,0.007408,0.991,1.0,0.9955,0.67662,-0.000871,True,-0.00125,5,12th Gen Intel(R) Core(TM) i7-1255U,12,15.68,Windows-10-10.0.26200-SP0,3.11.15,2.4.6,1.17.1,4.12.2,0.48.4,5.0.0,2.13.0+cpu,fd20710,10,False,,"(9, 6, 2)",2026-08-27T20:00:09+00:00,,
a3_refine_quality,444,refinement,torus,object,0.005,0,20,0,0.01,fraction_of_unit_bbox_diagonal,100000,0.0016,15,21,21600,0,0,0.008963,0.011411,0.9446,1.0,0.9715,0.67237,False,21,ok,21600,21,0,0,True,0.012704,0.187991,0.9146,1.0,0.9554,0.89183,0.003741,False,0.21946,0,12th Gen Intel(R) Core(TM) i7-1255U,12,15.68,Windows-10-10.0.26200-SP0,3.11.15,2.4.6,1.17.1,4.12.2,0.48.4,5.0.0,2.13.0+cpu,fd20710,10,False,,"(9, 6, 2)",2026-08-27T20:00:09+00:00,,
a3_refine_quality,445,refinement,torus,room,0.005,0,20,0,0.01,fraction_of_unit_bbox_diagonal,100000,0.0016,15,21,21600,0,0,0.008963,0.011411,0.9446,1.0,0.9715,0.67237,False,1,ok,20000,1,0,0,True,0.003194,0.007487,0.9908,1.0,0.9954,0.67981,-0.005769,True,0.00744,20,12th Gen Intel(R) Core(TM) i7-1255U,12,15.68,Windows-10-10.0.26200-SP0,3.11.15,2.4.6,1.17.1,4.12.2,0.48.4,5.0.0,2.13.0+cpu,fd20710,10,False,,"(9, 6, 2)",2026-08-27T20:00:09+00:00,,
a3_refine_quality,446,refinement,torus,object,0.005,0,20,1,0.01,fraction_of_unit_bbox_diagonal,100000,0.0016,15,21,21600,0,0,0.009452,0.01335,0.942,1.0,0.9701,0.66893,False,21,ok,21600,21,0,0,True,0.01358,0.239288,0.9127,1.0,0.9543,0.8934,0.004128,False,0.22447,0,12th Gen Intel(R) Core(TM) i7-1255U,12,15.68,Windows-10-10.0.26200-SP0,3.11.15,2.4.6,1.17.1,4.12.2,0.48.4,5.0.0,2.13.0+cpu,fd20710,10,False,,"(9, 6, 2)",2026-08-27T20:00:09+00:00,,
a3_refine_quality,447,refinement,torus,room,0.005,0,20,1,0.01,fraction_of_unit_bbox_diagonal,100000,0.0016,15,21,21600,0,0,0.009452,0.01335,0.942,1.0,0.9701,0.66893,False,1,ok,20000,1,0,0,True,0.003139,0.007341,0.9909,1.0,0.9954,0.68049,-0.006313,True,0.01156,20,12th Gen Intel(R) Core(TM) i7-1255U,12,15.68,Windows-10-10.0.26200-SP0,3.11.15,2.4.6,1.17.1,4.12.2,0.48.4,5.0.0,2.13.0+cpu,fd20710,10,False,,"(9, 6, 2)",2026-08-27T20:00:09+00:00,,
a3_refine_quality,448,refinement,torus,object,0.005,0,20,2,0.01,fraction_of_unit_bbox_diagonal,100000,0.0016,15,21,21600,0,0,0.007997,0.012103,0.9431,1.0,0.9707,0.67035,False,21,ok,21600,21,0,0,True,0.010968,0.181891,0.9161,1.0,0.9562,0.88961,0.002971,False,0.21926,0,12th Gen Intel(R) Core(TM) i7-1255U,12,15.68,Windows-10-10.0.26200-SP0,3.11.15,2.4.6,1.17.1,4.12.2,0.48.4,5.0.0,2.13.0+cpu,fd20710,10,False,,"(9, 6, 2)",2026-08-27T20:00:09+00:00,,
a3_refine_quality,449,refinement,torus,room,0.005,0,20,2,0.01,fraction_of_unit_bbox_diagonal,100000,0.0016,15,21,21600,0,0,0.007997,0.012103,0.9431,1.0,0.9707,0.67035,False,1,ok,20000,1,0,0,True,0.003183,0.007408,0.991,1.0,0.9955,0.67662,-0.004814,True,0.00627,20,12th Gen Intel(R) Core(TM) i7-1255U,12,15.68,Windows-10-10.0.26200-SP0,3.11.15,2.4.6,1.17.1,4.12.2,0.48.4,5.0.0,2.13.0+cpu,fd20710,10,False,,"(9, 6, 2)",2026-08-27T20:00:09+00:00,,
a3_refine_quality,450,refinement,torus,object,0.005,5,0,0,0.01,fraction_of_unit_bbox_diagonal,100000,0.0016,15,1,19900,74,0,0.003212,0.007475,0.991,0.9994,0.9952,0.67804,False,1,ok,19950,1,24,0,False,0.002438,0.004609,1.0,1.0,1.0,0.92826,-0.000774,True,0.25022,0,12th Gen Intel(R) Core(TM) i7-1255U,12,15.68,Windows-10-10.0.26200-SP0,3.11.15,2.4.6,1.17.1,4.12.2,0.48.4,5.0.0,2.13.0+cpu,fd20710,10,False,,"(9, 6, 2)",2026-08-27T20:00:09+00:00,,
a3_refine_quality,451,refinement,torus,room,0.005,5,0,0,0.01,fraction_of_unit_bbox_diagonal,100000,0.0016,15,1,19900,74,0,0.003212,0.007475,0.991,0.9994,0.9952,0.67804,False,1,ok,19950,1,24,0,False,0.003196,0.007499,0.991,1.0,0.9955,0.67812,-1.6e-05,True,8e-05,0,12th Gen Intel(R) Core(TM) i7-1255U,12,15.68,Windows-10-10.0.26200-SP0,3.11.15,2.4.6,1.17.1,4.12.2,0.48.4,5.0.0,2.13.0+cpu,fd20710,10,False,,"(9, 6, 2)",2026-08-27T20:00:09+00:00,,
a3_refine_quality,452,refinement,torus,object,0.005,5,0,1,0.01,fraction_of_unit_bbox_diagonal,100000,0.0016,15,1,19900,68,0,0.003146,0.007348,0.9911,0.9997,0.9954,0.6827,False,1,ok,19946,1,20,0,False,0.002385,0.004479,0.9997,1.0,0.9999,0.93091,-0.000761,True,0.24821,0,12th Gen Intel(R) Core(TM) i7-1255U,12,15.68,Windows-10-10.0.26200-SP0,3.11.15,2.4.6,1.17.1,4.12.2,0.48.4,5.0.0,2.13.0+cpu,fd20710,10,False,,"(9, 6, 2)",2026-08-27T20:00:09+00:00,,
a3_refine_quality,453,refinement,torus,room,0.005,5,0,1,0.01,fraction_of_unit_bbox_diagonal,100000,0.0016,15,1,19900,68,0,0.003146,0.007348,0.9911,0.9997,0.9954,0.6827,False,1,ok,19946,1,20,0,False,0.003143,0.007377,0.9903,1.0,0.9951,0.68345,-3e-06,True,0.00075,0,12th Gen Intel(R) Core(TM) i7-1255U,12,15.68,Windows-10-10.0.26200-SP0,3.11.15,2.4.6,1.17.1,4.12.2,0.48.4,5.0.0,2.13.0+cpu,fd20710,10,False,,"(9, 6, 2)",2026-08-27T20:00:09+00:00,,
a3_refine_quality,454,refinement,torus,object,0.005,5,0,2,0.01,fraction_of_unit_bbox_diagonal,100000,0.0016,15,1,19900,64,0,0.003194,0.007396,0.9913,0.9994,0.9953,0.67991,False,1,ok,19942,1,22,0,False,0.002412,0.004531,0.9999,1.0,1.0,0.92686,-0.000782,True,0.24695,0,12th Gen Intel(R) Core(TM) i7-1255U,12,15.68,Windows-10-10.0.26200-SP0,3.11.15,2.4.6,1.17.1,4.12.2,0.48.4,5.0.0,2.13.0+cpu,fd20710,10,False,,"(9, 6, 2)",2026-08-27T20:00:09+00:00,,
a3_refine_quality,455,refinement,torus,room,0.005,5,0,2,0.01,fraction_of_unit_bbox_diagonal,100000,0.0016,15,1,19900,64,0,0.003194,0.007396,0.9913,0.9994,0.9953,0.67991,False,1,ok,19942,1,22,0,False,0.003186,0.00739,0.9913,1.0,0.9956,0.67584,-8e-06,True,-0.00407,0,12th Gen Intel(R) Core(TM) i7-1255U,12,15.68,Windows-10-10.0.26200-SP0,3.11.15,2.4.6,1.17.1,4.12.2,0.48.4,5.0.0,2.13.0+cpu,fd20710,10,False,,"(9, 6, 2)",2026-08-27T20:00:09+00:00,,
a3_refine_quality,456,refinement,torus,object,0.005,5,5,0,0.01,fraction_of_unit_bbox_diagonal,100000,0.0016,15,6,20300,74,0,0.005175,0.007925,0.9792,0.9995,0.9893,0.67808,False,6,ok,20350,6,24,0,False,0.006179,0.005069,0.9777,1.0,0.9887,0.91898,0.001004,False,0.2409,0,12th Gen Intel(R) Core(TM) i7-1255U,12,15.68,Windows-10-10.0.26200-SP0,3.11.15,2.4.6,1.17.1,4.12.2,0.48.4,5.0.0,2.13.0+cpu,fd20710,10,False,,"(9, 6, 2)",2026-08-27T20:00:09+00:00,,
a3_refine_quality,457,refinement,torus,room,0.005,5,5,0,0.01,fraction_of_unit_bbox_diagonal,100000,0.0016,15,6,20300,74,0,0.005175,0.007925,0.9792,0.9995,0.9893,0.67808,False,1,ok,19950,1,24,0,False,0.003196,0.007499,0.991,1.0,0.9955,0.67812,-0.001979,True,4e-05,5,12th Gen Intel(R) Core(TM) i7-1255U,12,15.68,Windows-10-10.0.26200-SP0,3.11.15,2.4.6,1.17.1,4.12.2,0.48.4,5.0.0,2.13.0+cpu,fd20710,10,False,,"(9, 6, 2)",2026-08-27T20:00:09+00:00,,
a3_refine_quality,458,refinement,torus,object,0.005,5,5,1,0.01,fraction_of_unit_bbox_diagonal,100000,0.0016,15,6,20300,68,0,0.004918,0.00779,0.9782,0.9996,0.9887,0.67974,False,6,ok,20346,6,20,0,False,0.00548,0.004932,0.977,1.0,0.9884,0.92148,0.000562,False,0.24174,0,12th Gen Intel(R) Core(TM) i7-1255U,12,15.68,Windows-10-10.0.26200-SP0,3.11.15,2.4.6,1.17.1,4.12.2,0.48.4,5.0.0,2.13.0+cpu,fd20710,10,False,,"(9, 6, 2)",2026-08-27T20:00:09+00:00,,
a3_refine_quality,459,refinement,torus,room,0.005,5,5,1,0.01,fraction_of_unit_bbox_diagonal,100000,0.0016,15,6,20300,68,0,0.004918,0.00779,0.9782,0.9996,0.9887,0.67974,False,1,ok,19946,1,20,0,False,0.003143,0.007377,0.9903,1.0,0.9951,0.68345,-0.001775,True,0.00371,5,12th Gen Intel(R) Core(TM) i7-1255U,12,15.68,Windows-10-10.0.26200-SP0,3.11.15,2.4.6,1.17.1,4.12.2,0.48.4,5.0.0,2.13.0+cpu,fd20710,10,False,,"(9, 6, 2)",2026-08-27T20:00:09+00:00,,
a3_refine_quality,460,refinement,torus,object,0.005,5,5,2,0.01,fraction_of_unit_bbox_diagonal,100000,0.0016,15,6,20300,64,0,0.003918,0.007835,0.9784,0.9993,0.9887,0.6778,False,6,ok,20342,6,22,0,False,0.003646,0.005025,0.9767,1.0,0.9882,0.91569,-0.000272,True,0.23789,0,12th Gen Intel(R) Core(TM) i7-1255U,12,15.68,Windows-10-10.0.26200-SP0,3.11.15,2.4.6,1.17.1,4.12.2,0.48.4,5.0.0,2.13.0+cpu,fd20710,10,False,,"(9, 6, 2)",2026-08-27T20:00:09+00:00,,
a3_refine_quality,461,refinement,torus,room,0.005,5,5,2,0.01,fraction_of_unit_bbox_diagonal,100000,0.0016,15,6,20300,64,0,0.003918,0.007835,0.9784,0.9993,0.9887,0.6778,False,1,ok,19942,1,22,0,False,0.003186,0.00739,0.9913,1.0,0.9956,0.67584,-0.000732,True,-0.00196,5,12th Gen Intel(R) Core(TM) i7-1255U,12,15.68,Windows-10-10.0.26200-SP0,3.11.15,2.4.6,1.17.1,4.12.2,0.48.4,5.0.0,2.13.0+cpu,fd20710,10,False,,"(9, 6, 2)",2026-08-27T20:00:09+00:00,,
a3_refine_quality,462,refinement,torus,object,0.005,5,20,0,0.01,fraction_of_unit_bbox_diagonal,100000,0.0016,15,21,21500,74,0,0.009003,0.011434,0.9442,0.9996,0.9711,0.67123,False,21,ok,21550,21,24,0,False,0.012822,0.23998,0.915,1.0,0.9556,0.89133,0.003819,False,0.2201,0,12th Gen Intel(R) Core(TM) i7-1255U,12,15.68,Windows-10-10.0.26200-SP0,3.11.15,2.4.6,1.17.1,4.12.2,0.48.4,5.0.0,2.13.0+cpu,fd20710,10,False,,"(9, 6, 2)",2026-08-27T20:00:09+00:00,,
a3_refine_quality,463,refinement,torus,room,0.005,5,20,0,0.01,fraction_of_unit_bbox_diagonal,100000,0.0016,15,21,21500,74,0,0.009003,0.011434,0.9442,0.9996,0.9711,0.67123,False,1,ok,19950,1,24,0,False,0.003196,0.007499,0.991,1.0,0.9955,0.67812,-0.005807,True,0.00689,20,12th Gen Intel(R) Core(TM) i7-1255U,12,15.68,Windows-10-10.0.26200-SP0,3.11.15,2.4.6,1.17.1,4.12.2,0.48.4,5.0.0,2.13.0+cpu,fd20710,10,False,,"(9, 6, 2)",2026-08-27T20:00:09+00:00,,
a3_refine_quality,464,refinement,torus,object,0.005,5,20,1,0.01,fraction_of_unit_bbox_diagonal,100000,0.0016,15,21,21500,68,0,0.009261,0.011943,0.9428,0.9995,0.9703,0.66746,False,21,ok,21546,21,20,0,False,0.012989,0.226431,0.9158,1.0,0.956,0.89259,0.003728,False,0.22513,0,12th Gen Intel(R) Core(TM) i7-1255U,12,15.68,Windows-10-10.0.26200-SP0,3.11.15,2.4.6,1.17.1,4.12.2,0.48.4,5.0.0,2.13.0+cpu,fd20710,10,False,,"(9, 6, 2)",2026-08-27T20:00:09+00:00,,
a3_refine_quality,465,refinement,torus,room,0.005,5,20,1,0.01,fraction_of_unit_bbox_diagonal,100000,0.0016,15,21,21500,68,0,0.009261,0.011943,0.9428,0.9995,0.9703,0.66746,False,1,ok,19946,1,20,0,False,0.003143,0.007377,0.9903,1.0,0.9951,0.68345,-0.006118,True,0.01599,20,12th Gen Intel(R) Core(TM) i7-1255U,12,15.68,Windows-10-10.0.26200-SP0,3.11.15,2.4.6,1.17.1,4.12.2,0.48.4,5.0.0,2.13.0+cpu,fd20710,10,False,,"(9, 6, 2)",2026-08-27T20:00:09+00:00,,
a3_refine_quality,466,refinement,torus,object,0.005,5,20,2,0.01,fraction_of_unit_bbox_diagonal,100000,0.0016,15,21,21500,64,0,0.007776,0.012091,0.9437,0.9995,0.9708,0.6679,False,21,ok,21542,21,22,0,False,0.010331,0.135418,0.9164,1.0,0.9564,0.88757,0.002555,False,0.21967,0,12th Gen Intel(R) Core(TM) i7-1255U,12,15.68,Windows-10-10.0.26200-SP0,3.11.15,2.4.6,1.17.1,4.12.2,0.48.4,5.0.0,2.13.0+cpu,fd20710,10,False,,"(9, 6, 2)",2026-08-27T20:00:09+00:00,,
a3_refine_quality,467,refinement,torus,room,0.005,5,20,2,0.01,fraction_of_unit_bbox_diagonal,100000,0.0016,15,21,21500,64,0,0.007776,0.012091,0.9437,0.9995,0.9708,0.6679,False,1,ok,19942,1,22,0,False,0.003186,0.00739,0.9913,1.0,0.9956,0.67584,-0.00459,True,0.00794,20,12th Gen Intel(R) Core(TM) i7-1255U,12,15.68,Windows-10-10.0.26200-SP0,3.11.15,2.4.6,1.17.1,4.12.2,0.48.4,5.0.0,2.13.0+cpu,fd20710,10,False,,"(9, 6, 2)",2026-08-27T20:00:09+00:00,,
a3_refine_quality,468,refinement,torus,object,0.005,20,0,0,0.01,fraction_of_unit_bbox_diagonal,100000,0.0016,15,1,19600,284,0,0.003229,0.007473,0.9909,0.9979,0.9944,0.67529,False,1,ok,19791,1,88,2,False,0.002446,0.004641,0.9999,1.0,0.9999,0.92626,-0.000783,True,0.25097,0,12th Gen Intel(R) Core(TM) i7-1255U,12,15.68,Windows-10-10.0.26200-SP0,3.11.15,2.4.6,1.17.1,4.12.2,0.48.4,5.0.0,2.13.0+cpu,fd20710,10,False,,"(9, 6, 2)",2026-08-27T20:00:09+00:00,,
a3_refine_quality,469,refinement,torus,room,0.005,20,0,0,0.01,fraction_of_unit_bbox_diagonal,100000,0.0016,15,1,19600,284,0,0.003229,0.007473,0.9909,0.9979,0.9944,0.67529,False,1,ok,19791,1,88,2,False,0.003194,0.007464,0.9916,1.0,0.9958,0.67844,-3.5e-05,True,0.00315,0,12th Gen Intel(R) Core(TM) i7-1255U,12,15.68,Windows-10-10.0.26200-SP0,3.11.15,2.4.6,1.17.1,4.12.2,0.48.4,5.0.0,2.13.0+cpu,fd20710,10,False,,"(9, 6, 2)",2026-08-27T20:00:09+00:00,,
a3_refine_quality,470,refinement,torus,object,0.005,20,0,1,0.01,fraction_of_unit_bbox_diagonal,100000,0.0016,15,1,19600,300,0,0.003162,0.007364,0.9908,0.999,0.9949,0.68133,False,1,ok,19807,1,88,2,False,0.00239,0.004509,0.9998,1.0,0.9999,0.93093,-0.000772,True,0.2496,0,12th Gen Intel(R) Core(TM) i7-1255U,12,15.68,Windows-10-10.0.26200-SP0,3.11.15,2.4.6,1.17.1,4.12.2,0.48.4,5.0.0,2.13.0+cpu,fd20710,10,False,,"(9, 6, 2)",2026-08-27T20:00:09+00:00,,
a3_refine_quality,471,refinement,torus,room,0.005,20,0,1,0.01,fraction_of_unit_bbox_diagonal,100000,0.0016,15,1,19600,300,0,0.003162,0.007364,0.9908,0.999,0.9949,0.68133,False,1,ok,19807,1,88,2,False,0.003148,0.007374,0.9909,1.0,0.9954,0.68082,-1.4e-05,True,-0.00051,0,12th Gen Intel(R) Core(TM) i7-1255U,12,15.68,Windows-10-10.0.26200-SP0,3.11.15,2.4.6,1.17.1,4.12.2,0.48.4,5.0.0,2.13.0+cpu,fd20710,10,False,,"(9, 6, 2)",2026-08-27T20:00:09+00:00,,
a3_refine_quality,472,refinement,torus,object,0.005,20,0,2,0.01,fraction_of_unit_bbox_diagonal,100000,0.0016,15,1,19614,262,0,0.003207,0.007357,0.9911,0.9987,0.9949,0.67862,False,1,ok,19784,1,88,1,False,0.002414,0.004558,1.0,1.0,1.0,0.92684,-0.000793,True,0.24822,0,12th Gen Intel(R) Core(TM) i7-1255U,12,15.68,Windows-10-10.0.26200-SP0,3.11.15,2.4.6,1.17.1,4.12.2,0.48.4,5.0.0,2.13.0+cpu,fd20710,10,False,,"(9, 6, 2)",2026-08-27T20:00:09+00:00,,
a3_refine_quality,473,refinement,torus,room,0.005,20,0,2,0.01,fraction_of_unit_bbox_diagonal,100000,0.0016,15,1,19614,262,0,0.003207,0.007357,0.9911,0.9987,0.9949,0.67862,False,1,ok,19784,1,88,1,False,0.003187,0.007353,0.9913,1.0,0.9956,0.68001,-2e-05,True,0.00139,0,12th Gen Intel(R) Core(TM) i7-1255U,12,15.68,Windows-10-10.0.26200-SP0,3.11.15,2.4.6,1.17.1,4.12.2,0.48.4,5.0.0,2.13.0+cpu,fd20710,10,False,,"(9, 6, 2)",2026-08-27T20:00:09+00:00,,
a3_refine_quality,474,refinement,torus,object,0.005,20,5,0,0.01,fraction_of_unit_bbox_diagonal,100000,0.0016,15,6,20000,284,0,0.004582,0.007884,0.9793,0.9979,0.9885,0.67881,False,6,ok,20191,6,88,2,False,0.005118,0.005153,0.9765,1.0,0.9881,0.91505,0.000536,False,0.23624,0,12th Gen Intel(R) Core(TM) i7-1255U,12,15.68,Windows-10-10.0.26200-SP0,3.11.15,2.4.6,1.17.1,4.12.2,0.48.4,5.0.0,2.13.0+cpu,fd20710,10,False,,"(9, 6, 2)",2026-08-27T20:00:09+00:00,,
a3_refine_quality,475,refinement,torus,room,0.005,20,5,0,0.01,fraction_of_unit_bbox_diagonal,100000,0.0016,15,6,20000,284,0,0.004582,0.007884,0.9793,0.9979,0.9885,0.67881,False,1,ok,19791,1,88,2,False,0.003194,0.007464,0.9916,1.0,0.9958,0.67844,-0.001388,True,-0.00037,5,12th Gen Intel(R) Core(TM) i7-1255U,12,15.68,Windows-10-10.0.26200-SP0,3.11.15,2.4.6,1.17.1,4.12.2,0.48.4,5.0.0,2.13.0+cpu,fd20710,10,False,,"(9, 6, 2)",2026-08-27T20:00:09+00:00,,
a3_refine_quality,476,refinement,torus,object,0.005,20,5,1,0.01,fraction_of_unit_bbox_diagonal,100000,0.0016,15,6,20000,300,0,0.004664,0.00776,0.9791,0.9993,0.9891,0.67827,False,6,ok,20207,6,88,2,False,0.004978,0.00497,0.9789,1.0,0.9893,0.9194,0.000314,False,0.24113,0,12th Gen Intel(R) Core(TM) i7-1255U,12,15.68,Windows-10-10.0.26200-SP0,3.11.15,2.4.6,1.17.1,4.12.2,0.48.4,5.0.0,2.13.0+cpu,fd20710,10,False,,"(9, 6, 2)",2026-08-27T20:00:09+00:00,,
a3_refine_quality,477,refinement,torus,room,0.005,20,5,1,0.01,fraction_of_unit_bbox_diagonal,100000,0.0016,15,6,20000,300,0,0.004664,0.00776,0.9791,0.9993,0.9891,0.67827,False,1,ok,19807,1,88,2,False,0.003148,0.007374,0.9909,1.0,0.9954,0.68082,-0.001516,True,0.00255,5,12th Gen Intel(R) Core(TM) i7-1255U,12,15.68,Windows-10-10.0.26200-SP0,3.11.15,2.4.6,1.17.1,4.12.2,0.48.4,5.0.0,2.13.0+cpu,fd20710,10,False,,"(9, 6, 2)",2026-08-27T20:00:09+00:00,,
a3_refine_quality,478,refinement,torus,object,0.005,20,5,2,0.01,fraction_of_unit_bbox_diagonal,100000,0.0016,15,6,20014,262,0,0.0043,0.007802,0.979,0.9987,0.9888,0.67689,False,6,ok,20184,6,88,1,False,0.004326,0.004997,0.9788,1.0,0.9893,0.91601,2.6e-05,False,0.23912,0,12th Gen Intel(R) Core(TM) i7-1255U,12,15.68,Windows-10-10.0.26200-SP0,3.11.15,2.4.6,1.17.1,4.12.2,0.48.4,5.0.0,2.13.0+cpu,fd20710,10,False,,"(9, 6, 2)",2026-08-27T20:00:09+00:00,,
a3_refine_quality,479,refinement,torus,room,0.005,20,5,2,0.01,fraction_of_unit_bbox_diagonal,100000,0.0016,15,6,20014,262,0,0.0043,0.007802,0.979,0.9987,0.9888,0.67689,False,1,ok,19784,1,88,1,False,0.003187,0.007353,0.9913,1.0,0.9956,0.68001,-0.001113,True,0.00312,5,12th Gen Intel(R) Core(TM) i7-1255U,12,15.68,Windows-10-10.0.26200-SP0,3.11.15,2.4.6,1.17.1,4.12.2,0.48.4,5.0.0,2.13.0+cpu,fd20710,10,False,,"(9, 6, 2)",2026-08-27T20:00:09+00:00,,
a3_refine_quality,480,refinement,torus,object,0.005,20,20,0,0.01,fraction_of_unit_bbox_diagonal,100000,0.0016,15,21,21200,284,0,0.007789,0.011709,0.9437,0.9982,0.9702,0.66765,False,21,ok,21391,21,88,2,False,0.010671,0.125389,0.9138,1.0,0.955,0.89065,0.002882,False,0.223,0,12th Gen Intel(R) Core(TM) i7-1255U,12,15.68,Windows-10-10.0.26200-SP0,3.11.15,2.4.6,1.17.1,4.12.2,0.48.4,5.0.0,2.13.0+cpu,fd20710,10,False,,"(9, 6, 2)",2026-08-27T20:00:09+00:00,,
a3_refine_quality,481,refinement,torus,room,0.005,20,20,0,0.01,fraction_of_unit_bbox_diagonal,100000,0.0016,15,21,21200,284,0,0.007789,0.011709,0.9437,0.9982,0.9702,0.66765,False,1,ok,19791,1,88,2,False,0.003194,0.007464,0.9916,1.0,0.9958,0.67844,-0.004595,True,0.01079,20,12th Gen Intel(R) Core(TM) i7-1255U,12,15.68,Windows-10-10.0.26200-SP0,3.11.15,2.4.6,1.17.1,4.12.2,0.48.4,5.0.0,2.13.0+cpu,fd20710,10,False,,"(9, 6, 2)",2026-08-27T20:00:09+00:00,,
a3_refine_quality,482,refinement,torus,object,0.005,20,20,1,0.01,fraction_of_unit_bbox_diagonal,100000,0.0016,15,21,21200,300,0,0.009107,0.012179,0.943,0.9991,0.9702,0.66921,False,21,ok,21407,21,88,2,False,0.012672,0.221348,0.9167,1.0,0.9565,0.8936,0.003565,False,0.22439,0,12th Gen Intel(R) Core(TM) i7-1255U,12,15.68,Windows-10-10.0.26200-SP0,3.11.15,2.4.6,1.17.1,4.12.2,0.48.4,5.0.0,2.13.0+cpu,fd20710,10,False,,"(9, 6, 2)",2026-08-27T20:00:09+00:00,,
a3_refine_quality,483,refinement,torus,room,0.005,20,20,1,0.01,fraction_of_unit_bbox_diagonal,100000,0.0016,15,21,21200,300,0,0.009107,0.012179,0.943,0.9991,0.9702,0.66921,False,1,ok,19807,1,88,2,False,0.003148,0.007374,0.9909,1.0,0.9954,0.68082,-0.005959,True,0.01161,20,12th Gen Intel(R) Core(TM) i7-1255U,12,15.68,Windows-10-10.0.26200-SP0,3.11.15,2.4.6,1.17.1,4.12.2,0.48.4,5.0.0,2.13.0+cpu,fd20710,10,False,,"(9, 6, 2)",2026-08-27T20:00:09+00:00,,
a3_refine_quality,484,refinement,torus,object,0.005,20,20,2,0.01,fraction_of_unit_bbox_diagonal,100000,0.0016,15,21,21214,262,0,0.00838,0.011675,0.9437,0.9986,0.9703,0.66655,False,21,ok,21384,21,88,1,False,0.011258,0.170288,0.9192,1.0,0.9579,0.88753,0.002878,False,0.22098,0,12th Gen Intel(R) Core(TM) i7-1255U,12,15.68,Windows-10-10.0.26200-SP0,3.11.15,2.4.6,1.17.1,4.12.2,0.48.4,5.0.0,2.13.0+cpu,fd20710,10,False,,"(9, 6, 2)",2026-08-27T20:00:09+00:00,,
a3_refine_quality,485,refinement,torus,room,0.005,20,20,2,0.01,fraction_of_unit_bbox_diagonal,100000,0.0016,15,21,21214,262,0,0.00838,0.011675,0.9437,0.9986,0.9703,0.66655,False,1,ok,19784,1,88,1,False,0.003187,0.007353,0.9913,1.0,0.9956,0.68001,-0.005193,True,0.01346,20,12th Gen Intel(R) Core(TM) i7-1255U,12,15.68,Windows-10-10.0.26200-SP0,3.11.15,2.4.6,1.17.1,4.12.2,0.48.4,5.0.0,2.13.0+cpu,fd20710,10,False,,"(9, 6, 2)",2026-08-27T20:00:09+00:00,,
a3_refine_quality,486,refinement,torus,object,0.01,0,0,0,0.01,fraction_of_unit_bbox_diagonal,100000,0.0016,15,1,20000,0,0,0.004951,0.014735,0.8205,0.9975,0.9004,0.56828,False,1,ok,20000,1,0,0,True,0.0037,0.008562,0.9791,0.9966,0.9878,0.79916,-0.001251,True,0.23088,0,12th Gen Intel(R) Core(TM) i7-1255U,12,15.68,Windows-10-10.0.26200-SP0,3.11.15,2.4.6,1.17.1,4.12.2,0.48.4,5.0.0,2.13.0+cpu,fd20710,10,False,,"(9, 6, 2)",2026-08-27T20:00:09+00:00,,
a3_refine_quality,487,refinement,torus,room,0.01,0,0,0,0.01,fraction_of_unit_bbox_diagonal,100000,0.0016,15,1,20000,0,0,0.004951,0.014735,0.8205,0.9975,0.9004,0.56828,False,1,ok,20000,1,0,0,True,0.004937,0.014692,0.8226,0.9975,0.9017,0.5638,-1.4e-05,True,-0.00448,0,12th Gen Intel(R) Core(TM) i7-1255U,12,15.68,Windows-10-10.0.26200-SP0,3.11.15,2.4.6,1.17.1,4.12.2,0.48.4,5.0.0,2.13.0+cpu,fd20710,10,False,,"(9, 6, 2)",2026-08-27T20:00:09+00:00,,
a3_refine_quality,488,refinement,torus,object,0.01,0,0,1,0.01,fraction_of_unit_bbox_diagonal,100000,0.0016,15,1,20000,0,0,0.004867,0.014538,0.8286,0.9975,0.9053,0.56635,False,1,ok,20000,1,0,0,True,0.003573,0.008202,0.9834,0.9981,0.9907,0.80013,-0.001294,True,0.23378,0,12th Gen Intel(R) Core(TM) i7-1255U,12,15.68,Windows-10-10.0.26200-SP0,3.11.15,2.4.6,1.17.1,4.12.2,0.48.4,5.0.0,2.13.0+cpu,fd20710,10,False,,"(9, 6, 2)",2026-08-27T20:00:09+00:00,,
a3_refine_quality,489,refinement,torus,room,0.01,0,0,1,0.01,fraction_of_unit_bbox_diagonal,100000,0.0016,15,1,20000,0,0,0.004867,0.014538,0.8286,0.9975,0.9053,0.56635,False,1,ok,20000,1,0,0,True,0.004865,0.014463,0.8267,0.9976,0.9041,0.56732,-2e-06,True,0.00097,0,12th Gen Intel(R) Core(TM) i7-1255U,12,15.68,Windows-10-10.0.26200-SP0,3.11.15,2.4.6,1.17.1,4.12.2,0.48.4,5.0.0,2.13.0+cpu,fd20710,10,False,,"(9, 6, 2)",2026-08-27T20:00:09+00:00,,
a3_refine_quality,490,refinement,torus,object,0.01,0,0,2,0.01,fraction_of_unit_bbox_diagonal,100000,0.0016,15,1,20000,0,0,0.004949,0.014565,0.8217,0.9973,0.901,0.56326,False,1,ok,20000,1,0,0,True,0.003639,0.008389,0.981,0.9971,0.989,0.79108,-0.00131,True,0.22782,0,12th Gen Intel(R) Core(TM) i7-1255U,12,15.68,Windows-10-10.0.26200-SP0,3.11.15,2.4.6,1.17.1,4.12.2,0.48.4,5.0.0,2.13.0+cpu,fd20710,10,False,,"(9, 6, 2)",2026-08-27T20:00:09+00:00,,
a3_refine_quality,491,refinement,torus,room,0.01,0,0,2,0.01,fraction_of_unit_bbox_diagonal,100000,0.0016,15,1,20000,0,0,0.004949,0.014565,0.8217,0.9973,0.901,0.56326,False,1,ok,20000,1,0,0,True,0.004937,0.014544,0.8225,0.9976,0.9016,0.56418,-1.2e-05,True,0.00092,0,12th Gen Intel(R) Core(TM) i7-1255U,12,15.68,Windows-10-10.0.26200-SP0,3.11.15,2.4.6,1.17.1,4.12.2,0.48.4,5.0.0,2.13.0+cpu,fd20710,10,False,,"(9, 6, 2)",2026-08-27T20:00:09+00:00,,
a3_refine_quality,492,refinement,torus,object,0.01,0,5,0,0.01,fraction_of_unit_bbox_diagonal,100000,0.0016,15,6,20400,0,0,0.005677,0.015066,0.8166,0.9977,0.8981,0.56114,False,6,ok,20400,6,0,0,True,0.006226,0.009279,0.9613,0.9964,0.9786,0.78991,0.000549,False,0.22877,0,12th Gen Intel(R) Core(TM) i7-1255U,12,15.68,Windows-10-10.0.26200-SP0,3.11.15,2.4.6,1.17.1,4.12.2,0.48.4,5.0.0,2.13.0+cpu,fd20710,10,False,,"(9, 6, 2)",2026-08-27T20:00:09+00:00,,
a3_refine_quality,493,refinement,torus,room,0.01,0,5,0,0.01,fraction_of_unit_bbox_diagonal,100000,0.0016,15,6,20400,0,0,0.005677,0.015066,0.8166,0.9977,0.8981,0.56114,False,1,ok,20000,1,0,0,True,0.004937,0.014692,0.8226,0.9975,0.9017,0.5638,-0.00074,True,0.00266,5,12th Gen Intel(R) Core(TM) i7-1255U,12,15.68,Windows-10-10.0.26200-SP0,3.11.15,2.4.6,1.17.1,4.12.2,0.48.4,5.0.0,2.13.0+cpu,fd20710,10,False,,"(9, 6, 2)",2026-08-27T20:00:09+00:00,,
a3_refine_quality,494,refinement,torus,object,0.01,0,5,1,0.01,fraction_of_unit_bbox_diagonal,100000,0.0016,15,6,20400,0,0,0.005692,0.014814,0.8271,0.9973,0.9043,0.56561,False,6,ok,20400,6,0,0,True,0.00664,0.009037,0.9652,0.998,0.9813,0.79262,0.000948,False,0.22701,0,12th Gen Intel(R) Core(TM) i7-1255U,12,15.68,Windows-10-10.0.26200-SP0,3.11.15,2.4.6,1.17.1,4.12.2,0.48.4,5.0.0,2.13.0+cpu,fd20710,10,False,,"(9, 6, 2)",2026-08-27T20:00:09+00:00,,
a3_refine_quality,495,refinement,torus,room,0.01,0,5,1,0.01,fraction_of_unit_bbox_diagonal,100000,0.0016,15,6,20400,0,0,0.005692,0.014814,0.8271,0.9973,0.9043,0.56561,False,1,ok,20000,1,0,0,True,0.004865,0.014463,0.8267,0.9976,0.9041,0.56732,-0.000827,True,0.00171,5,12th Gen Intel(R) Core(TM) i7-1255U,12,15.68,Windows-10-10.0.26200-SP0,3.11.15,2.4.6,1.17.1,4.12.2,0.48.4,5.0.0,2.13.0+cpu,fd20710,10,False,,"(9, 6, 2)",2026-08-27T20:00:09+00:00,,
a3_refine_quality,496,refinement,torus,object,0.01,0,5,2,0.01,fraction_of_unit_bbox_diagonal,100000,0.0016,15,6,20400,0,0,0.005312,0.014823,0.8189,0.9975,0.8994,0.56489,False,6,ok,20400,6,0,0,True,0.004995,0.009106,0.9637,0.997,0.9801,0.78782,-0.000317,True,0.22293,0,12th Gen Intel(R) Core(TM) i7-1255U,12,15.68,Windows-10-10.0.26200-SP0,3.11.15,2.4.6,1.17.1,4.12.2,0.48.4,5.0.0,2.13.0+cpu,fd20710,10,False,,"(9, 6, 2)",2026-08-27T20:00:09+00:00,,
a3_refine_quality,497,refinement,torus,room,0.01,0,5,2,0.01,fraction_of_unit_bbox_diagonal,100000,0.0016,15,6,20400,0,0,0.005312,0.014823,0.8189,0.9975,0.8994,0.56489,False,1,ok,20000,1,0,0,True,0.004937,0.014544,0.8225,0.9976,0.9016,0.56418,-0.000375,True,-0.00071,5,12th Gen Intel(R) Core(TM) i7-1255U,12,15.68,Windows-10-10.0.26200-SP0,3.11.15,2.4.6,1.17.1,4.12.2,0.48.4,5.0.0,2.13.0+cpu,fd20710,10,False,,"(9, 6, 2)",2026-08-27T20:00:09+00:00,,
a3_refine_quality,498,refinement,torus,object,0.01,0,20,0,0.01,fraction_of_unit_bbox_diagonal,100000,0.0016,15,21,21600,0,0,0.007308,0.016255,0.8059,0.9977,0.8916,0.5615,False,21,ok,21600,21,0,0,True,0.011969,0.159488,0.9117,0.9965,0.9522,0.77928,0.004661,False,0.21778,0,12th Gen Intel(R) Core(TM) i7-1255U,12,15.68,Windows-10-10.0.26200-SP0,3.11.15,2.4.6,1.17.1,4.12.2,0.48.4,5.0.0,2.13.0+cpu,fd20710,10,False,,"(9, 6, 2)",2026-08-27T20:00:09+00:00,,
a3_refine_quality,499,refinement,torus,room,0.01,0,20,0,0.01,fraction_of_unit_bbox_diagonal,100000,0.0016,15,21,21600,0,0,0.007308,0.016255,0.8059,0.9977,0.8916,0.5615,False,1,ok,20000,1,0,0,True,0.004937,0.014692,0.8226,0.9975,0.9017,0.5638,-0.002371,True,0.0023,20,12th Gen Intel(R) Core(TM) i7-1255U,12,15.68,Windows-10-10.0.26200-SP0,3.11.15,2.4.6,1.17.1,4.12.2,0.48.4,5.0.0,2.13.0+cpu,fd20710,10,False,,"(9, 6, 2)",2026-08-27T20:00:09+00:00,,
a3_refine_quality,500,refinement,torus,object,0.01,0,20,1,0.01,fraction_of_unit_bbox_diagonal,100000,0.0016,15,21,21600,0,0,0.007461,0.016118,0.8123,0.9978,0.8955,0.56434,False,21,ok,21600,21,0,0,True,0.012679,0.190144,0.9126,0.9981,0.9534,0.77723,0.005218,False,0.21289,0,12th Gen Intel(R) Core(TM) i7-1255U,12,15.68,Windows-10-10.0.26200-SP0,3.11.15,2.4.6,1.17.1,4.12.2,0.48.4,5.0.0,2.13.0+cpu,fd20710,10,False,,"(9, 6, 2)",2026-08-27T20:00:09+00:00,,
a3_refine_quality,501,refinement,torus,room,0.01,0,20,1,0.01,fraction_of_unit_bbox_diagonal,100000,0.0016,15,21,21600,0,0,0.007461,0.016118,0.8123,0.9978,0.8955,0.56434,False,1,ok,20000,1,0,0,True,0.004865,0.014463,0.8267,0.9976,0.9041,0.56732,-0.002596,True,0.00298,20,12th Gen Intel(R) Core(TM) i7-1255U,12,15.68,Windows-10-10.0.26200-SP0,3.11.15,2.4.6,1.17.1,4.12.2,0.48.4,5.0.0,2.13.0+cpu,fd20710,10,False,,"(9, 6, 2)",2026-08-27T20:00:09+00:00,,
a3_refine_quality,502,refinement,torus,object,0.01,0,20,2,0.01,fraction_of_unit_bbox_diagonal,100000,0.0016,15,21,21600,0,0,0.006972,0.016188,0.8067,0.9973,0.8919,0.56339,False,21,ok,21600,21,0,0,True,0.010459,0.080889,0.9142,0.997,0.9538,0.77164,0.003487,False,0.20825,0,12th Gen Intel(R) Core(TM) i7-1255U,12,15.68,Windows-10-10.0.26200-SP0,3.11.15,2.4.6,1.17.1,4.12.2,0.48.4,5.0.0,2.13.0+cpu,fd20710,10,False,,"(9, 6, 2)",2026-08-27T20:00:09+00:00,,
a3_refine_quality,503,refinement,torus,room,0.01,0,20,2,0.01,fraction_of_unit_bbox_diagonal,100000,0.0016,15,21,21600,0,0,0.006972,0.016188,0.8067,0.9973,0.8919,0.56339,False,1,ok,20000,1,0,0,True,0.004937,0.014544,0.8225,0.9976,0.9016,0.56418,-0.002035,True,0.00079,20,12th Gen Intel(R) Core(TM) i7-1255U,12,15.68,Windows-10-10.0.26200-SP0,3.11.15,2.4.6,1.17.1,4.12.2,0.48.4,5.0.0,2.13.0+cpu,fd20710,10,False,,"(9, 6, 2)",2026-08-27T20:00:09+00:00,,
a3_refine_quality,504,refinement,torus,object,0.01,5,0,0,0.01,fraction_of_unit_bbox_diagonal,100000,0.0016,15,1,19900,74,0,0.004962,0.014737,0.8206,0.9971,0.9003,0.56509,False,1,ok,19942,1,32,2,False,0.003708,0.008652,0.977,0.9966,0.9867,0.79246,-0.001254,True,0.22737,0,12th Gen Intel(R) Core(TM) i7-1255U,12,15.68,Windows-10-10.0.26200-SP0,3.11.15,2.4.6,1.17.1,4.12.2,0.48.4,5.0.0,2.13.0+cpu,fd20710,10,False,,"(9, 6, 2)",2026-08-27T20:00:09+00:00,,
a3_refine_quality,505,refinement,torus,room,0.01,5,0,0,0.01,fraction_of_unit_bbox_diagonal,100000,0.0016,15,1,19900,74,0,0.004962,0.014737,0.8206,0.9971,0.9003,0.56509,False,1,ok,19942,1,32,2,False,0.00495,0.01465,0.8206,0.9977,0.9005,0.5598,-1.2e-05,True,-0.00529,0,12th Gen Intel(R) Core(TM) i7-1255U,12,15.68,Windows-10-10.0.26200-SP0,3.11.15,2.4.6,1.17.1,4.12.2,0.48.4,5.0.0,2.13.0+cpu,fd20710,10,False,,"(9, 6, 2)",2026-08-27T20:00:09+00:00,,
a3_refine_quality,506,refinement,torus,object,0.01,5,0,1,0.01,fraction_of_unit_bbox_diagonal,100000,0.0016,15,1,19900,68,0,0.004862,0.014471,0.8295,0.9972,0.9056,0.5671,False,1,ok,19938,1,30,0,False,0.003583,0.008273,0.9827,0.998,0.9903,0.79994,-0.001279,True,0.23284,0,12th Gen Intel(R) Core(TM) i7-1255U,12,15.68,Windows-10-10.0.26200-SP0,3.11.15,2.4.6,1.17.1,4.12.2,0.48.4,5.0.0,2.13.0+cpu,fd20710,10,False,,"(9, 6, 2)",2026-08-27T20:00:09+00:00,,
a3_refine_quality,507,refinement,torus,room,0.01,5,0,1,0.01,fraction_of_unit_bbox_diagonal,100000,0.0016,15,1,19900,68,0,0.004862,0.014471,0.8295,0.9972,0.9056,0.5671,False,1,ok,19938,1,30,0,False,0.004847,0.014479,0.8317,0.9973,0.907,0.56471,-1.5e-05,True,-0.00239,0,12th Gen Intel(R) Core(TM) i7-1255U,12,15.68,Windows-10-10.0.26200-SP0,3.11.15,2.4.6,1.17.1,4.12.2,0.48.4,5.0.0,2.13.0+cpu,fd20710,10,False,,"(9, 6, 2)",2026-08-27T20:00:09+00:00,,
a3_refine_quality,508,refinement,torus,object,0.01,5,0,2,0.01,fraction_of_unit_bbox_diagonal,100000,0.0016,15,1,19900,64,0,0.004948,0.014511,0.8227,0.9972,0.9016,0.56525,False,1,ok,19937,1,27,1,False,0.003651,0.008429,0.9788,0.997,0.9878,0.79309,-0.001297,True,0.22784,0,12th Gen Intel(R) Core(TM) i7-1255U,12,15.68,Windows-10-10.0.26200-SP0,3.11.15,2.4.6,1.17.1,4.12.2,0.48.4,5.0.0,2.13.0+cpu,fd20710,10,False,,"(9, 6, 2)",2026-08-27T20:00:09+00:00,,
a3_refine_quality,509,refinement,torus,room,0.01,5,0,2,0.01,fraction_of_unit_bbox_diagonal,100000,0.0016,15,1,19900,64,0,0.004948,0.014511,0.8227,0.9972,0.9016,0.56525,False,1,ok,19937,1,27,1,False,0.004945,0.014556,0.8209,0.9974,0.9006,0.56496,-3e-06,True,-0.00029,0,12th Gen Intel(R) Core(TM) i7-1255U,12,15.68,Windows-10-10.0.26200-SP0,3.11.15,2.4.6,1.17.1,4.12.2,0.48.4,5.0.0,2.13.0+cpu,fd20710,10,False,,"(9, 6, 2)",2026-08-27T20:00:09+00:00,,
a3_refine_quality,510,refinement,torus,object,0.01,5,5,0,0.01,fraction_of_unit_bbox_diagonal,100000,0.0016,15,6,20300,74,0,0.005814,0.015069,0.8156,0.9968,0.8972,0.5653,False,6,ok,20342,6,32,2,False,0.006635,0.009373,0.9604,0.9967,0.9782,0.79231,0.000821,False,0.22701,0,12th Gen Intel(R) Core(TM) i7-1255U,12,15.68,Windows-10-10.0.26200-SP0,3.11.15,2.4.6,1.17.1,4.12.2,0.48.4,5.0.0,2.13.0+cpu,fd20710,10,False,,"(9, 6, 2)",2026-08-27T20:00:09+00:00,,
a3_refine_quality,511,refinement,torus,room,0.01,5,5,0,0.01,fraction_of_unit_bbox_diagonal,100000,0.0016,15,6,20300,74,0,0.005814,0.015069,0.8156,0.9968,0.8972,0.5653,False,1,ok,19942,1,32,2,False,0.00495,0.01465,0.8206,0.9977,0.9005,0.5598,-0.000864,True,-0.0055,5,12th Gen Intel(R) Core(TM) i7-1255U,12,15.68,Windows-10-10.0.26200-SP0,3.11.15,2.4.6,1.17.1,4.12.2,0.48.4,5.0.0,2.13.0+cpu,fd20710,10,False,,"(9, 6, 2)",2026-08-27T20:00:09+00:00,,
a3_refine_quality,512,refinement,torus,object,0.01,5,5,1,0.01,fraction_of_unit_bbox_diagonal,100000,0.0016,15,6,20300,68,0,0.005536,0.014807,0.826,0.9975,0.9037,0.5595,False,6,ok,20338,6,30,0,False,0.006127,0.009052,0.9644,0.998,0.9809,0.79393,0.000591,False,0.23443,0,12th Gen Intel(R) Core(TM) i7-1255U,12,15.68,Windows-10-10.0.26200-SP0,3.11.15,2.4.6,1.17.1,4.12.2,0.48.4,5.0.0,2.13.0+cpu,fd20710,10,False,,"(9, 6, 2)",2026-08-27T20:00:09+00:00,,
a3_refine_quality,513,refinement,torus,room,0.01,5,5,1,0.01,fraction_of_unit_bbox_diagonal,100000,0.0016,15,6,20300,68,0,0.005536,0.014807,0.826,0.9975,0.9037,0.5595,False,1,ok,19938,1,30,0,False,0.004847,0.014479,0.8317,0.9973,0.907,0.56471,-0.000689,True,0.00521,5,12th Gen Intel(R) Core(TM) i7-1255U,12,15.68,Windows-10-10.0.26200-SP0,3.11.15,2.4.6,1.17.1,4.12.2,0.48.4,5.0.0,2.13.0+cpu,fd20710,10,False,,"(9, 6, 2)",2026-08-27T20:00:09+00:00,,
a3_refine_quality,514,refinement,torus,object,0.01,5,5,2,0.01,fraction_of_unit_bbox_diagonal,100000,0.0016,15,6,20300,64,0,0.00524,0.014962,0.8171,0.997,0.8982,0.56492,False,6,ok,20337,6,27,1,False,0.004629,0.009246,0.9611,0.997,0.9787,0.78847,-0.000611,True,0.22355,0,12th Gen Intel(R) Core(TM) i7-1255U,12,15.68,Windows-10-10.0.26200-SP0,3.11.15,2.4.6,1.17.1,4.12.2,0.48.4,5.0.0,2.13.0+cpu,fd20710,10,False,,"(9, 6, 2)",2026-08-27T20:00:09+00:00,,
a3_refine_quality,515,refinement,torus,room,0.01,5,5,2,0.01,fraction_of_unit_bbox_diagonal,100000,0.0016,15,6,20300,64,0,0.00524,0.014962,0.8171,0.997,0.8982,0.56492,False,1,ok,19937,1,27,1,False,0.004945,0.014556,0.8209,0.9974,0.9006,0.56496,-0.000295,True,4e-05,5,12th Gen Intel(R) Core(TM) i7-1255U,12,15.68,Windows-10-10.0.26200-SP0,3.11.15,2.4.6,1.17.1,4.12.2,0.48.4,5.0.0,2.13.0+cpu,fd20710,10,False,,"(9, 6, 2)",2026-08-27T20:00:09+00:00,,
a3_refine_quality,516,refinement,torus,object,0.01,5,20,0,0.01,fraction_of_unit_bbox_diagonal,100000,0.0016,15,21,21500,74,0,0.007294,0.016202,0.8071,0.9967,0.892,0.56345,False,21,ok,21542,21,32,2,False,0.012047,0.085748,0.9101,0.9966,0.9514,0.77715,0.004753,False,0.2137,0,12th Gen Intel(R) Core(TM) i7-1255U,12,15.68,Windows-10-10.0.26200-SP0,3.11.15,2.4.6,1.17.1,4.12.2,0.48.4,5.0.0,2.13.0+cpu,fd20710,10,False,,"(9, 6, 2)",2026-08-27T20:00:09+00:00,,
a3_refine_quality,517,refinement,torus,room,0.01,5,20,0,0.01,fraction_of_unit_bbox_diagonal,100000,0.0016,15,21,21500,74,0,0.007294,0.016202,0.8071,0.9967,0.892,0.56345,False,1,ok,19942,1,32,2,False,0.00495,0.01465,0.8206,0.9977,0.9005,0.5598,-0.002344,True,-0.00365,20,12th Gen Intel(R) Core(TM) i7-1255U,12,15.68,Windows-10-10.0.26200-SP0,3.11.15,2.4.6,1.17.1,4.12.2,0.48.4,5.0.0,2.13.0+cpu,fd20710,10,False,,"(9, 6, 2)",2026-08-27T20:00:09+00:00,,
a3_refine_quality,518,refinement,torus,object,0.01,5,20,1,0.01,fraction_of_unit_bbox_diagonal,100000,0.0016,15,21,21500,68,0,0.007337,0.016011,0.814,0.9973,0.8964,0.56586,False,21,ok,21538,21,30,0,False,0.01243,0.193063,0.9145,0.9981,0.9545,0.77623,0.005093,False,0.21037,0,12th Gen Intel(R) Core(TM) i7-1255U,12,15.68,Windows-10-10.0.26200-SP0,3.11.15,2.4.6,1.17.1,4.12.2,0.48.4,5.0.0,2.13.0+cpu,fd20710,10,False,,"(9, 6, 2)",2026-08-27T20:00:09+00:00,,
a3_refine_quality,519,refinement,torus,room,0.01,5,20,1,0.01,fraction_of_unit_bbox_diagonal,100000,0.0016,15,21,21500,68,0,0.007337,0.016011,0.814,0.9973,0.8964,0.56586,False,1,ok,19938,1,30,0,False,0.004847,0.014479,0.8317,0.9973,0.907,0.56471,-0.00249,True,-0.00115,20,12th Gen Intel(R) Core(TM) i7-1255U,12,15.68,Windows-10-10.0.26200-SP0,3.11.15,2.4.6,1.17.1,4.12.2,0.48.4,5.0.0,2.13.0+cpu,fd20710,10,False,,"(9, 6, 2)",2026-08-27T20:00:09+00:00,,
a3_refine_quality,520,refinement,torus,object,0.01,5,20,2,0.01,fraction_of_unit_bbox_diagonal,100000,0.0016,15,21,21500,64,0,0.006875,0.016204,0.8067,0.9968,0.8917,0.56088,False,21,ok,21537,21,27,1,False,0.009792,0.109733,0.9135,0.9971,0.9535,0.77255,0.002917,False,0.21167,0,12th Gen Intel(R) Core(TM) i7-1255U,12,15.68,Windows-10-10.0.26200-SP0,3.11.15,2.4.6,1.17.1,4.12.2,0.48.4,5.0.0,2.13.0+cpu,fd20710,10,False,,"(9, 6, 2)",2026-08-27T20:00:09+00:00,,
a3_refine_quality,521,refinement,torus,room,0.01,5,20,2,0.01,fraction_of_unit_bbox_diagonal,100000,0.0016,15,21,21500,64,0,0.006875,0.016204,0.8067,0.9968,0.8917,0.56088,False,1,ok,19937,1,27,1,False,0.004945,0.014556,0.8209,0.9974,0.9006,0.56496,-0.00193,True,0.00408,20,12th Gen Intel(R) Core(TM) i7-1255U,12,15.68,Windows-10-10.0.26200-SP0,3.11.15,2.4.6,1.17.1,4.12.2,0.48.4,5.0.0,2.13.0+cpu,fd20710,10,False,,"(9, 6, 2)",2026-08-27T20:00:09+00:00,,
a3_refine_quality,522,refinement,torus,object,0.01,20,0,0,0.01,fraction_of_unit_bbox_diagonal,100000,0.0016,15,1,19600,284,0,0.004964,0.01472,0.8225,0.9964,0.9011,0.56369,False,1,ok,19762,1,117,12,False,0.003733,0.008711,0.9755,0.9968,0.986,0.79283,-0.001231,True,0.22914,0,12th Gen Intel(R) Core(TM) i7-1255U,12,15.68,Windows-10-10.0.26200-SP0,3.11.15,2.4.6,1.17.1,4.12.2,0.48.4,5.0.0,2.13.0+cpu,fd20710,10,False,,"(9, 6, 2)",2026-08-27T20:00:09+00:00,,
a3_refine_quality,523,refinement,torus,room,0.01,20,0,0,0.01,fraction_of_unit_bbox_diagonal,100000,0.0016,15,1,19600,284,0,0.004964,0.01472,0.8225,0.9964,0.9011,0.56369,False,1,ok,19762,1,117,12,False,0.004957,0.014685,0.8201,0.9976,0.9002,0.56282,-7e-06,True,-0.00087,0,12th Gen Intel(R) Core(TM) i7-1255U,12,15.68,Windows-10-10.0.26200-SP0,3.11.15,2.4.6,1.17.1,4.12.2,0.48.4,5.0.0,2.13.0+cpu,fd20710,10,False,,"(9, 6, 2)",2026-08-27T20:00:09+00:00,,
a3_refine_quality,524,refinement,torus,object,0.01,20,0,1,0.01,fraction_of_unit_bbox_diagonal,100000,0.0016,15,1,19600,300,0,0.004883,0.014512,0.8289,0.9967,0.9051,0.56783,False,1,ok,19753,1,143,8,False,0.003624,0.008529,0.9779,0.9982,0.9879,0.79281,-0.001259,True,0.22498,0,12th Gen Intel(R) Core(TM) i7-1255U,12,15.68,Windows-10-10.0.26200-SP0,3.11.15,2.4.6,1.17.1,4.12.2,0.48.4,5.0.0,2.13.0+cpu,fd20710,10,False,,"(9, 6, 2)",2026-08-27T20:00:09+00:00,,
a3_refine_quality,525,refinement,torus,room,0.01,20,0,1,0.01,fraction_of_unit_bbox_diagonal,100000,0.0016,15,1,19600,300,0,0.004883,0.014512,0.8289,0.9967,0.9051,0.56783,False,1,ok,19753,1,143,8,False,0.004865,0.014452,0.8309,0.9977,0.9067,0.56615,-1.8e-05,True,-0.00168,0,12th Gen Intel(R) Core(TM) i7-1255U,12,15.68,Windows-10-10.0.26200-SP0,3.11.15,2.4.6,1.17.1,4.12.2,0.48.4,5.0.0,2.13.0+cpu,fd20710,10,False,,"(9, 6, 2)",2026-08-27T20:00:09+00:00,,
a3_refine_quality,526,refinement,torus,object,0.01,20,0,2,0.01,fraction_of_unit_bbox_diagonal,100000,0.0016,15,1,19614,262,0,0.004967,0.014533,0.8213,0.9961,0.9003,0.56225,False,1,ok,19758,1,116,4,False,0.003652,0.008465,0.9784,0.9972,0.9877,0.7896,-0.001315,True,0.22735,0,12th Gen Intel(R) Core(TM) i7-1255U,12,15.68,Windows-10-10.0.26200-SP0,3.11.15,2.4.6,1.17.1,4.12.2,0.48.4,5.0.0,2.13.0+cpu,fd20710,10,False,,"(9, 6, 2)",2026-08-27T20:00:09+00:00,,
a3_refine_quality,527,refinement,torus,room,0.01,20,0,2,0.01,fraction_of_unit_bbox_diagonal,100000,0.0016,15,1,19614,262,0,0.004967,0.014533,0.8213,0.9961,0.9003,0.56225,False,1,ok,19758,1,116,4,False,0.004945,0.014604,0.8234,0.9973,0.902,0.56306,-2.2e-05,True,0.00081,0,12th Gen Intel(R) Core(TM) i7-1255U,12,15.68,Windows-10-10.0.26200-SP0,3.11.15,2.4.6,1.17.1,4.12.2,0.48.4,5.0.0,2.13.0+cpu,fd20710,10,False,,"(9, 6, 2)",2026-08-27T20:00:09+00:00,,
a3_refine_quality,528,refinement,torus,object,0.01,20,5,0,0.01,fraction_of_unit_bbox_diagonal,100000,0.0016,15,6,20000,284,0,0.005564,0.015077,0.817,0.9957,0.8975,0.5611,False,6,ok,20162,6,117,12,False,0.005862,0.009625,0.9559,0.9968,0.976,0.78527,0.000298,False,0.22417,0,12th Gen Intel(R) Core(TM) i7-1255U,12,15.68,Windows-10-10.0.26200-SP0,3.11.15,2.4.6,1.17.1,4.12.2,0.48.4,5.0.0,2.13.0+cpu,fd20710,10,False,,"(9, 6, 2)",2026-08-27T20:00:09+00:00,,
a3_refine_quality,529,refinement,torus,room,0.01,20,5,0,0.01,fraction_of_unit_bbox_diagonal,100000,0.0016,15,6,20000,284,0,0.005564,0.015077,0.817,0.9957,0.8975,0.5611,False,1,ok,19762,1,117,12,False,0.004957,0.014685,0.8201,0.9976,0.9002,0.56282,-0.000607,True,0.00172,5,12th Gen Intel(R) Core(TM) i7-1255U,12,15.68,Windows-10-10.0.26200-SP0,3.11.15,2.4.6,1.17.1,4.12.2,0.48.4,5.0.0,2.13.0+cpu,fd20710,10,False,,"(9, 6, 2)",2026-08-27T20:00:09+00:00,,
a3_refine_quality,530,refinement,torus,object,0.01,20,5,1,0.01,fraction_of_unit_bbox_diagonal,100000,0.0016,15,6,20000,300,0,0.005433,0.014781,0.8266,0.9972,0.9039,0.56661,False,6,ok,20153,6,143,8,False,0.005753,0.009204,0.9624,0.998,0.9799,0.79111,0.00032,False,0.2245,0,12th Gen Intel(R) Core(TM) i7-1255U,12,15.68,Windows-10-10.0.26200-SP0,3.11.15,2.4.6,1.17.1,4.12.2,0.48.4,5.0.0,2.13.0+cpu,fd20710,10,False,,"(9, 6, 2)",2026-08-27T20:00:09+00:00,,
a3_refine_quality,531,refinement,torus,room,0.01,20,5,1,0.01,fraction_of_unit_bbox_diagonal,100000,0.0016,15,6,20000,300,0,0.005433,0.014781,0.8266,0.9972,0.9039,0.56661,False,1,ok,19753,1,143,8,False,0.004865,0.014452,0.8309,0.9977,0.9067,0.56615,-0.000568,True,-0.00046,5,12th Gen Intel(R) Core(TM) i7-1255U,12,15.68,Windows-10-10.0.26200-SP0,3.11.15,2.4.6,1.17.1,4.12.2,0.48.4,5.0.0,2.13.0+cpu,fd20710,10,False,,"(9, 6, 2)",2026-08-27T20:00:09+00:00,,
a3_refine_quality,532,refinement,torus,object,0.01,20,5,2,0.01,fraction_of_unit_bbox_diagonal,100000,0.0016,15,6,20014,262,0,0.005424,0.014878,0.8175,0.9961,0.898,0.56579,False,6,ok,20158,6,116,4,False,0.005162,0.009247,0.9617,0.9971,0.9791,0.78817,-0.000262,True,0.22238,0,12th Gen Intel(R) Core(TM) i7-1255U,12,15.68,Windows-10-10.0.26200-SP0,3.11.15,2.4.6,1.17.1,4.12.2,0.48.4,5.0.0,2.13.0+cpu,fd20710,10,False,,"(9, 6, 2)",2026-08-27T20:00:09+00:00,,
a3_refine_quality,533,refinement,torus,room,0.01,20,5,2,0.01,fraction_of_unit_bbox_diagonal,100000,0.0016,15,6,20014,262,0,0.005424,0.014878,0.8175,0.9961,0.898,0.56579,False,1,ok,19758,1,116,4,False,0.004945,0.014604,0.8234,0.9973,0.902,0.56306,-0.000479,True,-0.00273,5,12th Gen Intel(R) Core(TM) i7-1255U,12,15.68,Windows-10-10.0.26200-SP0,3.11.15,2.4.6,1.17.1,4.12.2,0.48.4,5.0.0,2.13.0+cpu,fd20710,10,False,,"(9, 6, 2)",2026-08-27T20:00:09+00:00,,
a3_refine_quality,534,refinement,torus,object,0.01,20,20,0,0.01,fraction_of_unit_bbox_diagonal,100000,0.0016,15,21,21200,284,0,0.006764,0.016198,0.8069,0.9964,0.8917,0.56486,False,21,ok,21362,21,117,12,False,0.010291,0.081755,0.9068,0.9968,0.9497,0.76814,0.003527,False,0.20328,0,12th Gen Intel(R) Core(TM) i7-1255U,12,15.68,Windows-10-10.0.26200-SP0,3.11.15,2.4.6,1.17.1,4.12.2,0.48.4,5.0.0,2.13.0+cpu,fd20710,10,False,,"(9, 6, 2)",2026-08-27T20:00:09+00:00,,
a3_refine_quality,535,refinement,torus,room,0.01,20,20,0,0.01,fraction_of_unit_bbox_diagonal,100000,0.0016,15,21,21200,284,0,0.006764,0.016198,0.8069,0.9964,0.8917,0.56486,False,1,ok,19762,1,117,12,False,0.004957,0.014685,0.8201,0.9976,0.9002,0.56282,-0.001807,True,-0.00204,20,12th Gen Intel(R) Core(TM) i7-1255U,12,15.68,Windows-10-10.0.26200-SP0,3.11.15,2.4.6,1.17.1,4.12.2,0.48.4,5.0.0,2.13.0+cpu,fd20710,10,False,,"(9, 6, 2)",2026-08-27T20:00:09+00:00,,
a3_refine_quality,536,refinement,torus,object,0.01,20,20,1,0.01,fraction_of_unit_bbox_diagonal,100000,0.0016,15,21,21200,300,0,0.007343,0.016059,0.8127,0.9968,0.8954,0.56547,False,21,ok,21353,21,143,8,False,0.012074,0.19023,0.9119,0.9981,0.9531,0.77499,0.004731,False,0.20952,0,12th Gen Intel(R) Core(TM) i7-1255U,12,15.68,Windows-10-10.0.26200-SP0,3.11.15,2.4.6,1.17.1,4.12.2,0.48.4,5.0.0,2.13.0+cpu,fd20710,10,False,,"(9, 6, 2)",2026-08-27T20:00:09+00:00,,
a3_refine_quality,537,refinement,torus,room,0.01,20,20,1,0.01,fraction_of_unit_bbox_diagonal,100000,0.0016,15,21,21200,300,0,0.007343,0.016059,0.8127,0.9968,0.8954,0.56547,False,1,ok,19753,1,143,8,False,0.004865,0.014452,0.8309,0.9977,0.9067,0.56615,-0.002478,True,0.00068,20,12th Gen Intel(R) Core(TM) i7-1255U,12,15.68,Windows-10-10.0.26200-SP0,3.11.15,2.4.6,1.17.1,4.12.2,0.48.4,5.0.0,2.13.0+cpu,fd20710,10,False,,"(9, 6, 2)",2026-08-27T20:00:09+00:00,,
a3_refine_quality,538,refinement,torus,object,0.01,20,20,2,0.01,fraction_of_unit_bbox_diagonal,100000,0.0016,15,21,21214,262,0,0.007135,0.016012,0.8084,0.9959,0.8924,0.5635,False,21,ok,21358,21,116,4,False,0.010543,0.118207,0.9163,0.997,0.9549,0.77023,0.003408,False,0.20673,0,12th Gen Intel(R) Core(TM) i7-1255U,12,15.68,Windows-10-10.0.26200-SP0,3.11.15,2.4.6,1.17.1,4.12.2,0.48.4,5.0.0,2.13.0+cpu,fd20710,10,False,,"(9, 6, 2)",2026-08-27T20:00:09+00:00,,
a3_refine_quality,539,refinement,torus,room,0.01,20,20,2,0.01,fraction_of_unit_bbox_diagonal,100000,0.0016,15,21,21214,262,0,0.007135,0.016012,0.8084,0.9959,0.8924,0.5635,False,1,ok,19758,1,116,4,False,0.004945,0.014604,0.8234,0.9973,0.902,0.56306,-0.00219,True,-0.00044,20,12th Gen Intel(R) Core(TM) i7-1255U,12,15.68,Windows-10-10.0.26200-SP0,3.11.15,2.4.6,1.17.1,4.12.2,0.48.4,5.0.0,2.13.0+cpu,fd20710,10,False,,"(9, 6, 2)",2026-08-27T20:00:09+00:00,,
a3_refine_quality,540,smoothing_baseline,torus,,0.0,,,0,0.01,fraction_of_unit_bbox_diagonal,,0.0016,15,,,,,,,,,,,,,ok,,,,,,0.001329,0.002735,1.0,1.0,1.0,0.99758,,,,,12th Gen Intel(R) Core(TM) i7-1255U,12,15.68,Windows-10-10.0.26200-SP0,3.11.15,2.4.6,1.17.1,4.12.2,0.48.4,5.0.0,2.13.0+cpu,fd20710,10,False,,"(9, 6, 2)",2026-08-27T20:00:09+00:00,taubin,0.998965
a3_refine_quality,541,smoothing_baseline,torus,,0.0,,,0,0.01,fraction_of_unit_bbox_diagonal,,0.0016,15,,,,,,,,,,,,,ok,,,,,,0.000643,0.002223,1.0,1.0,1.0,0.99867,,,,,12th Gen Intel(R) Core(TM) i7-1255U,12,15.68,Windows-10-10.0.26200-SP0,3.11.15,2.4.6,1.17.1,4.12.2,0.48.4,5.0.0,2.13.0+cpu,fd20710,10,False,,"(9, 6, 2)",2026-08-27T20:00:09+00:00,laplacian,0.998675
a3_refine_quality,542,smoothing_baseline,torus,,0.0,,,0,0.01,fraction_of_unit_bbox_diagonal,,0.0016,15,,,,,,,,,,,,,ok,,,,,,0.0,0.0,1.0,1.0,1.0,0.99861,,,,,12th Gen Intel(R) Core(TM) i7-1255U,12,15.68,Windows-10-10.0.26200-SP0,3.11.15,2.4.6,1.17.1,4.12.2,0.48.4,5.0.0,2.13.0+cpu,fd20710,10,False,,"(9, 6, 2)",2026-08-27T20:00:09+00:00,none,1.0
a3_refine_quality,543,smoothing_baseline,torus,,0.0,,,0,0.01,fraction_of_unit_bbox_diagonal,,0.0016,50,,,,,,,,,,,,,ok,,,,,,0.00156,0.002922,1.0,1.0,1.0,0.99584,,,,,12th Gen Intel(R) Core(TM) i7-1255U,12,15.68,Windows-10-10.0.26200-SP0,3.11.15,2.4.6,1.17.1,4.12.2,0.48.4,5.0.0,2.13.0+cpu,fd20710,10,False,,"(9, 6, 2)",2026-08-27T20:00:09+00:00,taubin,0.996736
a3_refine_quality,544,smoothing_baseline,torus,,0.0,,,0,0.01,fraction_of_unit_bbox_diagonal,,0.0016,50,,,,,,,,,,,,,ok,,,,,,0.001231,0.002672,1.0,1.0,1.0,0.99838,,,,,12th Gen Intel(R) Core(TM) i7-1255U,12,15.68,Windows-10-10.0.26200-SP0,3.11.15,2.4.6,1.17.1,4.12.2,0.48.4,5.0.0,2.13.0+cpu,fd20710,10,False,,"(9, 6, 2)",2026-08-27T20:00:09+00:00,laplacian,0.995649
a3_refine_quality,545,smoothing_baseline,torus,,0.0,,,0,0.01,fraction_of_unit_bbox_diagonal,,0.0016,50,,,,,,,,,,,,,ok,,,,,,0.0,0.0,1.0,1.0,1.0,0.99861,,,,,12th Gen Intel(R) Core(TM) i7-1255U,12,15.68,Windows-10-10.0.26200-SP0,3.11.15,2.4.6,1.17.1,4.12.2,0.48.4,5.0.0,2.13.0+cpu,fd20710,10,False,,"(9, 6, 2)",2026-08-27T20:00:09+00:00,none,1.0
a3_refine_quality,546,smoothing_baseline,torus,,0.0,,,0,0.01,fraction_of_unit_bbox_diagonal,,0.0016,100,,,,,,,,,,,,,ok,,,,,,0.001587,0.002959,1.0,1.0,1.0,0.9957,,,,,12th Gen Intel(R) Core(TM) i7-1255U,12,15.68,Windows-10-10.0.26200-SP0,3.11.15,2.4.6,1.17.1,4.12.2,0.48.4,5.0.0,2.13.0+cpu,fd20710,10,False,,"(9, 6, 2)",2026-08-27T20:00:09+00:00,taubin,0.996446
a3_refine_quality,547,smoothing_baseline,torus,,0.0,,,0,0.01,fraction_of_unit_bbox_diagonal,,0.0016,100,,,,,,,,,,,,,ok,,,,,,0.001474,0.002824,1.0,1.0,1.0,0.99783,,,,,12th Gen Intel(R) Core(TM) i7-1255U,12,15.68,Windows-10-10.0.26200-SP0,3.11.15,2.4.6,1.17.1,4.12.2,0.48.4,5.0.0,2.13.0+cpu,fd20710,10,False,,"(9, 6, 2)",2026-08-27T20:00:09+00:00,laplacian,0.991492
a3_refine_quality,548,smoothing_baseline,torus,,0.0,,,0,0.01,fraction_of_unit_bbox_diagonal,,0.0016,100,,,,,,,,,,,,,ok,,,,,,0.0,0.0,1.0,1.0,1.0,0.99861,,,,,12th Gen Intel(R) Core(TM) i7-1255U,12,15.68,Windows-10-10.0.26200-SP0,3.11.15,2.4.6,1.17.1,4.12.2,0.48.4,5.0.0,2.13.0+cpu,fd20710,10,False,,"(9, 6, 2)",2026-08-27T20:00:09+00:00,none,1.0
a3_refine_quality,549,smoothing_baseline,torus,,0.0,,,1,0.01,fraction_of_unit_bbox_diagonal,,0.0016,15,,,,,,,,,,,,,ok,,,,,,0.001334,0.002736,1.0,1.0,1.0,0.99756,,,,,12th Gen Intel(R) Core(TM) i7-1255U,12,15.68,Windows-10-10.0.26200-SP0,3.11.15,2.4.6,1.17.1,4.12.2,0.48.4,5.0.0,2.13.0+cpu,fd20710,10,False,,"(9, 6, 2)",2026-08-27T20:00:09+00:00,taubin,0.998965
a3_refine_quality,550,smoothing_baseline,torus,,0.0,,,1,0.01,fraction_of_unit_bbox_diagonal,,0.0016,15,,,,,,,,,,,,,ok,,,,,,0.000643,0.002231,1.0,1.0,1.0,0.9987,,,,,12th Gen Intel(R) Core(TM) i7-1255U,12,15.68,Windows-10-10.0.26200-SP0,3.11.15,2.4.6,1.17.1,4.12.2,0.48.4,5.0.0,2.13.0+cpu,fd20710,10,False,,"(9, 6, 2)",2026-08-27T20:00:09+00:00,laplacian,0.998675
a3_refine_quality,551,smoothing_baseline,torus,,0.0,,,1,0.01,fraction_of_unit_bbox_diagonal,,0.0016,15,,,,,,,,,,,,,ok,,,,,,0.0,0.0,1.0,1.0,1.0,0.99862,,,,,12th Gen Intel(R) Core(TM) i7-1255U,12,15.68,Windows-10-10.0.26200-SP0,3.11.15,2.4.6,1.17.1,4.12.2,0.48.4,5.0.0,2.13.0+cpu,fd20710,10,False,,"(9, 6, 2)",2026-08-27T20:00:09+00:00,none,1.0
a3_refine_quality,552,smoothing_baseline,torus,,0.0,,,1,0.01,fraction_of_unit_bbox_diagonal,,0.0016,50,,,,,,,,,,,,,ok,,,,,,0.001561,0.002935,1.0,1.0,1.0,0.99593,,,,,12th Gen Intel(R) Core(TM) i7-1255U,12,15.68,Windows-10-10.0.26200-SP0,3.11.15,2.4.6,1.17.1,4.12.2,0.48.4,5.0.0,2.13.0+cpu,fd20710,10,False,,"(9, 6, 2)",2026-08-27T20:00:09+00:00,taubin,0.996736
a3_refine_quality,553,smoothing_baseline,torus,,0.0,,,1,0.01,fraction_of_unit_bbox_diagonal,,0.0016,50,,,,,,,,,,,,,ok,,,,,,0.001232,0.002682,1.0,1.0,1.0,0.9984,,,,,12th Gen Intel(R) Core(TM) i7-1255U,12,15.68,Windows-10-10.0.26200-SP0,3.11.15,2.4.6,1.17.1,4.12.2,0.48.4,5.0.0,2.13.0+cpu,fd20710,10,False,,"(9, 6, 2)",2026-08-27T20:00:09+00:00,laplacian,0.995649
a3_refine_quality,554,smoothing_baseline,torus,,0.0,,,1,0.01,fraction_of_unit_bbox_diagonal,,0.0016,50,,,,,,,,,,,,,ok,,,,,,0.0,0.0,1.0,1.0,1.0,0.99862,,,,,12th Gen Intel(R) Core(TM) i7-1255U,12,15.68,Windows-10-10.0.26200-SP0,3.11.15,2.4.6,1.17.1,4.12.2,0.48.4,5.0.0,2.13.0+cpu,fd20710,10,False,,"(9, 6, 2)",2026-08-27T20:00:09+00:00,none,1.0
a3_refine_quality,555,smoothing_baseline,torus,,0.0,,,1,0.01,fraction_of_unit_bbox_diagonal,,0.0016,100,,,,,,,,,,,,,ok,,,,,,0.001585,0.002939,1.0,1.0,1.0,0.99577,,,,,12th Gen Intel(R) Core(TM) i7-1255U,12,15.68,Windows-10-10.0.26200-SP0,3.11.15,2.4.6,1.17.1,4.12.2,0.48.4,5.0.0,2.13.0+cpu,fd20710,10,False,,"(9, 6, 2)",2026-08-27T20:00:09+00:00,taubin,0.996446
a3_refine_quality,556,smoothing_baseline,torus,,0.0,,,1,0.01,fraction_of_unit_bbox_diagonal,,0.0016,100,,,,,,,,,,,,,ok,,,,,,0.001476,0.002832,1.0,1.0,1.0,0.99786,,,,,12th Gen Intel(R) Core(TM) i7-1255U,12,15.68,Windows-10-10.0.26200-SP0,3.11.15,2.4.6,1.17.1,4.12.2,0.48.4,5.0.0,2.13.0+cpu,fd20710,10,False,,"(9, 6, 2)",2026-08-27T20:00:09+00:00,laplacian,0.991492
a3_refine_quality,557,smoothing_baseline,torus,,0.0,,,1,0.01,fraction_of_unit_bbox_diagonal,,0.0016,100,,,,,,,,,,,,,ok,,,,,,0.0,0.0,1.0,1.0,1.0,0.99862,,,,,12th Gen Intel(R) Core(TM) i7-1255U,12,15.68,Windows-10-10.0.26200-SP0,3.11.15,2.4.6,1.17.1,4.12.2,0.48.4,5.0.0,2.13.0+cpu,fd20710,10,False,,"(9, 6, 2)",2026-08-27T20:00:09+00:00,none,1.0
a3_refine_quality,558,smoothing_baseline,torus,,0.0,,,2,0.01,fraction_of_unit_bbox_diagonal,,0.0016,15,,,,,,,,,,,,,ok,,,,,,0.001329,0.002718,1.0,1.0,1.0,0.99761,,,,,12th Gen Intel(R) Core(TM) i7-1255U,12,15.68,Windows-10-10.0.26200-SP0,3.11.15,2.4.6,1.17.1,4.12.2,0.48.4,5.0.0,2.13.0+cpu,fd20710,10,False,,"(9, 6, 2)",2026-08-27T20:00:09+00:00,taubin,0.998965
a3_refine_quality,559,smoothing_baseline,torus,,0.0,,,2,0.01,fraction_of_unit_bbox_diagonal,,0.0016,15,,,,,,,,,,,,,ok,,,,,,0.000643,0.002231,1.0,1.0,1.0,0.99873,,,,,12th Gen Intel(R) Core(TM) i7-1255U,12,15.68,Windows-10-10.0.26200-SP0,3.11.15,2.4.6,1.17.1,4.12.2,0.48.4,5.0.0,2.13.0+cpu,fd20710,10,False,,"(9, 6, 2)",2026-08-27T20:00:09+00:00,laplacian,0.998675
a3_refine_quality,560,smoothing_baseline,torus,,0.0,,,2,0.01,fraction_of_unit_bbox_diagonal,,0.0016,15,,,,,,,,,,,,,ok,,,,,,0.0,0.0,1.0,1.0,1.0,0.99871,,,,,12th Gen Intel(R) Core(TM) i7-1255U,12,15.68,Windows-10-10.0.26200-SP0,3.11.15,2.4.6,1.17.1,4.12.2,0.48.4,5.0.0,2.13.0+cpu,fd20710,10,False,,"(9, 6, 2)",2026-08-27T20:00:09+00:00,none,1.0
a3_refine_quality,561,smoothing_baseline,torus,,0.0,,,2,0.01,fraction_of_unit_bbox_diagonal,,0.0016,50,,,,,,,,,,,,,ok,,,,,,0.001557,0.002928,1.0,1.0,1.0,0.99591,,,,,12th Gen Intel(R) Core(TM) i7-1255U,12,15.68,Windows-10-10.0.26200-SP0,3.11.15,2.4.6,1.17.1,4.12.2,0.48.4,5.0.0,2.13.0+cpu,fd20710,10,False,,"(9, 6, 2)",2026-08-27T20:00:09+00:00,taubin,0.996736
a3_refine_quality,562,smoothing_baseline,torus,,0.0,,,2,0.01,fraction_of_unit_bbox_diagonal,,0.0016,50,,,,,,,,,,,,,ok,,,,,,0.001231,0.002673,1.0,1.0,1.0,0.99843,,,,,12th Gen Intel(R) Core(TM) i7-1255U,12,15.68,Windows-10-10.0.26200-SP0,3.11.15,2.4.6,1.17.1,4.12.2,0.48.4,5.0.0,2.13.0+cpu,fd20710,10,False,,"(9, 6, 2)",2026-08-27T20:00:09+00:00,laplacian,0.995649
a3_refine_quality,563,smoothing_baseline,torus,,0.0,,,2,0.01,fraction_of_unit_bbox_diagonal,,0.0016,50,,,,,,,,,,,,,ok,,,,,,0.0,0.0,1.0,1.0,1.0,0.99871,,,,,12th Gen Intel(R) Core(TM) i7-1255U,12,15.68,Windows-10-10.0.26200-SP0,3.11.15,2.4.6,1.17.1,4.12.2,0.48.4,5.0.0,2.13.0+cpu,fd20710,10,False,,"(9, 6, 2)",2026-08-27T20:00:09+00:00,none,1.0
a3_refine_quality,564,smoothing_baseline,torus,,0.0,,,2,0.01,fraction_of_unit_bbox_diagonal,,0.0016,100,,,,,,,,,,,,,ok,,,,,,0.001583,0.00295,1.0,1.0,1.0,0.99578,,,,,12th Gen Intel(R) Core(TM) i7-1255U,12,15.68,Windows-10-10.0.26200-SP0,3.11.15,2.4.6,1.17.1,4.12.2,0.48.4,5.0.0,2.13.0+cpu,fd20710,10,False,,"(9, 6, 2)",2026-08-27T20:00:09+00:00,taubin,0.996446
a3_refine_quality,565,smoothing_baseline,torus,,0.0,,,2,0.01,fraction_of_unit_bbox_diagonal,,0.0016,100,,,,,,,,,,,,,ok,,,,,,0.001474,0.002835,1.0,1.0,1.0,0.99786,,,,,12th Gen Intel(R) Core(TM) i7-1255U,12,15.68,Windows-10-10.0.26200-SP0,3.11.15,2.4.6,1.17.1,4.12.2,0.48.4,5.0.0,2.13.0+cpu,fd20710,10,False,,"(9, 6, 2)",2026-08-27T20:00:09+00:00,laplacian,0.991492
a3_refine_quality,566,smoothing_baseline,torus,,0.0,,,2,0.01,fraction_of_unit_bbox_diagonal,,0.0016,100,,,,,,,,,,,,,ok,,,,,,0.0,0.0,1.0,1.0,1.0,0.99871,,,,,12th Gen Intel(R) Core(TM) i7-1255U,12,15.68,Windows-10-10.0.26200-SP0,3.11.15,2.4.6,1.17.1,4.12.2,0.48.4,5.0.0,2.13.0+cpu,fd20710,10,False,,"(9, 6, 2)",2026-08-27T20:00:09+00:00,none,1.0
a3_refine_quality,567,smoothing_baseline,torus,,0.002,,,0,0.01,fraction_of_unit_bbox_diagonal,,0.0016,15,,,,,,,,,,,,,ok,,,,,,0.001708,0.003052,1.0,1.0,1.0,0.98634,,,,,12th Gen Intel(R) Core(TM) i7-1255U,12,15.68,Windows-10-10.0.26200-SP0,3.11.15,2.4.6,1.17.1,4.12.2,0.48.4,5.0.0,2.13.0+cpu,fd20710,10,False,,"(9, 6, 2)",2026-08-27T20:00:09+00:00,taubin,0.99958
a3_refine_quality,568,smoothing_baseline,torus,,0.002,,,0,0.01,fraction_of_unit_bbox_diagonal,,0.0016,15,,,,,,,,,,,,,ok,,,,,,0.001924,0.003424,1.0,1.0,1.0,0.90751,,,,,12th Gen Intel(R) Core(TM) i7-1255U,12,15.68,Windows-10-10.0.26200-SP0,3.11.15,2.4.6,1.17.1,4.12.2,0.48.4,5.0.0,2.13.0+cpu,fd20710,10,False,,"(9, 6, 2)",2026-08-27T20:00:09+00:00,laplacian,0.999296
a3_refine_quality,569,smoothing_baseline,torus,,0.002,,,0,0.01,fraction_of_unit_bbox_diagonal,,0.0016,15,,,,,,,,,,,,,ok,,,,,,0.00202,0.003635,1.0,1.0,1.0,0.87676,,,,,12th Gen Intel(R) Core(TM) i7-1255U,12,15.68,Windows-10-10.0.26200-SP0,3.11.15,2.4.6,1.17.1,4.12.2,0.48.4,5.0.0,2.13.0+cpu,fd20710,10,False,,"(9, 6, 2)",2026-08-27T20:00:09+00:00,none,1.000651
a3_refine_quality,570,smoothing_baseline,torus,,0.002,,,0,0.01,fraction_of_unit_bbox_diagonal,,0.0016,50,,,,,,,,,,,,,ok,,,,,,0.001642,0.003003,1.0,1.0,1.0,0.99503,,,,,12th Gen Intel(R) Core(TM) i7-1255U,12,15.68,Windows-10-10.0.26200-SP0,3.11.15,2.4.6,1.17.1,4.12.2,0.48.4,5.0.0,2.13.0+cpu,fd20710,10,False,,"(9, 6, 2)",2026-08-27T20:00:09+00:00,taubin,0.997462
a3_refine_quality,571,smoothing_baseline,torus,,0.002,,,0,0.01,fraction_of_unit_bbox_diagonal,,0.0016,50,,,,,,,,,,,,,ok,,,,,,0.001771,0.003136,1.0,1.0,1.0,0.95843,,,,,12th Gen Intel(R) Core(TM) i7-1255U,12,15.68,Windows-10-10.0.26200-SP0,3.11.15,2.4.6,1.17.1,4.12.2,0.48.4,5.0.0,2.13.0+cpu,fd20710,10,False,,"(9, 6, 2)",2026-08-27T20:00:09+00:00,laplacian,0.996243
a3_refine_quality,572,smoothing_baseline,torus,,0.002,,,0,0.01,fraction_of_unit_bbox_diagonal,,0.0016,50,,,,,,,,,,,,,ok,,,,,,0.00202,0.003635,1.0,1.0,1.0,0.87676,,,,,12th Gen Intel(R) Core(TM) i7-1255U,12,15.68,Windows-10-10.0.26200-SP0,3.11.15,2.4.6,1.17.1,4.12.2,0.48.4,5.0.0,2.13.0+cpu,fd20710,10,False,,"(9, 6, 2)",2026-08-27T20:00:09+00:00,none,1.000651
a3_refine_quality,573,smoothing_baseline,torus,,0.002,,,0,0.01,fraction_of_unit_bbox_diagonal,,0.0016,100,,,,,,,,,,,,,ok,,,,,,0.001643,0.002994,1.0,1.0,1.0,0.99534,,,,,12th Gen Intel(R) Core(TM) i7-1255U,12,15.68,Windows-10-10.0.26200-SP0,3.11.15,2.4.6,1.17.1,4.12.2,0.48.4,5.0.0,2.13.0+cpu,fd20710,10,False,,"(9, 6, 2)",2026-08-27T20:00:09+00:00,taubin,0.997193
a3_refine_quality,574,smoothing_baseline,torus,,0.002,,,0,0.01,fraction_of_unit_bbox_diagonal,,0.0016,100,,,,,,,,,,,,,ok,,,,,,0.001706,0.003049,1.0,1.0,1.0,0.98318,,,,,12th Gen Intel(R) Core(TM) i7-1255U,12,15.68,Windows-10-10.0.26200-SP0,3.11.15,2.4.6,1.17.1,4.12.2,0.48.4,5.0.0,2.13.0+cpu,fd20710,10,False,,"(9, 6, 2)",2026-08-27T20:00:09+00:00,laplacian,0.99209
a3_refine_quality,575,smoothing_baseline,torus,,0.002,,,0,0.01,fraction_of_unit_bbox_diagonal,,0.0016,100,,,,,,,,,,,,,ok,,,,,,0.00202,0.003635,1.0,1.0,1.0,0.87676,,,,,12th Gen Intel(R) Core(TM) i7-1255U,12,15.68,Windows-10-10.0.26200-SP0,3.11.15,2.4.6,1.17.1,4.12.2,0.48.4,5.0.0,2.13.0+cpu,fd20710,10,False,,"(9, 6, 2)",2026-08-27T20:00:09+00:00,none,1.000651
a3_refine_quality,576,smoothing_baseline,torus,,0.002,,,1,0.01,fraction_of_unit_bbox_diagonal,,0.0016,15,,,,,,,,,,,,,ok,,,,,,0.001685,0.003027,1.0,1.0,1.0,0.98659,,,,,12th Gen Intel(R) Core(TM) i7-1255U,12,15.68,Windows-10-10.0.26200-SP0,3.11.15,2.4.6,1.17.1,4.12.2,0.48.4,5.0.0,2.13.0+cpu,fd20710,10,False,,"(9, 6, 2)",2026-08-27T20:00:09+00:00,taubin,0.999186
a3_refine_quality,577,smoothing_baseline,torus,,0.002,,,1,0.01,fraction_of_unit_bbox_diagonal,,0.0016,15,,,,,,,,,,,,,ok,,,,,,0.001889,0.003374,1.0,1.0,1.0,0.91117,,,,,12th Gen Intel(R) Core(TM) i7-1255U,12,15.68,Windows-10-10.0.26200-SP0,3.11.15,2.4.6,1.17.1,4.12.2,0.48.4,5.0.0,2.13.0+cpu,fd20710,10,False,,"(9, 6, 2)",2026-08-27T20:00:09+00:00,laplacian,0.998944
a3_refine_quality,578,smoothing_baseline,torus,,0.002,,,1,0.01,fraction_of_unit_bbox_diagonal,,0.0016,15,,,,,,,,,,,,,ok,,,,,,0.001982,0.003583,1.0,1.0,1.0,0.88003,,,,,12th Gen Intel(R) Core(TM) i7-1255U,12,15.68,Windows-10-10.0.26200-SP0,3.11.15,2.4.6,1.17.1,4.12.2,0.48.4,5.0.0,2.13.0+cpu,fd20710,10,False,,"(9, 6, 2)",2026-08-27T20:00:09+00:00,none,1.000285
a3_refine_quality,579,smoothing_baseline,torus,,0.002,,,1,0.01,fraction_of_unit_bbox_diagonal,,0.0016,50,,,,,,,,,,,,,ok,,,,,,0.001625,0.002972,1.0,1.0,1.0,0.99526,,,,,12th Gen Intel(R) Core(TM) i7-1255U,12,15.68,Windows-10-10.0.26200-SP0,3.11.15,2.4.6,1.17.1,4.12.2,0.48.4,5.0.0,2.13.0+cpu,fd20710,10,False,,"(9, 6, 2)",2026-08-27T20:00:09+00:00,taubin,0.996959
a3_refine_quality,580,smoothing_baseline,torus,,0.002,,,1,0.01,fraction_of_unit_bbox_diagonal,,0.0016,50,,,,,,,,,,,,,ok,,,,,,0.001727,0.003091,1.0,1.0,1.0,0.95871,,,,,12th Gen Intel(R) Core(TM) i7-1255U,12,15.68,Windows-10-10.0.26200-SP0,3.11.15,2.4.6,1.17.1,4.12.2,0.48.4,5.0.0,2.13.0+cpu,fd20710,10,False,,"(9, 6, 2)",2026-08-27T20:00:09+00:00,laplacian,0.995896
a3_refine_quality,581,smoothing_baseline,torus,,0.002,,,1,0.01,fraction_of_unit_bbox_diagonal,,0.0016,50,,,,,,,,,,,,,ok,,,,,,0.001982,0.003583,1.0,1.0,1.0,0.88003,,,,,12th Gen Intel(R) Core(TM) i7-1255U,12,15.68,Windows-10-10.0.26200-SP0,3.11.15,2.4.6,1.17.1,4.12.2,0.48.4,5.0.0,2.13.0+cpu,fd20710,10,False,,"(9, 6, 2)",2026-08-27T20:00:09+00:00,none,1.000285
a3_refine_quality,582,smoothing_baseline,torus,,0.002,,,1,0.01,fraction_of_unit_bbox_diagonal,,0.0016,100,,,,,,,,,,,,,ok,,,,,,0.001639,0.002993,1.0,1.0,1.0,0.99533,,,,,12th Gen Intel(R) Core(TM) i7-1255U,12,15.68,Windows-10-10.0.26200-SP0,3.11.15,2.4.6,1.17.1,4.12.2,0.48.4,5.0.0,2.13.0+cpu,fd20710,10,False,,"(9, 6, 2)",2026-08-27T20:00:09+00:00,taubin,0.996702
a3_refine_quality,583,smoothing_baseline,torus,,0.002,,,1,0.01,fraction_of_unit_bbox_diagonal,,0.0016,100,,,,,,,,,,,,,ok,,,,,,0.001662,0.002983,1.0,1.0,1.0,0.98396,,,,,12th Gen Intel(R) Core(TM) i7-1255U,12,15.68,Windows-10-10.0.26200-SP0,3.11.15,2.4.6,1.17.1,4.12.2,0.48.4,5.0.0,2.13.0+cpu,fd20710,10,False,,"(9, 6, 2)",2026-08-27T20:00:09+00:00,laplacian,0.991727
a3_refine_quality,584,smoothing_baseline,torus,,0.002,,,1,0.01,fraction_of_unit_bbox_diagonal,,0.0016,100,,,,,,,,,,,,,ok,,,,,,0.001982,0.003583,1.0,1.0,1.0,0.88003,,,,,12th Gen Intel(R) Core(TM) i7-1255U,12,15.68,Windows-10-10.0.26200-SP0,3.11.15,2.4.6,1.17.1,4.12.2,0.48.4,5.0.0,2.13.0+cpu,fd20710,10,False,,"(9, 6, 2)",2026-08-27T20:00:09+00:00,none,1.000285
a3_refine_quality,585,smoothing_baseline,torus,,0.002,,,2,0.01,fraction_of_unit_bbox_diagonal,,0.0016,15,,,,,,,,,,,,,ok,,,,,,0.001699,0.003033,1.0,1.0,1.0,0.98589,,,,,12th Gen Intel(R) Core(TM) i7-1255U,12,15.68,Windows-10-10.0.26200-SP0,3.11.15,2.4.6,1.17.1,4.12.2,0.48.4,5.0.0,2.13.0+cpu,fd20710,10,False,,"(9, 6, 2)",2026-08-27T20:00:09+00:00,taubin,0.998921
a3_refine_quality,586,smoothing_baseline,torus,,0.002,,,2,0.01,fraction_of_unit_bbox_diagonal,,0.0016,15,,,,,,,,,,,,,ok,,,,,,0.001928,0.003407,1.0,1.0,1.0,0.91166,,,,,12th Gen Intel(R) Core(TM) i7-1255U,12,15.68,Windows-10-10.0.26200-SP0,3.11.15,2.4.6,1.17.1,4.12.2,0.48.4,5.0.0,2.13.0+cpu,fd20710,10,False,,"(9, 6, 2)",2026-08-27T20:00:09+00:00,laplacian,0.998645
a3_refine_quality,587,smoothing_baseline,torus,,0.002,,,2,0.01,fraction_of_unit_bbox_diagonal,,0.0016,15,,,,,,,,,,,,,ok,,,,,,0.002018,0.003606,1.0,1.0,1.0,0.87967,,,,,12th Gen Intel(R) Core(TM) i7-1255U,12,15.68,Windows-10-10.0.26200-SP0,3.11.15,2.4.6,1.17.1,4.12.2,0.48.4,5.0.0,2.13.0+cpu,fd20710,10,False,,"(9, 6, 2)",2026-08-27T20:00:09+00:00,none,0.999965
a3_refine_quality,588,smoothing_baseline,torus,,0.002,,,2,0.01,fraction_of_unit_bbox_diagonal,,0.0016,50,,,,,,,,,,,,,ok,,,,,,0.001644,0.002988,1.0,1.0,1.0,0.99521,,,,,12th Gen Intel(R) Core(TM) i7-1255U,12,15.68,Windows-10-10.0.26200-SP0,3.11.15,2.4.6,1.17.1,4.12.2,0.48.4,5.0.0,2.13.0+cpu,fd20710,10,False,,"(9, 6, 2)",2026-08-27T20:00:09+00:00,taubin,0.996725
a3_refine_quality,589,smoothing_baseline,torus,,0.002,,,2,0.01,fraction_of_unit_bbox_diagonal,,0.0016,50,,,,,,,,,,,,,ok,,,,,,0.001806,0.00318,1.0,1.0,1.0,0.95841,,,,,12th Gen Intel(R) Core(TM) i7-1255U,12,15.68,Windows-10-10.0.26200-SP0,3.11.15,2.4.6,1.17.1,4.12.2,0.48.4,5.0.0,2.13.0+cpu,fd20710,10,False,,"(9, 6, 2)",2026-08-27T20:00:09+00:00,laplacian,0.995619
a3_refine_quality,590,smoothing_baseline,torus,,0.002,,,2,0.01,fraction_of_unit_bbox_diagonal,,0.0016,50,,,,,,,,,,,,,ok,,,,,,0.002018,0.003606,1.0,1.0,1.0,0.87967,,,,,12th Gen Intel(R) Core(TM) i7-1255U,12,15.68,Windows-10-10.0.26200-SP0,3.11.15,2.4.6,1.17.1,4.12.2,0.48.4,5.0.0,2.13.0+cpu,fd20710,10,False,,"(9, 6, 2)",2026-08-27T20:00:09+00:00,none,0.999965
a3_refine_quality,591,smoothing_baseline,torus,,0.002,,,2,0.01,fraction_of_unit_bbox_diagonal,,0.0016,100,,,,,,,,,,,,,ok,,,,,,0.001652,0.003,1.0,1.0,1.0,0.99539,,,,,12th Gen Intel(R) Core(TM) i7-1255U,12,15.68,Windows-10-10.0.26200-SP0,3.11.15,2.4.6,1.17.1,4.12.2,0.48.4,5.0.0,2.13.0+cpu,fd20710,10,False,,"(9, 6, 2)",2026-08-27T20:00:09+00:00,taubin,0.996421
a3_refine_quality,592,smoothing_baseline,torus,,0.002,,,2,0.01,fraction_of_unit_bbox_diagonal,,0.0016,100,,,,,,,,,,,,,ok,,,,,,0.001685,0.003015,1.0,1.0,1.0,0.98379,,,,,12th Gen Intel(R) Core(TM) i7-1255U,12,15.68,Windows-10-10.0.26200-SP0,3.11.15,2.4.6,1.17.1,4.12.2,0.48.4,5.0.0,2.13.0+cpu,fd20710,10,False,,"(9, 6, 2)",2026-08-27T20:00:09+00:00,laplacian,0.991457
a3_refine_quality,593,smoothing_baseline,torus,,0.002,,,2,0.01,fraction_of_unit_bbox_diagonal,,0.0016,100,,,,,,,,,,,,,ok,,,,,,0.002018,0.003606,1.0,1.0,1.0,0.87967,,,,,12th Gen Intel(R) Core(TM) i7-1255U,12,15.68,Windows-10-10.0.26200-SP0,3.11.15,2.4.6,1.17.1,4.12.2,0.48.4,5.0.0,2.13.0+cpu,fd20710,10,False,,"(9, 6, 2)",2026-08-27T20:00:09+00:00,none,0.999965
a3_refine_quality,594,smoothing_baseline,torus,,0.005,,,0,0.01,fraction_of_unit_bbox_diagonal,,0.0016,15,,,,,,,,,,,,,ok,,,,,,0.002431,0.004604,1.0,1.0,1.0,0.92719,,,,,12th Gen Intel(R) Core(TM) i7-1255U,12,15.68,Windows-10-10.0.26200-SP0,3.11.15,2.4.6,1.17.1,4.12.2,0.48.4,5.0.0,2.13.0+cpu,fd20710,10,False,,"(9, 6, 2)",2026-08-27T20:00:09+00:00,taubin,1.00051
a3_refine_quality,595,smoothing_baseline,torus,,0.005,,,0,0.01,fraction_of_unit_bbox_diagonal,,0.0016,15,,,,,,,,,,,,,ok,,,,,,0.002983,0.006623,0.9972,1.0,0.9986,0.71954,,,,,12th Gen Intel(R) Core(TM) i7-1255U,12,15.68,Windows-10-10.0.26200-SP0,3.11.15,2.4.6,1.17.1,4.12.2,0.48.4,5.0.0,2.13.0+cpu,fd20710,10,False,,"(9, 6, 2)",2026-08-27T20:00:09+00:00,laplacian,1.000146
a3_refine_quality,596,smoothing_baseline,torus,,0.005,,,0,0.01,fraction_of_unit_bbox_diagonal,,0.0016,15,,,,,,,,,,,,,ok,,,,,,0.003197,0.007514,0.991,1.0,0.9955,0.6799,,,,,12th Gen Intel(R) Core(TM) i7-1255U,12,15.68,Windows-10-10.0.26200-SP0,3.11.15,2.4.6,1.17.1,4.12.2,0.48.4,5.0.0,2.13.0+cpu,fd20710,10,False,,"(9, 6, 2)",2026-08-27T20:00:09+00:00,none,1.001531
a3_refine_quality,597,smoothing_baseline,torus,,0.005,,,0,0.01,fraction_of_unit_bbox_diagonal,,0.0016,50,,,,,,,,,,,,,ok,,,,,,0.001944,0.003423,1.0,1.0,1.0,0.99079,,,,,12th Gen Intel(R) Core(TM) i7-1255U,12,15.68,Windows-10-10.0.26200-SP0,3.11.15,2.4.6,1.17.1,4.12.2,0.48.4,5.0.0,2.13.0+cpu,fd20710,10,False,,"(9, 6, 2)",2026-08-27T20:00:09+00:00,taubin,0.998512
a3_refine_quality,598,smoothing_baseline,torus,,0.005,,,0,0.01,fraction_of_unit_bbox_diagonal,,0.0016,50,,,,,,,,,,,,,ok,,,,,,0.002617,0.005255,0.9999,1.0,1.0,0.81192,,,,,12th Gen Intel(R) Core(TM) i7-1255U,12,15.68,Windows-10-10.0.26200-SP0,3.11.15,2.4.6,1.17.1,4.12.2,0.48.4,5.0.0,2.13.0+cpu,fd20710,10,False,,"(9, 6, 2)",2026-08-27T20:00:09+00:00,laplacian,0.997086
a3_refine_quality,599,smoothing_baseline,torus,,0.005,,,0,0.01,fraction_of_unit_bbox_diagonal,,0.0016,50,,,,,,,,,,,,,ok,,,,,,0.003197,0.007514,0.991,1.0,0.9955,0.6799,,,,,12th Gen Intel(R) Core(TM) i7-1255U,12,15.68,Windows-10-10.0.26200-SP0,3.11.15,2.4.6,1.17.1,4.12.2,0.48.4,5.0.0,2.13.0+cpu,fd20710,10,False,,"(9, 6, 2)",2026-08-27T20:00:09+00:00,none,1.001531
a3_refine_quality,600,smoothing_baseline,torus,,0.005,,,0,0.01,fraction_of_unit_bbox_diagonal,,0.0016,100,,,,,,,,,,,,,ok,,,,,,0.001881,0.003312,1.0,1.0,1.0,0.9934,,,,,12th Gen Intel(R) Core(TM) i7-1255U,12,15.68,Windows-10-10.0.26200-SP0,3.11.15,2.4.6,1.17.1,4.12.2,0.48.4,5.0.0,2.13.0+cpu,fd20710,10,False,,"(9, 6, 2)",2026-08-27T20:00:09+00:00,taubin,0.998314
a3_refine_quality,601,smoothing_baseline,torus,,0.005,,,0,0.01,fraction_of_unit_bbox_diagonal,,0.0016,100,,,,,,,,,,,,,ok,,,,,,0.002301,0.004254,1.0,1.0,1.0,0.91525,,,,,12th Gen Intel(R) Core(TM) i7-1255U,12,15.68,Windows-10-10.0.26200-SP0,3.11.15,2.4.6,1.17.1,4.12.2,0.48.4,5.0.0,2.13.0+cpu,fd20710,10,False,,"(9, 6, 2)",2026-08-27T20:00:09+00:00,laplacian,0.992963
a3_refine_quality,602,smoothing_baseline,torus,,0.005,,,0,0.01,fraction_of_unit_bbox_diagonal,,0.0016,100,,,,,,,,,,,,,ok,,,,,,0.003197,0.007514,0.991,1.0,0.9955,0.6799,,,,,12th Gen Intel(R) Core(TM) i7-1255U,12,15.68,Windows-10-10.0.26200-SP0,3.11.15,2.4.6,1.17.1,4.12.2,0.48.4,5.0.0,2.13.0+cpu,fd20710,10,False,,"(9, 6, 2)",2026-08-27T20:00:09+00:00,none,1.001531
a3_refine_quality,603,smoothing_baseline,torus,,0.005,,,1,0.01,fraction_of_unit_bbox_diagonal,,0.0016,15,,,,,,,,,,,,,ok,,,,,,0.002373,0.004449,1.0,1.0,1.0,0.93148,,,,,12th Gen Intel(R) Core(TM) i7-1255U,12,15.68,Windows-10-10.0.26200-SP0,3.11.15,2.4.6,1.17.1,4.12.2,0.48.4,5.0.0,2.13.0+cpu,fd20710,10,False,,"(9, 6, 2)",2026-08-27T20:00:09+00:00,taubin,0.999506
a3_refine_quality,604,smoothing_baseline,torus,,0.005,,,1,0.01,fraction_of_unit_bbox_diagonal,,0.0016,15,,,,,,,,,,,,,ok,,,,,,0.002929,0.006493,0.9964,1.0,0.9982,0.72047,,,,,12th Gen Intel(R) Core(TM) i7-1255U,12,15.68,Windows-10-10.0.26200-SP0,3.11.15,2.4.6,1.17.1,4.12.2,0.48.4,5.0.0,2.13.0+cpu,fd20710,10,False,,"(9, 6, 2)",2026-08-27T20:00:09+00:00,laplacian,0.999247
a3_refine_quality,605,smoothing_baseline,torus,,0.005,,,1,0.01,fraction_of_unit_bbox_diagonal,,0.0016,15,,,,,,,,,,,,,ok,,,,,,0.00315,0.007376,0.9905,1.0,0.9952,0.677,,,,,12th Gen Intel(R) Core(TM) i7-1255U,12,15.68,Windows-10-10.0.26200-SP0,3.11.15,2.4.6,1.17.1,4.12.2,0.48.4,5.0.0,2.13.0+cpu,fd20710,10,False,,"(9, 6, 2)",2026-08-27T20:00:09+00:00,none,1.000572
a3_refine_quality,606,smoothing_baseline,torus,,0.005,,,1,0.01,fraction_of_unit_bbox_diagonal,,0.0016,50,,,,,,,,,,,,,ok,,,,,,0.001906,0.003341,1.0,1.0,1.0,0.99146,,,,,12th Gen Intel(R) Core(TM) i7-1255U,12,15.68,Windows-10-10.0.26200-SP0,3.11.15,2.4.6,1.17.1,4.12.2,0.48.4,5.0.0,2.13.0+cpu,fd20710,10,False,,"(9, 6, 2)",2026-08-27T20:00:09+00:00,taubin,0.997268
a3_refine_quality,607,smoothing_baseline,torus,,0.005,,,1,0.01,fraction_of_unit_bbox_diagonal,,0.0016,50,,,,,,,,,,,,,ok,,,,,,0.002556,0.005143,0.9998,1.0,0.9999,0.81439,,,,,12th Gen Intel(R) Core(TM) i7-1255U,12,15.68,Windows-10-10.0.26200-SP0,3.11.15,2.4.6,1.17.1,4.12.2,0.48.4,5.0.0,2.13.0+cpu,fd20710,10,False,,"(9, 6, 2)",2026-08-27T20:00:09+00:00,laplacian,0.996219
a3_refine_quality,608,smoothing_baseline,torus,,0.005,,,1,0.01,fraction_of_unit_bbox_diagonal,,0.0016,50,,,,,,,,,,,,,ok,,,,,,0.00315,0.007376,0.9905,1.0,0.9952,0.677,,,,,12th Gen Intel(R) Core(TM) i7-1255U,12,15.68,Windows-10-10.0.26200-SP0,3.11.15,2.4.6,1.17.1,4.12.2,0.48.4,5.0.0,2.13.0+cpu,fd20710,10,False,,"(9, 6, 2)",2026-08-27T20:00:09+00:00,none,1.000572
a3_refine_quality,609,smoothing_baseline,torus,,0.005,,,1,0.01,fraction_of_unit_bbox_diagonal,,0.0016,100,,,,,,,,,,,,,ok,,,,,,0.001855,0.003238,1.0,1.0,1.0,0.99342,,,,,12th Gen Intel(R) Core(TM) i7-1255U,12,15.68,Windows-10-10.0.26200-SP0,3.11.15,2.4.6,1.17.1,4.12.2,0.48.4,5.0.0,2.13.0+cpu,fd20710,10,False,,"(9, 6, 2)",2026-08-27T20:00:09+00:00,taubin,0.997071
a3_refine_quality,610,smoothing_baseline,torus,,0.005,,,1,0.01,fraction_of_unit_bbox_diagonal,,0.0016,100,,,,,,,,,,,,,ok,,,,,,0.002246,0.004147,1.0,1.0,1.0,0.91494,,,,,12th Gen Intel(R) Core(TM) i7-1255U,12,15.68,Windows-10-10.0.26200-SP0,3.11.15,2.4.6,1.17.1,4.12.2,0.48.4,5.0.0,2.13.0+cpu,fd20710,10,False,,"(9, 6, 2)",2026-08-27T20:00:09+00:00,laplacian,0.992057
a3_refine_quality,611,smoothing_baseline,torus,,0.005,,,1,0.01,fraction_of_unit_bbox_diagonal,,0.0016,100,,,,,,,,,,,,,ok,,,,,,0.00315,0.007376,0.9905,1.0,0.9952,0.677,,,,,12th Gen Intel(R) Core(TM) i7-1255U,12,15.68,Windows-10-10.0.26200-SP0,3.11.15,2.4.6,1.17.1,4.12.2,0.48.4,5.0.0,2.13.0+cpu,fd20710,10,False,,"(9, 6, 2)",2026-08-27T20:00:09+00:00,none,1.000572
a3_refine_quality,612,smoothing_baseline,torus,,0.005,,,2,0.01,fraction_of_unit_bbox_diagonal,,0.0016,15,,,,,,,,,,,,,ok,,,,,,0.002402,0.004519,1.0,1.0,1.0,0.92839,,,,,12th Gen Intel(R) Core(TM) i7-1255U,12,15.68,Windows-10-10.0.26200-SP0,3.11.15,2.4.6,1.17.1,4.12.2,0.48.4,5.0.0,2.13.0+cpu,fd20710,10,False,,"(9, 6, 2)",2026-08-27T20:00:09+00:00,taubin,0.998805
a3_refine_quality,613,smoothing_baseline,torus,,0.005,,,2,0.01,fraction_of_unit_bbox_diagonal,,0.0016,15,,,,,,,,,,,,,ok,,,,,,0.002971,0.006529,0.997,1.0,0.9985,0.72051,,,,,12th Gen Intel(R) Core(TM) i7-1255U,12,15.68,Windows-10-10.0.26200-SP0,3.11.15,2.4.6,1.17.1,4.12.2,0.48.4,5.0.0,2.13.0+cpu,fd20710,10,False,,"(9, 6, 2)",2026-08-27T20:00:09+00:00,laplacian,0.998267
a3_refine_quality,614,smoothing_baseline,torus,,0.005,,,2,0.01,fraction_of_unit_bbox_diagonal,,0.0016,15,,,,,,,,,,,,,ok,,,,,,0.003186,0.007381,0.9908,1.0,0.9954,0.68009,,,,,12th Gen Intel(R) Core(TM) i7-1255U,12,15.68,Windows-10-10.0.26200-SP0,3.11.15,2.4.6,1.17.1,4.12.2,0.48.4,5.0.0,2.13.0+cpu,fd20710,10,False,,"(9, 6, 2)",2026-08-27T20:00:09+00:00,none,0.999415
a3_refine_quality,615,smoothing_baseline,torus,,0.005,,,2,0.01,fraction_of_unit_bbox_diagonal,,0.0016,50,,,,,,,,,,,,,ok,,,,,,0.001932,0.003384,1.0,1.0,1.0,0.99127,,,,,12th Gen Intel(R) Core(TM) i7-1255U,12,15.68,Windows-10-10.0.26200-SP0,3.11.15,2.4.6,1.17.1,4.12.2,0.48.4,5.0.0,2.13.0+cpu,fd20710,10,False,,"(9, 6, 2)",2026-08-27T20:00:09+00:00,taubin,0.996728
a3_refine_quality,616,smoothing_baseline,torus,,0.005,,,2,0.01,fraction_of_unit_bbox_diagonal,,0.0016,50,,,,,,,,,,,,,ok,,,,,,0.002601,0.005166,0.9998,1.0,0.9999,0.81692,,,,,12th Gen Intel(R) Core(TM) i7-1255U,12,15.68,Windows-10-10.0.26200-SP0,3.11.15,2.4.6,1.17.1,4.12.2,0.48.4,5.0.0,2.13.0+cpu,fd20710,10,False,,"(9, 6, 2)",2026-08-27T20:00:09+00:00,laplacian,0.995434
a3_refine_quality,617,smoothing_baseline,torus,,0.005,,,2,0.01,fraction_of_unit_bbox_diagonal,,0.0016,50,,,,,,,,,,,,,ok,,,,,,0.003186,0.007381,0.9908,1.0,0.9954,0.68009,,,,,12th Gen Intel(R) Core(TM) i7-1255U,12,15.68,Windows-10-10.0.26200-SP0,3.11.15,2.4.6,1.17.1,4.12.2,0.48.4,5.0.0,2.13.0+cpu,fd20710,10,False,,"(9, 6, 2)",2026-08-27T20:00:09+00:00,none,0.999415
a3_refine_quality,618,smoothing_baseline,torus,,0.005,,,2,0.01,fraction_of_unit_bbox_diagonal,,0.0016,100,,,,,,,,,,,,,ok,,,,,,0.001885,0.003276,1.0,1.0,1.0,0.99347,,,,,12th Gen Intel(R) Core(TM) i7-1255U,12,15.68,Windows-10-10.0.26200-SP0,3.11.15,2.4.6,1.17.1,4.12.2,0.48.4,5.0.0,2.13.0+cpu,fd20710,10,False,,"(9, 6, 2)",2026-08-27T20:00:09+00:00,taubin,0.996407
a3_refine_quality,619,smoothing_baseline,torus,,0.005,,,2,0.01,fraction_of_unit_bbox_diagonal,,0.0016,100,,,,,,,,,,,,,ok,,,,,,0.002293,0.004181,1.0,1.0,1.0,0.9145,,,,,12th Gen Intel(R) Core(TM) i7-1255U,12,15.68,Windows-10-10.0.26200-SP0,3.11.15,2.4.6,1.17.1,4.12.2,0.48.4,5.0.0,2.13.0+cpu,fd20710,10,False,,"(9, 6, 2)",2026-08-27T20:00:09+00:00,laplacian,0.991357
a3_refine_quality,620,smoothing_baseline,torus,,0.005,,,2,0.01,fraction_of_unit_bbox_diagonal,,0.0016,100,,,,,,,,,,,,,ok,,,,,,0.003186,0.007381,0.9908,1.0,0.9954,0.68009,,,,,12th Gen Intel(R) Core(TM) i7-1255U,12,15.68,Windows-10-10.0.26200-SP0,3.11.15,2.4.6,1.17.1,4.12.2,0.48.4,5.0.0,2.13.0+cpu,fd20710,10,False,,"(9, 6, 2)",2026-08-27T20:00:09+00:00,none,0.999415
a3_refine_quality,621,smoothing_baseline,torus,,0.01,,,0,0.01,fraction_of_unit_bbox_diagonal,,0.0016,15,,,,,,,,,,,,,ok,,,,,,0.0037,0.008562,0.9791,0.9966,0.9878,0.79916,,,,,12th Gen Intel(R) Core(TM) i7-1255U,12,15.68,Windows-10-10.0.26200-SP0,3.11.15,2.4.6,1.17.1,4.12.2,0.48.4,5.0.0,2.13.0+cpu,fd20710,10,False,,"(9, 6, 2)",2026-08-27T20:00:09+00:00,taubin,1.002127
a3_refine_quality,622,smoothing_baseline,torus,,0.01,,,0,0.01,fraction_of_unit_bbox_diagonal,,0.0016,15,,,,,,,,,,,,,ok,,,,,,0.004581,0.01298,0.8707,0.9977,0.9299,0.58546,,,,,12th Gen Intel(R) Core(TM) i7-1255U,12,15.68,Windows-10-10.0.26200-SP0,3.11.15,2.4.6,1.17.1,4.12.2,0.48.4,5.0.0,2.13.0+cpu,fd20710,10,False,,"(9, 6, 2)",2026-08-27T20:00:09+00:00,laplacian,1.001507
a3_refine_quality,623,smoothing_baseline,torus,,0.01,,,0,0.01,fraction_of_unit_bbox_diagonal,,0.0016,15,,,,,,,,,,,,,ok,,,,,,0.004951,0.014735,0.8205,0.9975,0.9004,0.56828,,,,,12th Gen Intel(R) Core(TM) i7-1255U,12,15.68,Windows-10-10.0.26200-SP0,3.11.15,2.4.6,1.17.1,4.12.2,0.48.4,5.0.0,2.13.0+cpu,fd20710,10,False,,"(9, 6, 2)",2026-08-27T20:00:09+00:00,none,1.003045
a3_refine_quality,624,smoothing_baseline,torus,,0.01,,,0,0.01,fraction_of_unit_bbox_diagonal,,0.0016,50,,,,,,,,,,,,,ok,,,,,,0.002646,0.00515,0.9999,1.0,1.0,0.97609,,,,,12th Gen Intel(R) Core(TM) i7-1255U,12,15.68,Windows-10-10.0.26200-SP0,3.11.15,2.4.6,1.17.1,4.12.2,0.48.4,5.0.0,2.13.0+cpu,fd20710,10,False,,"(9, 6, 2)",2026-08-27T20:00:09+00:00,taubin,1.000138
a3_refine_quality,625,smoothing_baseline,torus,,0.01,,,0,0.01,fraction_of_unit_bbox_diagonal,,0.0016,50,,,,,,,,,,,,,ok,,,,,,0.003951,0.010062,0.9485,0.998,0.9726,0.65486,,,,,12th Gen Intel(R) Core(TM) i7-1255U,12,15.68,Windows-10-10.0.26200-SP0,3.11.15,2.4.6,1.17.1,4.12.2,0.48.4,5.0.0,2.13.0+cpu,fd20710,10,False,,"(9, 6, 2)",2026-08-27T20:00:09+00:00,laplacian,0.998404
a3_refine_quality,626,smoothing_baseline,torus,,0.01,,,0,0.01,fraction_of_unit_bbox_diagonal,,0.0016,50,,,,,,,,,,,,,ok,,,,,,0.004951,0.014735,0.8205,0.9975,0.9004,0.56828,,,,,12th Gen Intel(R) Core(TM) i7-1255U,12,15.68,Windows-10-10.0.26200-SP0,3.11.15,2.4.6,1.17.1,4.12.2,0.48.4,5.0.0,2.13.0+cpu,fd20710,10,False,,"(9, 6, 2)",2026-08-27T20:00:09+00:00,none,1.003045
a3_refine_quality,627,smoothing_baseline,torus,,0.01,,,0,0.01,fraction_of_unit_bbox_diagonal,,0.0016,100,,,,,,,,,,,,,ok,,,,,,0.002478,0.004719,1.0,1.0,1.0,0.98617,,,,,12th Gen Intel(R) Core(TM) i7-1255U,12,15.68,Windows-10-10.0.26200-SP0,3.11.15,2.4.6,1.17.1,4.12.2,0.48.4,5.0.0,2.13.0+cpu,fd20710,10,False,,"(9, 6, 2)",2026-08-27T20:00:09+00:00,taubin,1.000176
a3_refine_quality,628,smoothing_baseline,torus,,0.01,,,0,0.01,fraction_of_unit_bbox_diagonal,,0.0016,100,,,,,,,,,,,,,ok,,,,,,0.003384,0.007656,0.9912,0.9994,0.9953,0.7726,,,,,12th Gen Intel(R) Core(TM) i7-1255U,12,15.68,Windows-10-10.0.26200-SP0,3.11.15,2.4.6,1.17.1,4.12.2,0.48.4,5.0.0,2.13.0+cpu,fd20710,10,False,,"(9, 6, 2)",2026-08-27T20:00:09+00:00,laplacian,0.994371
a3_refine_quality,629,smoothing_baseline,torus,,0.01,,,0,0.01,fraction_of_unit_bbox_diagonal,,0.0016,100,,,,,,,,,,,,,ok,,,,,,0.004951,0.014735,0.8205,0.9975,0.9004,0.56828,,,,,12th Gen Intel(R) Core(TM) i7-1255U,12,15.68,Windows-10-10.0.26200-SP0,3.11.15,2.4.6,1.17.1,4.12.2,0.48.4,5.0.0,2.13.0+cpu,fd20710,10,False,,"(9, 6, 2)",2026-08-27T20:00:09+00:00,none,1.003045
a3_refine_quality,630,smoothing_baseline,torus,,0.01,,,1,0.01,fraction_of_unit_bbox_diagonal,,0.0016,15,,,,,,,,,,,,,ok,,,,,,0.003573,0.008202,0.9834,0.9981,0.9907,0.80013,,,,,12th Gen Intel(R) Core(TM) i7-1255U,12,15.68,Windows-10-10.0.26200-SP0,3.11.15,2.4.6,1.17.1,4.12.2,0.48.4,5.0.0,2.13.0+cpu,fd20710,10,False,,"(9, 6, 2)",2026-08-27T20:00:09+00:00,taubin,1.000055
a3_refine_quality,631,smoothing_baseline,torus,,0.01,,,1,0.01,fraction_of_unit_bbox_diagonal,,0.0016,15,,,,,,,,,,,,,ok,,,,,,0.004499,0.012704,0.8794,0.9977,0.9348,0.58741,,,,,12th Gen Intel(R) Core(TM) i7-1255U,12,15.68,Windows-10-10.0.26200-SP0,3.11.15,2.4.6,1.17.1,4.12.2,0.48.4,5.0.0,2.13.0+cpu,fd20710,10,False,,"(9, 6, 2)",2026-08-27T20:00:09+00:00,laplacian,0.999302
a3_refine_quality,632,smoothing_baseline,torus,,0.01,,,1,0.01,fraction_of_unit_bbox_diagonal,,0.0016,15,,,,,,,,,,,,,ok,,,,,,0.004867,0.014538,0.8286,0.9975,0.9053,0.56635,,,,,12th Gen Intel(R) Core(TM) i7-1255U,12,15.68,Windows-10-10.0.26200-SP0,3.11.15,2.4.6,1.17.1,4.12.2,0.48.4,5.0.0,2.13.0+cpu,fd20710,10,False,,"(9, 6, 2)",2026-08-27T20:00:09+00:00,none,1.000377
a3_refine_quality,633,smoothing_baseline,torus,,0.01,,,1,0.01,fraction_of_unit_bbox_diagonal,,0.0016,50,,,,,,,,,,,,,ok,,,,,,0.002568,0.004935,0.9997,0.9999,0.9998,0.97796,,,,,12th Gen Intel(R) Core(TM) i7-1255U,12,15.68,Windows-10-10.0.26200-SP0,3.11.15,2.4.6,1.17.1,4.12.2,0.48.4,5.0.0,2.13.0+cpu,fd20710,10,False,,"(9, 6, 2)",2026-08-27T20:00:09+00:00,taubin,0.997706
a3_refine_quality,634,smoothing_baseline,torus,,0.01,,,1,0.01,fraction_of_unit_bbox_diagonal,,0.0016,50,,,,,,,,,,,,,ok,,,,,,0.003863,0.009787,0.9545,0.9986,0.9761,0.65061,,,,,12th Gen Intel(R) Core(TM) i7-1255U,12,15.68,Windows-10-10.0.26200-SP0,3.11.15,2.4.6,1.17.1,4.12.2,0.48.4,5.0.0,2.13.0+cpu,fd20710,10,False,,"(9, 6, 2)",2026-08-27T20:00:09+00:00,laplacian,0.996574
a3_refine_quality,635,smoothing_baseline,torus,,0.01,,,1,0.01,fraction_of_unit_bbox_diagonal,,0.0016,50,,,,,,,,,,,,,ok,,,,,,0.004867,0.014538,0.8286,0.9975,0.9053,0.56635,,,,,12th Gen Intel(R) Core(TM) i7-1255U,12,15.68,Windows-10-10.0.26200-SP0,3.11.15,2.4.6,1.17.1,4.12.2,0.48.4,5.0.0,2.13.0+cpu,fd20710,10,False,,"(9, 6, 2)",2026-08-27T20:00:09+00:00,none,1.000377
a3_refine_quality,636,smoothing_baseline,torus,,0.01,,,1,0.01,fraction_of_unit_bbox_diagonal,,0.0016,100,,,,,,,,,,,,,ok,,,,,,0.002388,0.004379,1.0,1.0,1.0,0.98644,,,,,12th Gen Intel(R) Core(TM) i7-1255U,12,15.68,Windows-10-10.0.26200-SP0,3.11.15,2.4.6,1.17.1,4.12.2,0.48.4,5.0.0,2.13.0+cpu,fd20710,10,False,,"(9, 6, 2)",2026-08-27T20:00:09+00:00,taubin,0.997646
a3_refine_quality,637,smoothing_baseline,torus,,0.01,,,1,0.01,fraction_of_unit_bbox_diagonal,,0.0016,100,,,,,,,,,,,,,ok,,,,,,0.003286,0.007426,0.9918,0.9996,0.9957,0.77163,,,,,12th Gen Intel(R) Core(TM) i7-1255U,12,15.68,Windows-10-10.0.26200-SP0,3.11.15,2.4.6,1.17.1,4.12.2,0.48.4,5.0.0,2.13.0+cpu,fd20710,10,False,,"(9, 6, 2)",2026-08-27T20:00:09+00:00,laplacian,0.992552
a3_refine_quality,638,smoothing_baseline,torus,,0.01,,,1,0.01,fraction_of_unit_bbox_diagonal,,0.0016,100,,,,,,,,,,,,,ok,,,,,,0.004867,0.014538,0.8286,0.9975,0.9053,0.56635,,,,,12th Gen Intel(R) Core(TM) i7-1255U,12,15.68,Windows-10-10.0.26200-SP0,3.11.15,2.4.6,1.17.1,4.12.2,0.48.4,5.0.0,2.13.0+cpu,fd20710,10,False,,"(9, 6, 2)",2026-08-27T20:00:09+00:00,none,1.000377
a3_refine_quality,639,smoothing_baseline,torus,,0.01,,,2,0.01,fraction_of_unit_bbox_diagonal,,0.0016,15,,,,,,,,,,,,,ok,,,,,,0.003639,0.008389,0.981,0.9971,0.989,0.79108,,,,,12th Gen Intel(R) Core(TM) i7-1255U,12,15.68,Windows-10-10.0.26200-SP0,3.11.15,2.4.6,1.17.1,4.12.2,0.48.4,5.0.0,2.13.0+cpu,fd20710,10,False,,"(9, 6, 2)",2026-08-27T20:00:09+00:00,taubin,0.998381
a3_refine_quality,640,smoothing_baseline,torus,,0.01,,,2,0.01,fraction_of_unit_bbox_diagonal,,0.0016,15,,,,,,,,,,,,,ok,,,,,,0.004579,0.012725,0.8742,0.9977,0.9319,0.58234,,,,,12th Gen Intel(R) Core(TM) i7-1255U,12,15.68,Windows-10-10.0.26200-SP0,3.11.15,2.4.6,1.17.1,4.12.2,0.48.4,5.0.0,2.13.0+cpu,fd20710,10,False,,"(9, 6, 2)",2026-08-27T20:00:09+00:00,laplacian,0.99601
a3_refine_quality,641,smoothing_baseline,torus,,0.01,,,2,0.01,fraction_of_unit_bbox_diagonal,,0.0016,15,,,,,,,,,,,,,ok,,,,,,0.004949,0.014565,0.8217,0.9973,0.901,0.56326,,,,,12th Gen Intel(R) Core(TM) i7-1255U,12,15.68,Windows-10-10.0.26200-SP0,3.11.15,2.4.6,1.17.1,4.12.2,0.48.4,5.0.0,2.13.0+cpu,fd20710,10,False,,"(9, 6, 2)",2026-08-27T20:00:09+00:00,none,0.995995
a3_refine_quality,642,smoothing_baseline,torus,,0.01,,,2,0.01,fraction_of_unit_bbox_diagonal,,0.0016,50,,,,,,,,,,,,,ok,,,,,,0.002594,0.005006,0.9998,0.9997,0.9997,0.97809,,,,,12th Gen Intel(R) Core(TM) i7-1255U,12,15.68,Windows-10-10.0.26200-SP0,3.11.15,2.4.6,1.17.1,4.12.2,0.48.4,5.0.0,2.13.0+cpu,fd20710,10,False,,"(9, 6, 2)",2026-08-27T20:00:09+00:00,taubin,0.996791
a3_refine_quality,643,smoothing_baseline,torus,,0.01,,,2,0.01,fraction_of_unit_bbox_diagonal,,0.0016,50,,,,,,,,,,,,,ok,,,,,,0.003937,0.009875,0.9529,0.9987,0.9752,0.64499,,,,,12th Gen Intel(R) Core(TM) i7-1255U,12,15.68,Windows-10-10.0.26200-SP0,3.11.15,2.4.6,1.17.1,4.12.2,0.48.4,5.0.0,2.13.0+cpu,fd20710,10,False,,"(9, 6, 2)",2026-08-27T20:00:09+00:00,laplacian,0.994473
a3_refine_quality,644,smoothing_baseline,torus,,0.01,,,2,0.01,fraction_of_unit_bbox_diagonal,,0.0016,50,,,,,,,,,,,,,ok,,,,,,0.004949,0.014565,0.8217,0.9973,0.901,0.56326,,,,,12th Gen Intel(R) Core(TM) i7-1255U,12,15.68,Windows-10-10.0.26200-SP0,3.11.15,2.4.6,1.17.1,4.12.2,0.48.4,5.0.0,2.13.0+cpu,fd20710,10,False,,"(9, 6, 2)",2026-08-27T20:00:09+00:00,none,0.995995
a3_refine_quality,645,smoothing_baseline,torus,,0.01,,,2,0.01,fraction_of_unit_bbox_diagonal,,0.0016,100,,,,,,,,,,,,,ok,,,,,,0.002437,0.004466,0.9999,0.9999,0.9999,0.98681,,,,,12th Gen Intel(R) Core(TM) i7-1255U,12,15.68,Windows-10-10.0.26200-SP0,3.11.15,2.4.6,1.17.1,4.12.2,0.48.4,5.0.0,2.13.0+cpu,fd20710,10,False,,"(9, 6, 2)",2026-08-27T20:00:09+00:00,taubin,0.996459
a3_refine_quality,646,smoothing_baseline,torus,,0.01,,,2,0.01,fraction_of_unit_bbox_diagonal,,0.0016,100,,,,,,,,,,,,,ok,,,,,,0.003352,0.007445,0.9924,0.9996,0.996,0.77205,,,,,12th Gen Intel(R) Core(TM) i7-1255U,12,15.68,Windows-10-10.0.26200-SP0,3.11.15,2.4.6,1.17.1,4.12.2,0.48.4,5.0.0,2.13.0+cpu,fd20710,10,False,,"(9, 6, 2)",2026-08-27T20:00:09+00:00,laplacian,0.990977
a3_refine_quality,647,smoothing_baseline,torus,,0.01,,,2,0.01,fraction_of_unit_bbox_diagonal,,0.0016,100,,,,,,,,,,,,,ok,,,,,,0.004949,0.014565,0.8217,0.9973,0.901,0.56326,,,,,12th Gen Intel(R) Core(TM) i7-1255U,12,15.68,Windows-10-10.0.26200-SP0,3.11.15,2.4.6,1.17.1,4.12.2,0.48.4,5.0.0,2.13.0+cpu,fd20710,10,False,,"(9, 6, 2)",2026-08-27T20:00:09+00:00,none,0.995995
a3_refine_quality,648,refinement,pointmap_sheet,object,0.0,0,0,0,0.01,fraction_of_unit_bbox_diagonal,100000,0.0016,15,1,20000,388,0,0.0,0.0,1.0,1.0,1.0,0.99937,True,1,ok,20000,1,388,0,False,0.001101,0.00218,1.0,1.0,1.0,0.99938,0.001101,False,1e-05,0,12th Gen Intel(R) Core(TM) i7-1255U,12,15.68,Windows-10-10.0.26200-SP0,3.11.15,2.4.6,1.17.1,4.12.2,0.48.4,5.0.0,2.13.0+cpu,fd20710,10,False,,"(9, 6, 2)",2026-08-27T20:00:09+00:00,,
a3_refine_quality,649,refinement,pointmap_sheet,room,0.0,0,0,0,0.01,fraction_of_unit_bbox_diagonal,100000,0.0016,15,1,20000,388,0,0.0,0.0,1.0,1.0,1.0,0.99937,True,1,ok,20000,1,388,0,False,0.001095,0.002182,1.0,1.0,1.0,0.99946,0.001095,False,9e-05,0,12th Gen Intel(R) Core(TM) i7-1255U,12,15.68,Windows-10-10.0.26200-SP0,3.11.15,2.4.6,1.17.1,4.12.2,0.48.4,5.0.0,2.13.0+cpu,fd20710,10,False,,"(9, 6, 2)",2026-08-27T20:00:09+00:00,,
a3_refine_quality,650,refinement,pointmap_sheet,object,0.0,0,0,1,0.01,fraction_of_unit_bbox_diagonal,100000,0.0016,15,1,20000,388,0,0.0,0.0,1.0,1.0,1.0,0.99924,True,1,ok,20000,1,388,0,False,0.001098,0.002187,1.0,1.0,1.0,0.99927,0.001098,False,3e-05,0,12th Gen Intel(R) Core(TM) i7-1255U,12,15.68,Windows-10-10.0.26200-SP0,3.11.15,2.4.6,1.17.1,4.12.2,0.48.4,5.0.0,2.13.0+cpu,fd20710,10,False,,"(9, 6, 2)",2026-08-27T20:00:09+00:00,,
a3_refine_quality,651,refinement,pointmap_sheet,room,0.0,0,0,1,0.01,fraction_of_unit_bbox_diagonal,100000,0.0016,15,1,20000,388,0,0.0,0.0,1.0,1.0,1.0,0.99924,True,1,ok,20000,1,388,0,False,0.001093,0.002181,1.0,1.0,1.0,0.99947,0.001093,False,0.00023,0,12th Gen Intel(R) Core(TM) i7-1255U,12,15.68,Windows-10-10.0.26200-SP0,3.11.15,2.4.6,1.17.1,4.12.2,0.48.4,5.0.0,2.13.0+cpu,fd20710,10,False,,"(9, 6, 2)",2026-08-27T20:00:09+00:00,,
a3_refine_quality,652,refinement,pointmap_sheet,object,0.0,0,0,2,0.01,fraction_of_unit_bbox_diagonal,100000,0.0016,15,1,20000,388,0,0.0,0.0,1.0,1.0,1.0,0.99916,True,1,ok,20000,1,388,0,False,0.001101,0.002186,1.0,1.0,1.0,0.99951,0.001101,False,0.00035,0,12th Gen Intel(R) Core(TM) i7-1255U,12,15.68,Windows-10-10.0.26200-SP0,3.11.15,2.4.6,1.17.1,4.12.2,0.48.4,5.0.0,2.13.0+cpu,fd20710,10,False,,"(9, 6, 2)",2026-08-27T20:00:09+00:00,,
a3_refine_quality,653,refinement,pointmap_sheet,room,0.0,0,0,2,0.01,fraction_of_unit_bbox_diagonal,100000,0.0016,15,1,20000,388,0,0.0,0.0,1.0,1.0,1.0,0.99916,True,1,ok,20000,1,388,0,False,0.001095,0.00218,1.0,1.0,1.0,0.99943,0.001095,False,0.00027,0,12th Gen Intel(R) Core(TM) i7-1255U,12,15.68,Windows-10-10.0.26200-SP0,3.11.15,2.4.6,1.17.1,4.12.2,0.48.4,5.0.0,2.13.0+cpu,fd20710,10,False,,"(9, 6, 2)",2026-08-27T20:00:09+00:00,,
a3_refine_quality,654,refinement,pointmap_sheet,object,0.0,0,5,0,0.01,fraction_of_unit_bbox_diagonal,100000,0.0016,15,6,20400,388,0,0.008305,0.002827,0.9586,1.0,0.9789,0.97823,False,6,ok,20786,6,0,0,True,0.006959,0.021279,0.7886,0.9997,0.8817,0.97483,-0.001346,True,-0.0034,0,12th Gen Intel(R) Core(TM) i7-1255U,12,15.68,Windows-10-10.0.26200-SP0,3.11.15,2.4.6,1.17.1,4.12.2,0.48.4,5.0.0,2.13.0+cpu,fd20710,10,False,,"(9, 6, 2)",2026-08-27T20:00:09+00:00,,
a3_refine_quality,655,refinement,pointmap_sheet,room,0.0,0,5,0,0.01,fraction_of_unit_bbox_diagonal,100000,0.0016,15,6,20400,388,0,0.008305,0.002827,0.9586,1.0,0.9789,0.97823,True,1,ok,20000,1,388,0,False,0.001095,0.002182,1.0,1.0,1.0,0.99946,-0.00721,True,0.02123,5,12th Gen Intel(R) Core(TM) i7-1255U,12,15.68,Windows-10-10.0.26200-SP0,3.11.15,2.4.6,1.17.1,4.12.2,0.48.4,5.0.0,2.13.0+cpu,fd20710,10,False,,"(9, 6, 2)",2026-08-27T20:00:09+00:00,,
a3_refine_quality,656,refinement,pointmap_sheet,object,0.0,0,5,1,0.01,fraction_of_unit_bbox_diagonal,100000,0.0016,15,6,20400,388,0,0.00502,0.002883,0.9562,1.0,0.9776,0.97639,False,6,ok,20786,6,0,0,True,0.005282,0.021762,0.7884,0.9996,0.8815,0.97476,0.000262,False,-0.00163,0,12th Gen Intel(R) Core(TM) i7-1255U,12,15.68,Windows-10-10.0.26200-SP0,3.11.15,2.4.6,1.17.1,4.12.2,0.48.4,5.0.0,2.13.0+cpu,fd20710,10,False,,"(9, 6, 2)",2026-08-27T20:00:09+00:00,,
a3_refine_quality,657,refinement,pointmap_sheet,room,0.0,0,5,1,0.01,fraction_of_unit_bbox_diagonal,100000,0.0016,15,6,20400,388,0,0.00502,0.002883,0.9562,1.0,0.9776,0.97639,True,1,ok,20000,1,388,0,False,0.001093,0.002181,1.0,1.0,1.0,0.99947,-0.003927,True,0.02308,5,12th Gen Intel(R) Core(TM) i7-1255U,12,15.68,Windows-10-10.0.26200-SP0,3.11.15,2.4.6,1.17.1,4.12.2,0.48.4,5.0.0,2.13.0+cpu,fd20710,10,False,,"(9, 6, 2)",2026-08-27T20:00:09+00:00,,
a3_refine_quality,658,refinement,pointmap_sheet,object,0.0,0,5,2,0.01,fraction_of_unit_bbox_diagonal,100000,0.0016,15,6,20400,388,0,0.006661,0.002947,0.9547,1.0,0.9769,0.97599,False,6,ok,20786,6,0,0,True,0.006103,0.021709,0.7914,0.9997,0.8834,0.97461,-0.000558,True,-0.00138,0,12th Gen Intel(R) Core(TM) i7-1255U,12,15.68,Windows-10-10.0.26200-SP0,3.11.15,2.4.6,1.17.1,4.12.2,0.48.4,5.0.0,2.13.0+cpu,fd20710,10,False,,"(9, 6, 2)",2026-08-27T20:00:09+00:00,,
a3_refine_quality,659,refinement,pointmap_sheet,room,0.0,0,5,2,0.01,fraction_of_unit_bbox_diagonal,100000,0.0016,15,6,20400,388,0,0.006661,0.002947,0.9547,1.0,0.9769,0.97599,True,1,ok,20000,1,388,0,False,0.001095,0.00218,1.0,1.0,1.0,0.99943,-0.005566,True,0.02344,5,12th Gen Intel(R) Core(TM) i7-1255U,12,15.68,Windows-10-10.0.26200-SP0,3.11.15,2.4.6,1.17.1,4.12.2,0.48.4,5.0.0,2.13.0+cpu,fd20710,10,False,,"(9, 6, 2)",2026-08-27T20:00:09+00:00,,
a3_refine_quality,660,refinement,pointmap_sheet,object,0.0,0,20,0,0.01,fraction_of_unit_bbox_diagonal,100000,0.0016,15,21,21600,388,0,0.022648,0.429614,0.8475,1.0,0.9174,0.92329,False,21,ok,21986,21,0,0,True,0.014393,0.186696,0.7418,0.9997,0.8517,0.94614,-0.008255,True,0.02285,0,12th Gen Intel(R) Core(TM) i7-1255U,12,15.68,Windows-10-10.0.26200-SP0,3.11.15,2.4.6,1.17.1,4.12.2,0.48.4,5.0.0,2.13.0+cpu,fd20710,10,False,,"(9, 6, 2)",2026-08-27T20:00:09+00:00,,
a3_refine_quality,661,refinement,pointmap_sheet,room,0.0,0,20,0,0.01,fraction_of_unit_bbox_diagonal,100000,0.0016,15,21,21600,388,0,0.022648,0.429614,0.8475,1.0,0.9174,0.92329,True,1,ok,20000,1,388,0,False,0.001095,0.002182,1.0,1.0,1.0,0.99946,-0.021553,True,0.07617,20,12th Gen Intel(R) Core(TM) i7-1255U,12,15.68,Windows-10-10.0.26200-SP0,3.11.15,2.4.6,1.17.1,4.12.2,0.48.4,5.0.0,2.13.0+cpu,fd20710,10,False,,"(9, 6, 2)",2026-08-27T20:00:09+00:00,,
a3_refine_quality,662,refinement,pointmap_sheet,object,0.0,0,20,1,0.01,fraction_of_unit_bbox_diagonal,100000,0.0016,15,21,21600,388,0,0.019057,0.336935,0.8458,1.0,0.9165,0.922,False,21,ok,21986,21,0,0,True,0.012683,0.142099,0.7415,0.9995,0.8514,0.94758,-0.006374,True,0.02558,0,12th Gen Intel(R) Core(TM) i7-1255U,12,15.68,Windows-10-10.0.26200-SP0,3.11.15,2.4.6,1.17.1,4.12.2,0.48.4,5.0.0,2.13.0+cpu,fd20710,10,False,,"(9, 6, 2)",2026-08-27T20:00:09+00:00,,
a3_refine_quality,663,refinement,pointmap_sheet,room,0.0,0,20,1,0.01,fraction_of_unit_bbox_diagonal,100000,0.0016,15,21,21600,388,0,0.019057,0.336935,0.8458,1.0,0.9165,0.922,True,1,ok,20000,1,388,0,False,0.001093,0.002181,1.0,1.0,1.0,0.99947,-0.017964,True,0.07747,20,12th Gen Intel(R) Core(TM) i7-1255U,12,15.68,Windows-10-10.0.26200-SP0,3.11.15,2.4.6,1.17.1,4.12.2,0.48.4,5.0.0,2.13.0+cpu,fd20710,10,False,,"(9, 6, 2)",2026-08-27T20:00:09+00:00,,
a3_refine_quality,664,refinement,pointmap_sheet,object,0.0,0,20,2,0.01,fraction_of_unit_bbox_diagonal,100000,0.0016,15,21,21600,388,0,0.018558,0.283131,0.8465,1.0,0.9169,0.91991,False,21,ok,21986,21,0,0,True,0.012495,0.191437,0.742,0.9996,0.8518,0.94611,-0.006063,True,0.0262,0,12th Gen Intel(R) Core(TM) i7-1255U,12,15.68,Windows-10-10.0.26200-SP0,3.11.15,2.4.6,1.17.1,4.12.2,0.48.4,5.0.0,2.13.0+cpu,fd20710,10,False,,"(9, 6, 2)",2026-08-27T20:00:09+00:00,,
a3_refine_quality,665,refinement,pointmap_sheet,room,0.0,0,20,2,0.01,fraction_of_unit_bbox_diagonal,100000,0.0016,15,21,21600,388,0,0.018558,0.283131,0.8465,1.0,0.9169,0.91991,True,1,ok,20000,1,388,0,False,0.001095,0.00218,1.0,1.0,1.0,0.99943,-0.017463,True,0.07952,20,12th Gen Intel(R) Core(TM) i7-1255U,12,15.68,Windows-10-10.0.26200-SP0,3.11.15,2.4.6,1.17.1,4.12.2,0.48.4,5.0.0,2.13.0+cpu,fd20710,10,False,,"(9, 6, 2)",2026-08-27T20:00:09+00:00,,
a3_refine_quality,666,refinement,pointmap_sheet,object,0.0,5,0,0,0.01,fraction_of_unit_bbox_diagonal,100000,0.0016,15,1,19900,470,0,0.001088,0.002216,1.0,0.9999,1.0,0.99933,True,1,ok,19900,1,470,0,False,0.001125,0.002223,1.0,0.9999,1.0,0.99943,3.7e-05,False,0.0001,0,12th Gen Intel(R) Core(TM) i7-1255U,12,15.68,Windows-10-10.0.26200-SP0,3.11.15,2.4.6,1.17.1,4.12.2,0.48.4,5.0.0,2.13.0+cpu,fd20710,10,False,,"(9, 6, 2)",2026-08-27T20:00:09+00:00,,
a3_refine_quality,667,refinement,pointmap_sheet,room,0.0,5,0,0,0.01,fraction_of_unit_bbox_diagonal,100000,0.0016,15,1,19900,470,0,0.001088,0.002216,1.0,0.9999,1.0,0.99933,True,1,ok,19900,1,470,0,False,0.001126,0.002221,1.0,1.0,1.0,0.99939,3.8e-05,False,6e-05,0,12th Gen Intel(R) Core(TM) i7-1255U,12,15.68,Windows-10-10.0.26200-SP0,3.11.15,2.4.6,1.17.1,4.12.2,0.48.4,5.0.0,2.13.0+cpu,fd20710,10,False,,"(9, 6, 2)",2026-08-27T20:00:09+00:00,,
a3_refine_quality,668,refinement,pointmap_sheet,object,0.0,5,0,1,0.01,fraction_of_unit_bbox_diagonal,100000,0.0016,15,1,19900,466,0,0.001015,0.002182,1.0,0.9999,1.0,0.99943,True,1,ok,19900,1,466,0,False,0.001118,0.002219,1.0,0.9999,0.9999,0.99943,0.000103,False,0.0,0,12th Gen Intel(R) Core(TM) i7-1255U,12,15.68,Windows-10-10.0.26200-SP0,3.11.15,2.4.6,1.17.1,4.12.2,0.48.4,5.0.0,2.13.0+cpu,fd20710,10,False,,"(9, 6, 2)",2026-08-27T20:00:09+00:00,,
a3_refine_quality,669,refinement,pointmap_sheet,room,0.0,5,0,1,0.01,fraction_of_unit_bbox_diagonal,100000,0.0016,15,1,19900,466,0,0.001015,0.002182,1.0,0.9999,1.0,0.99943,True,1,ok,19900,1,466,0,False,0.001109,0.002219,1.0,0.9999,0.9999,0.99931,9.4e-05,False,-0.00012,0,12th Gen Intel(R) Core(TM) i7-1255U,12,15.68,Windows-10-10.0.26200-SP0,3.11.15,2.4.6,1.17.1,4.12.2,0.48.4,5.0.0,2.13.0+cpu,fd20710,10,False,,"(9, 6, 2)",2026-08-27T20:00:09+00:00,,
a3_refine_quality,670,refinement,pointmap_sheet,object,0.0,5,0,2,0.01,fraction_of_unit_bbox_diagonal,100000,0.0016,15,1,19900,456,0,0.001039,0.002189,1.0,0.9996,0.9998,0.99944,True,1,ok,19900,1,456,0,False,0.001116,0.002214,1.0,0.9996,0.9998,0.99945,7.7e-05,False,1e-05,0,12th Gen Intel(R) Core(TM) i7-1255U,12,15.68,Windows-10-10.0.26200-SP0,3.11.15,2.4.6,1.17.1,4.12.2,0.48.4,5.0.0,2.13.0+cpu,fd20710,10,False,,"(9, 6, 2)",2026-08-27T20:00:09+00:00,,
a3_refine_quality,671,refinement,pointmap_sheet,room,0.0,5,0,2,0.01,fraction_of_unit_bbox_diagonal,100000,0.0016,15,1,19900,456,0,0.001039,0.002189,1.0,0.9996,0.9998,0.99944,True,1,ok,19900,1,456,0,False,0.001114,0.002215,1.0,0.9996,0.9998,0.99932,7.5e-05,False,-0.00012,0,12th Gen Intel(R) Core(TM) i7-1255U,12,15.68,Windows-10-10.0.26200-SP0,3.11.15,2.4.6,1.17.1,4.12.2,0.48.4,5.0.0,2.13.0+cpu,fd20710,10,False,,"(9, 6, 2)",2026-08-27T20:00:09+00:00,,
a3_refine_quality,672,refinement,pointmap_sheet,object,0.0,5,5,0,0.01,fraction_of_unit_bbox_diagonal,100000,0.0016,15,6,20300,470,0,0.007589,0.002858,0.9566,1.0,0.9778,0.97692,False,6,ok,20754,6,8,0,False,0.006561,0.02163,0.7888,0.9997,0.8818,0.97407,-0.001028,True,-0.00285,0,12th Gen Intel(R) Core(TM) i7-1255U,12,15.68,Windows-10-10.0.26200-SP0,3.11.15,2.4.6,1.17.1,4.12.2,0.48.4,5.0.0,2.13.0+cpu,fd20710,10,False,,"(9, 6, 2)",2026-08-27T20:00:09+00:00,,
a3_refine_quality,673,refinement,pointmap_sheet,room,0.0,5,5,0,0.01,fraction_of_unit_bbox_diagonal,100000,0.0016,15,6,20300,470,0,0.007589,0.002858,0.9566,1.0,0.9778,0.97692,True,1,ok,19900,1,470,0,False,0.001126,0.002221,1.0,1.0,1.0,0.99939,-0.006463,True,0.02247,5,12th Gen Intel(R) Core(TM) i7-1255U,12,15.68,Windows-10-10.0.26200-SP0,3.11.15,2.4.6,1.17.1,4.12.2,0.48.4,5.0.0,2.13.0+cpu,fd20710,10,False,,"(9, 6, 2)",2026-08-27T20:00:09+00:00,,
a3_refine_quality,674,refinement,pointmap_sheet,object,0.0,5,5,1,0.01,fraction_of_unit_bbox_diagonal,100000,0.0016,15,6,20300,466,0,0.006575,0.002885,0.956,0.9998,0.9774,0.9763,False,6,ok,20368,6,388,0,False,0.006581,0.002873,0.9566,1.0,0.9778,0.97768,6e-06,False,0.00138,0,12th Gen Intel(R) Core(TM) i7-1255U,12,15.68,Windows-10-10.0.26200-SP0,3.11.15,2.4.6,1.17.1,4.12.2,0.48.4,5.0.0,2.13.0+cpu,fd20710,10,False,,"(9, 6, 2)",2026-08-27T20:00:09+00:00,,
a3_refine_quality,675,refinement,pointmap_sheet,room,0.0,5,5,1,0.01,fraction_of_unit_bbox_diagonal,100000,0.0016,15,6,20300,466,0,0.006575,0.002885,0.956,0.9998,0.9774,0.9763,True,1,ok,19900,1,466,0,False,0.001109,0.002219,1.0,0.9999,0.9999,0.99931,-0.005466,True,0.02301,5,12th Gen Intel(R) Core(TM) i7-1255U,12,15.68,Windows-10-10.0.26200-SP0,3.11.15,2.4.6,1.17.1,4.12.2,0.48.4,5.0.0,2.13.0+cpu,fd20710,10,False,,"(9, 6, 2)",2026-08-27T20:00:09+00:00,,
a3_refine_quality,676,refinement,pointmap_sheet,object,0.0,5,5,2,0.01,fraction_of_unit_bbox_diagonal,100000,0.0016,15,6,20300,456,0,0.007594,0.002932,0.9545,0.9996,0.9765,0.97611,False,6,ok,20746,6,0,4,False,0.00653,0.021616,0.792,0.9996,0.8838,0.97527,-0.001064,True,-0.00084,0,12th Gen Intel(R) Core(TM) i7-1255U,12,15.68,Windows-10-10.0.26200-SP0,3.11.15,2.4.6,1.17.1,4.12.2,0.48.4,5.0.0,2.13.0+cpu,fd20710,10,False,,"(9, 6, 2)",2026-08-27T20:00:09+00:00,,
a3_refine_quality,677,refinement,pointmap_sheet,room,0.0,5,5,2,0.01,fraction_of_unit_bbox_diagonal,100000,0.0016,15,6,20300,456,0,0.007594,0.002932,0.9545,0.9996,0.9765,0.97611,True,1,ok,19900,1,456,0,False,0.001114,0.002215,1.0,0.9996,0.9998,0.99932,-0.00648,True,0.02321,5,12th Gen Intel(R) Core(TM) i7-1255U,12,15.68,Windows-10-10.0.26200-SP0,3.11.15,2.4.6,1.17.1,4.12.2,0.48.4,5.0.0,2.13.0+cpu,fd20710,10,False,,"(9, 6, 2)",2026-08-27T20:00:09+00:00,,
a3_refine_quality,678,refinement,pointmap_sheet,object,0.0,5,20,0,0.01,fraction_of_unit_bbox_diagonal,100000,0.0016,15,21,21500,470,0,0.020364,0.325734,0.8456,0.9999,0.9163,0.92326,False,21,ok,21954,21,8,0,False,0.013196,0.207916,0.742,0.9997,0.8518,0.94564,-0.007168,True,0.02238,0,12th Gen Intel(R) Core(TM) i7-1255U,12,15.68,Windows-10-10.0.26200-SP0,3.11.15,2.4.6,1.17.1,4.12.2,0.48.4,5.0.0,2.13.0+cpu,fd20710,10,False,,"(9, 6, 2)",2026-08-27T20:00:09+00:00,,
a3_refine_quality,679,refinement,pointmap_sheet,room,0.0,5,20,0,0.01,fraction_of_unit_bbox_diagonal,100000,0.0016,15,21,21500,470,0,0.020364,0.325734,0.8456,0.9999,0.9163,0.92326,True,1,ok,19900,1,470,0,False,0.001126,0.002221,1.0,1.0,1.0,0.99939,-0.019238,True,0.07613,20,12th Gen Intel(R) Core(TM) i7-1255U,12,15.68,Windows-10-10.0.26200-SP0,3.11.15,2.4.6,1.17.1,4.12.2,0.48.4,5.0.0,2.13.0+cpu,fd20710,10,False,,"(9, 6, 2)",2026-08-27T20:00:09+00:00,,
a3_refine_quality,680,refinement,pointmap_sheet,object,0.0,5,20,1,0.01,fraction_of_unit_bbox_diagonal,100000,0.0016,15,21,21500,466,0,0.020768,0.320269,0.8506,0.9999,0.9192,0.92194,False,21,ok,21954,21,0,0,True,0.013467,0.238533,0.7462,0.9995,0.8545,0.94599,-0.007301,True,0.02405,0,12th Gen Intel(R) Core(TM) i7-1255U,12,15.68,Windows-10-10.0.26200-SP0,3.11.15,2.4.6,1.17.1,4.12.2,0.48.4,5.0.0,2.13.0+cpu,fd20710,10,False,,"(9, 6, 2)",2026-08-27T20:00:09+00:00,,
a3_refine_quality,681,refinement,pointmap_sheet,room,0.0,5,20,1,0.01,fraction_of_unit_bbox_diagonal,100000,0.0016,15,21,21500,466,0,0.020768,0.320269,0.8506,0.9999,0.9192,0.92194,True,1,ok,19900,1,466,0,False,0.001109,0.002219,1.0,0.9999,0.9999,0.99931,-0.019659,True,0.07737,20,12th Gen Intel(R) Core(TM) i7-1255U,12,15.68,Windows-10-10.0.26200-SP0,3.11.15,2.4.6,1.17.1,4.12.2,0.48.4,5.0.0,2.13.0+cpu,fd20710,10,False,,"(9, 6, 2)",2026-08-27T20:00:09+00:00,,
a3_refine_quality,682,refinement,pointmap_sheet,object,0.0,5,20,2,0.01,fraction_of_unit_bbox_diagonal,100000,0.0016,15,21,21500,456,0,0.023906,0.402576,0.8497,0.9996,0.9186,0.92192,False,21,ok,21946,21,0,4,False,0.015187,0.303174,0.7482,0.9996,0.8558,0.9462,-0.008719,True,0.02428,0,12th Gen Intel(R) Core(TM) i7-1255U,12,15.68,Windows-10-10.0.26200-SP0,3.11.15,2.4.6,1.17.1,4.12.2,0.48.4,5.0.0,2.13.0+cpu,fd20710,10,False,,"(9, 6, 2)",2026-08-27T20:00:09+00:00,,
a3_refine_quality,683,refinement,pointmap_sheet,room,0.0,5,20,2,0.01,fraction_of_unit_bbox_diagonal,100000,0.0016,15,21,21500,456,0,0.023906,0.402576,0.8497,0.9996,0.9186,0.92192,True,1,ok,19900,1,456,0,False,0.001114,0.002215,1.0,0.9996,0.9998,0.99932,-0.022792,True,0.0774,20,12th Gen Intel(R) Core(TM) i7-1255U,12,15.68,Windows-10-10.0.26200-SP0,3.11.15,2.4.6,1.17.1,4.12.2,0.48.4,5.0.0,2.13.0+cpu,fd20710,10,False,,"(9, 6, 2)",2026-08-27T20:00:09+00:00,,
a3_refine_quality,684,refinement,pointmap_sheet,object,0.0,20,0,0,0.01,fraction_of_unit_bbox_diagonal,100000,0.0016,15,1,19600,686,0,0.001132,0.002307,1.0,0.9993,0.9996,0.9994,True,1,ok,19600,1,686,0,False,0.001156,0.002315,1.0,0.9988,0.9994,0.9995,2.4e-05,False,0.0001,0,12th Gen Intel(R) Core(TM) i7-1255U,12,15.68,Windows-10-10.0.26200-SP0,3.11.15,2.4.6,1.17.1,4.12.2,0.48.4,5.0.0,2.13.0+cpu,fd20710,10,False,,"(9, 6, 2)",2026-08-27T20:00:09+00:00,,
a3_refine_quality,685,refinement,pointmap_sheet,room,0.0,20,0,0,0.01,fraction_of_unit_bbox_diagonal,100000,0.0016,15,1,19600,686,0,0.001132,0.002307,1.0,0.9993,0.9996,0.9994,True,1,ok,19600,1,686,0,False,0.001156,0.002319,1.0,0.999,0.9995,0.99946,2.4e-05,False,6e-05,0,12th Gen Intel(R) Core(TM) i7-1255U,12,15.68,Windows-10-10.0.26200-SP0,3.11.15,2.4.6,1.17.1,4.12.2,0.48.4,5.0.0,2.13.0+cpu,fd20710,10,False,,"(9, 6, 2)",2026-08-27T20:00:09+00:00,,
a3_refine_quality,686,refinement,pointmap_sheet,object,0.0,20,0,1,0.01,fraction_of_unit_bbox_diagonal,100000,0.0016,15,1,19600,660,0,0.001084,0.002267,1.0,0.9994,0.9997,0.99946,True,1,ok,19600,1,660,0,False,0.001141,0.002274,1.0,0.9993,0.9997,0.99924,5.7e-05,False,-0.00022,0,12th Gen Intel(R) Core(TM) i7-1255U,12,15.68,Windows-10-10.0.26200-SP0,3.11.15,2.4.6,1.17.1,4.12.2,0.48.4,5.0.0,2.13.0+cpu,fd20710,10,False,,"(9, 6, 2)",2026-08-27T20:00:09+00:00,,
a3_refine_quality,687,refinement,pointmap_sheet,room,0.0,20,0,1,0.01,fraction_of_unit_bbox_diagonal,100000,0.0016,15,1,19600,660,0,0.001084,0.002267,1.0,0.9994,0.9997,0.99946,True,1,ok,19600,1,660,0,False,0.001139,0.002278,1.0,0.9994,0.9997,0.99945,5.5e-05,False,-1e-05,0,12th Gen Intel(R) Core(TM) i7-1255U,12,15.68,Windows-10-10.0.26200-SP0,3.11.15,2.4.6,1.17.1,4.12.2,0.48.4,5.0.0,2.13.0+cpu,fd20710,10,False,,"(9, 6, 2)",2026-08-27T20:00:09+00:00,,
a3_refine_quality,688,refinement,pointmap_sheet,object,0.0,20,0,2,0.01,fraction_of_unit_bbox_diagonal,100000,0.0016,15,1,19600,668,0,0.001104,0.002283,1.0,1.0,1.0,0.9994,True,1,ok,19600,1,668,0,False,0.001145,0.002299,1.0,0.9999,1.0,0.9994,4.1e-05,False,0.0,0,12th Gen Intel(R) Core(TM) i7-1255U,12,15.68,Windows-10-10.0.26200-SP0,3.11.15,2.4.6,1.17.1,4.12.2,0.48.4,5.0.0,2.13.0+cpu,fd20710,10,False,,"(9, 6, 2)",2026-08-27T20:00:09+00:00,,
a3_refine_quality,689,refinement,pointmap_sheet,room,0.0,20,0,2,0.01,fraction_of_unit_bbox_diagonal,100000,0.0016,15,1,19600,668,0,0.001104,0.002283,1.0,1.0,1.0,0.9994,True,1,ok,19600,1,668,0,False,0.001143,0.002294,1.0,0.9998,0.9999,0.99923,3.9e-05,False,-0.00017,0,12th Gen Intel(R) Core(TM) i7-1255U,12,15.68,Windows-10-10.0.26200-SP0,3.11.15,2.4.6,1.17.1,4.12.2,0.48.4,5.0.0,2.13.0+cpu,fd20710,10,False,,"(9, 6, 2)",2026-08-27T20:00:09+00:00,,
a3_refine_quality,690,refinement,pointmap_sheet,object,0.0,20,5,0,0.01,fraction_of_unit_bbox_diagonal,100000,0.0016,15,6,20000,686,0,0.004586,0.002862,0.9559,0.999,0.977,0.97735,False,6,ok,20644,6,4,7,False,0.005009,0.022055,0.7902,0.9996,0.8826,0.97466,0.000423,False,-0.00269,0,12th Gen Intel(R) Core(TM) i7-1255U,12,15.68,Windows-10-10.0.26200-SP0,3.11.15,2.4.6,1.17.1,4.12.2,0.48.4,5.0.0,2.13.0+cpu,fd20710,10,False,,"(9, 6, 2)",2026-08-27T20:00:09+00:00,,
a3_refine_quality,691,refinement,pointmap_sheet,room,0.0,20,5,0,0.01,fraction_of_unit_bbox_diagonal,100000,0.0016,15,6,20000,686,0,0.004586,0.002862,0.9559,0.999,0.977,0.97735,True,1,ok,19600,1,686,0,False,0.001156,0.002319,1.0,0.999,0.9995,0.99946,-0.00343,True,0.02211,5,12th Gen Intel(R) Core(TM) i7-1255U,12,15.68,Windows-10-10.0.26200-SP0,3.11.15,2.4.6,1.17.1,4.12.2,0.48.4,5.0.0,2.13.0+cpu,fd20710,10,False,,"(9, 6, 2)",2026-08-27T20:00:09+00:00,,
a3_refine_quality,692,refinement,pointmap_sheet,object,0.0,20,5,1,0.01,fraction_of_unit_bbox_diagonal,100000,0.0016,15,6,20000,660,0,0.005998,0.002893,0.9574,0.9994,0.978,0.97662,False,6,ok,20624,6,4,11,False,0.005767,0.021414,0.7922,0.9987,0.8835,0.97349,-0.000231,True,-0.00313,0,12th Gen Intel(R) Core(TM) i7-1255U,12,15.68,Windows-10-10.0.26200-SP0,3.11.15,2.4.6,1.17.1,4.12.2,0.48.4,5.0.0,2.13.0+cpu,fd20710,10,False,,"(9, 6, 2)",2026-08-27T20:00:09+00:00,,
a3_refine_quality,693,refinement,pointmap_sheet,room,0.0,20,5,1,0.01,fraction_of_unit_bbox_diagonal,100000,0.0016,15,6,20000,660,0,0.005998,0.002893,0.9574,0.9994,0.978,0.97662,True,1,ok,19600,1,660,0,False,0.001139,0.002278,1.0,0.9994,0.9997,0.99945,-0.004859,True,0.02283,5,12th Gen Intel(R) Core(TM) i7-1255U,12,15.68,Windows-10-10.0.26200-SP0,3.11.15,2.4.6,1.17.1,4.12.2,0.48.4,5.0.0,2.13.0+cpu,fd20710,10,False,,"(9, 6, 2)",2026-08-27T20:00:09+00:00,,
a3_refine_quality,694,refinement,pointmap_sheet,object,0.0,20,5,2,0.01,fraction_of_unit_bbox_diagonal,100000,0.0016,15,6,20000,668,0,0.008962,0.002981,0.9541,0.9999,0.9764,0.97548,False,6,ok,20626,6,12,11,False,0.007147,0.021862,0.7914,0.9996,0.8834,0.9742,-0.001815,True,-0.00128,0,12th Gen Intel(R) Core(TM) i7-1255U,12,15.68,Windows-10-10.0.26200-SP0,3.11.15,2.4.6,1.17.1,4.12.2,0.48.4,5.0.0,2.13.0+cpu,fd20710,10,False,,"(9, 6, 2)",2026-08-27T20:00:09+00:00,,
a3_refine_quality,695,refinement,pointmap_sheet,room,0.0,20,5,2,0.01,fraction_of_unit_bbox_diagonal,100000,0.0016,15,6,20000,668,0,0.008962,0.002981,0.9541,0.9999,0.9764,0.97548,True,1,ok,19600,1,668,0,False,0.001143,0.002294,1.0,0.9998,0.9999,0.99923,-0.007819,True,0.02375,5,12th Gen Intel(R) Core(TM) i7-1255U,12,15.68,Windows-10-10.0.26200-SP0,3.11.15,2.4.6,1.17.1,4.12.2,0.48.4,5.0.0,2.13.0+cpu,fd20710,10,False,,"(9, 6, 2)",2026-08-27T20:00:09+00:00,,
a3_refine_quality,696,refinement,pointmap_sheet,object,0.0,20,20,0,0.01,fraction_of_unit_bbox_diagonal,100000,0.0016,15,21,21200,686,0,0.020147,0.32154,0.8435,0.9992,0.9148,0.9224,False,21,ok,21844,21,4,7,False,0.013037,0.17978,0.7434,0.9996,0.8526,0.94588,-0.00711,True,0.02348,0,12th Gen Intel(R) Core(TM) i7-1255U,12,15.68,Windows-10-10.0.26200-SP0,3.11.15,2.4.6,1.17.1,4.12.2,0.48.4,5.0.0,2.13.0+cpu,fd20710,10,False,,"(9, 6, 2)",2026-08-27T20:00:09+00:00,,
a3_refine_quality,697,refinement,pointmap_sheet,room,0.0,20,20,0,0.01,fraction_of_unit_bbox_diagonal,100000,0.0016,15,21,21200,686,0,0.020147,0.32154,0.8435,0.9992,0.9148,0.9224,True,1,ok,19600,1,686,0,False,0.001156,0.002319,1.0,0.999,0.9995,0.99946,-0.018991,True,0.07706,20,12th Gen Intel(R) Core(TM) i7-1255U,12,15.68,Windows-10-10.0.26200-SP0,3.11.15,2.4.6,1.17.1,4.12.2,0.48.4,5.0.0,2.13.0+cpu,fd20710,10,False,,"(9, 6, 2)",2026-08-27T20:00:09+00:00,,
a3_refine_quality,698,refinement,pointmap_sheet,object,0.0,20,20,1,0.01,fraction_of_unit_bbox_diagonal,100000,0.0016,15,21,21200,660,0,0.020777,0.331892,0.8495,0.9994,0.9184,0.92161,False,21,ok,21824,21,4,11,False,0.013283,0.205444,0.7478,0.9986,0.8552,0.94598,-0.007494,True,0.02437,0,12th Gen Intel(R) Core(TM) i7-1255U,12,15.68,Windows-10-10.0.26200-SP0,3.11.15,2.4.6,1.17.1,4.12.2,0.48.4,5.0.0,2.13.0+cpu,fd20710,10,False,,"(9, 6, 2)",2026-08-27T20:00:09+00:00,,
a3_refine_quality,699,refinement,pointmap_sheet,room,0.0,20,20,1,0.01,fraction_of_unit_bbox_diagonal,100000,0.0016,15,21,21200,660,0,0.020777,0.331892,0.8495,0.9994,0.9184,0.92161,True,1,ok,19600,1,660,0,False,0.001139,0.002278,1.0,0.9994,0.9997,0.99945,-0.019638,True,0.07784,20,12th Gen Intel(R) Core(TM) i7-1255U,12,15.68,Windows-10-10.0.26200-SP0,3.11.15,2.4.6,1.17.1,4.12.2,0.48.4,5.0.0,2.13.0+cpu,fd20710,10,False,,"(9, 6, 2)",2026-08-27T20:00:09+00:00,,
a3_refine_quality,700,refinement,pointmap_sheet,object,0.0,20,20,2,0.01,fraction_of_unit_bbox_diagonal,100000,0.0016,15,21,21200,668,0,0.021237,0.394367,0.8509,0.9999,0.9194,0.92031,False,21,ok,21826,21,12,11,False,0.013887,0.127083,0.745,0.9996,0.8537,0.94605,-0.00735,True,0.02574,0,12th Gen Intel(R) Core(TM) i7-1255U,12,15.68,Windows-10-10.0.26200-SP0,3.11.15,2.4.6,1.17.1,4.12.2,0.48.4,5.0.0,2.13.0+cpu,fd20710,10,False,,"(9, 6, 2)",2026-08-27T20:00:09+00:00,,
a3_refine_quality,701,refinement,pointmap_sheet,room,0.0,20,20,2,0.01,fraction_of_unit_bbox_diagonal,100000,0.0016,15,21,21200,668,0,0.021237,0.394367,0.8509,0.9999,0.9194,0.92031,True,1,ok,19600,1,668,0,False,0.001143,0.002294,1.0,0.9998,0.9999,0.99923,-0.020094,True,0.07892,20,12th Gen Intel(R) Core(TM) i7-1255U,12,15.68,Windows-10-10.0.26200-SP0,3.11.15,2.4.6,1.17.1,4.12.2,0.48.4,5.0.0,2.13.0+cpu,fd20710,10,False,,"(9, 6, 2)",2026-08-27T20:00:09+00:00,,
a3_refine_quality,702,refinement,pointmap_sheet,object,0.002,0,0,0,0.01,fraction_of_unit_bbox_diagonal,100000,0.0016,15,1,20000,388,0,0.001708,0.003253,1.0,1.0,1.0,0.83689,True,1,ok,20000,1,388,0,False,0.001414,0.002499,1.0,1.0,1.0,0.97887,-0.000294,True,0.14198,0,12th Gen Intel(R) Core(TM) i7-1255U,12,15.68,Windows-10-10.0.26200-SP0,3.11.15,2.4.6,1.17.1,4.12.2,0.48.4,5.0.0,2.13.0+cpu,fd20710,10,False,,"(9, 6, 2)",2026-08-27T20:00:09+00:00,,
a3_refine_quality,703,refinement,pointmap_sheet,room,0.002,0,0,0,0.01,fraction_of_unit_bbox_diagonal,100000,0.0016,15,1,20000,388,0,0.001708,0.003253,1.0,1.0,1.0,0.83689,True,1,ok,20000,1,388,0,False,0.001688,0.003231,1.0,1.0,1.0,0.84067,-2e-05,True,0.00378,0,12th Gen Intel(R) Core(TM) i7-1255U,12,15.68,Windows-10-10.0.26200-SP0,3.11.15,2.4.6,1.17.1,4.12.2,0.48.4,5.0.0,2.13.0+cpu,fd20710,10,False,,"(9, 6, 2)",2026-08-27T20:00:09+00:00,,
a3_refine_quality,704,refinement,pointmap_sheet,object,0.002,0,0,1,0.01,fraction_of_unit_bbox_diagonal,100000,0.0016,15,1,20000,388,0,0.001693,0.003213,1.0,1.0,1.0,0.83709,True,1,ok,20000,1,388,0,False,0.001412,0.002503,1.0,1.0,1.0,0.9796,-0.000281,True,0.14251,0,12th Gen Intel(R) Core(TM) i7-1255U,12,15.68,Windows-10-10.0.26200-SP0,3.11.15,2.4.6,1.17.1,4.12.2,0.48.4,5.0.0,2.13.0+cpu,fd20710,10,False,,"(9, 6, 2)",2026-08-27T20:00:09+00:00,,
a3_refine_quality,705,refinement,pointmap_sheet,room,0.002,0,0,1,0.01,fraction_of_unit_bbox_diagonal,100000,0.0016,15,1,20000,388,0,0.001693,0.003213,1.0,1.0,1.0,0.83709,True,1,ok,20000,1,388,0,False,0.001685,0.003215,1.0,1.0,1.0,0.84232,-8e-06,True,0.00523,0,12th Gen Intel(R) Core(TM) i7-1255U,12,15.68,Windows-10-10.0.26200-SP0,3.11.15,2.4.6,1.17.1,4.12.2,0.48.4,5.0.0,2.13.0+cpu,fd20710,10,False,,"(9, 6, 2)",2026-08-27T20:00:09+00:00,,
a3_refine_quality,706,refinement,pointmap_sheet,object,0.002,0,0,2,0.01,fraction_of_unit_bbox_diagonal,100000,0.0016,15,1,20000,388,0,0.001703,0.003225,1.0,1.0,1.0,0.83825,True,1,ok,20000,1,388,0,False,0.001407,0.002494,1.0,1.0,1.0,0.97859,-0.000296,True,0.14034,0,12th Gen Intel(R) Core(TM) i7-1255U,12,15.68,Windows-10-10.0.26200-SP0,3.11.15,2.4.6,1.17.1,4.12.2,0.48.4,5.0.0,2.13.0+cpu,fd20710,10,False,,"(9, 6, 2)",2026-08-27T20:00:09+00:00,,
a3_refine_quality,707,refinement,pointmap_sheet,room,0.002,0,0,2,0.01,fraction_of_unit_bbox_diagonal,100000,0.0016,15,1,20000,388,0,0.001703,0.003225,1.0,1.0,1.0,0.83825,True,1,ok,20000,1,388,0,False,0.001685,0.003198,1.0,1.0,1.0,0.84058,-1.8e-05,True,0.00233,0,12th Gen Intel(R) Core(TM) i7-1255U,12,15.68,Windows-10-10.0.26200-SP0,3.11.15,2.4.6,1.17.1,4.12.2,0.48.4,5.0.0,2.13.0+cpu,fd20710,10,False,,"(9, 6, 2)",2026-08-27T20:00:09+00:00,,
a3_refine_quality,708,refinement,pointmap_sheet,object,0.002,0,5,0,0.01,fraction_of_unit_bbox_diagonal,100000,0.0016,15,6,20400,388,0,0.006371,0.00392,0.9653,1.0,0.9823,0.82508,False,6,ok,20783,6,5,0,False,0.006363,0.023282,0.8096,1.0,0.8948,0.96369,-8e-06,True,0.13861,0,12th Gen Intel(R) Core(TM) i7-1255U,12,15.68,Windows-10-10.0.26200-SP0,3.11.15,2.4.6,1.17.1,4.12.2,0.48.4,5.0.0,2.13.0+cpu,fd20710,10,False,,"(9, 6, 2)",2026-08-27T20:00:09+00:00,,
a3_refine_quality,709,refinement,pointmap_sheet,room,0.002,0,5,0,0.01,fraction_of_unit_bbox_diagonal,100000,0.0016,15,6,20400,388,0,0.006371,0.00392,0.9653,1.0,0.9823,0.82508,True,1,ok,20000,1,388,0,False,0.001688,0.003231,1.0,1.0,1.0,0.84067,-0.004683,True,0.01559,5,12th Gen Intel(R) Core(TM) i7-1255U,12,15.68,Windows-10-10.0.26200-SP0,3.11.15,2.4.6,1.17.1,4.12.2,0.48.4,5.0.0,2.13.0+cpu,fd20710,10,False,,"(9, 6, 2)",2026-08-27T20:00:09+00:00,,
a3_refine_quality,710,refinement,pointmap_sheet,object,0.002,0,5,1,0.01,fraction_of_unit_bbox_diagonal,100000,0.0016,15,6,20400,388,0,0.00665,0.00387,0.9647,1.0,0.982,0.82672,False,6,ok,20400,6,388,0,False,0.007364,0.003141,0.9577,1.0,0.9784,0.95915,0.000714,False,0.13243,0,12th Gen Intel(R) Core(TM) i7-1255U,12,15.68,Windows-10-10.0.26200-SP0,3.11.15,2.4.6,1.17.1,4.12.2,0.48.4,5.0.0,2.13.0+cpu,fd20710,10,False,,"(9, 6, 2)",2026-08-27T20:00:09+00:00,,
a3_refine_quality,711,refinement,pointmap_sheet,room,0.002,0,5,1,0.01,fraction_of_unit_bbox_diagonal,100000,0.0016,15,6,20400,388,0,0.00665,0.00387,0.9647,1.0,0.982,0.82672,True,1,ok,20000,1,388,0,False,0.001685,0.003215,1.0,1.0,1.0,0.84232,-0.004965,True,0.0156,5,12th Gen Intel(R) Core(TM) i7-1255U,12,15.68,Windows-10-10.0.26200-SP0,3.11.15,2.4.6,1.17.1,4.12.2,0.48.4,5.0.0,2.13.0+cpu,fd20710,10,False,,"(9, 6, 2)",2026-08-27T20:00:09+00:00,,
a3_refine_quality,712,refinement,pointmap_sheet,object,0.002,0,5,2,0.01,fraction_of_unit_bbox_diagonal,100000,0.0016,15,6,20400,388,0,0.00708,0.003952,0.963,1.0,0.9812,0.82205,False,6,ok,20784,6,4,0,False,0.006785,0.022054,0.7791,0.9999,0.8758,0.96375,-0.000295,True,0.1417,0,12th Gen Intel(R) Core(TM) i7-1255U,12,15.68,Windows-10-10.0.26200-SP0,3.11.15,2.4.6,1.17.1,4.12.2,0.48.4,5.0.0,2.13.0+cpu,fd20710,10,False,,"(9, 6, 2)",2026-08-27T20:00:09+00:00,,
a3_refine_quality,713,refinement,pointmap_sheet,room,0.002,0,5,2,0.01,fraction_of_unit_bbox_diagonal,100000,0.0016,15,6,20400,388,0,0.00708,0.003952,0.963,1.0,0.9812,0.82205,True,1,ok,20000,1,388,0,False,0.001685,0.003198,1.0,1.0,1.0,0.84058,-0.005395,True,0.01853,5,12th Gen Intel(R) Core(TM) i7-1255U,12,15.68,Windows-10-10.0.26200-SP0,3.11.15,2.4.6,1.17.1,4.12.2,0.48.4,5.0.0,2.13.0+cpu,fd20710,10,False,,"(9, 6, 2)",2026-08-27T20:00:09+00:00,,
a3_refine_quality,714,refinement,pointmap_sheet,object,0.002,0,20,0,0.01,fraction_of_unit_bbox_diagonal,100000,0.0016,15,21,21600,388,0,0.017404,0.268655,0.8729,1.0,0.9321,0.79356,False,21,ok,21983,21,5,0,False,0.013029,0.194941,0.7638,1.0,0.8661,0.93698,-0.004375,True,0.14342,0,12th Gen Intel(R) Core(TM) i7-1255U,12,15.68,Windows-10-10.0.26200-SP0,3.11.15,2.4.6,1.17.1,4.12.2,0.48.4,5.0.0,2.13.0+cpu,fd20710,10,False,,"(9, 6, 2)",2026-08-27T20:00:09+00:00,,
a3_refine_quality,715,refinement,pointmap_sheet,room,0.002,0,20,0,0.01,fraction_of_unit_bbox_diagonal,100000,0.0016,15,21,21600,388,0,0.017404,0.268655,0.8729,1.0,0.9321,0.79356,True,1,ok,20000,1,388,0,False,0.001688,0.003231,1.0,1.0,1.0,0.84067,-0.015716,True,0.04711,20,12th Gen Intel(R) Core(TM) i7-1255U,12,15.68,Windows-10-10.0.26200-SP0,3.11.15,2.4.6,1.17.1,4.12.2,0.48.4,5.0.0,2.13.0+cpu,fd20710,10,False,,"(9, 6, 2)",2026-08-27T20:00:09+00:00,,
a3_refine_quality,716,refinement,pointmap_sheet,object,0.002,0,20,1,0.01,fraction_of_unit_bbox_diagonal,100000,0.0016,15,21,21600,388,0,0.018139,0.307703,0.8715,1.0,0.9313,0.79379,False,21,ok,21986,21,0,0,True,0.014387,0.218854,0.7147,1.0,0.8336,0.9335,-0.003752,True,0.13971,0,12th Gen Intel(R) Core(TM) i7-1255U,12,15.68,Windows-10-10.0.26200-SP0,3.11.15,2.4.6,1.17.1,4.12.2,0.48.4,5.0.0,2.13.0+cpu,fd20710,10,False,,"(9, 6, 2)",2026-08-27T20:00:09+00:00,,
a3_refine_quality,717,refinement,pointmap_sheet,room,0.002,0,20,1,0.01,fraction_of_unit_bbox_diagonal,100000,0.0016,15,21,21600,388,0,0.018139,0.307703,0.8715,1.0,0.9313,0.79379,True,1,ok,20000,1,388,0,False,0.001685,0.003215,1.0,1.0,1.0,0.84232,-0.016454,True,0.04853,20,12th Gen Intel(R) Core(TM) i7-1255U,12,15.68,Windows-10-10.0.26200-SP0,3.11.15,2.4.6,1.17.1,4.12.2,0.48.4,5.0.0,2.13.0+cpu,fd20710,10,False,,"(9, 6, 2)",2026-08-27T20:00:09+00:00,,
a3_refine_quality,718,refinement,pointmap_sheet,object,0.002,0,20,2,0.01,fraction_of_unit_bbox_diagonal,100000,0.0016,15,21,21600,388,0,0.016712,0.31989,0.8756,1.0,0.9337,0.7923,False,21,ok,21984,21,4,0,False,0.013025,0.161253,0.734,0.9999,0.8466,0.93474,-0.003687,True,0.14244,0,12th Gen Intel(R) Core(TM) i7-1255U,12,15.68,Windows-10-10.0.26200-SP0,3.11.15,2.4.6,1.17.1,4.12.2,0.48.4,5.0.0,2.13.0+cpu,fd20710,10,False,,"(9, 6, 2)",2026-08-27T20:00:09+00:00,,
a3_refine_quality,719,refinement,pointmap_sheet,room,0.002,0,20,2,0.01,fraction_of_unit_bbox_diagonal,100000,0.0016,15,21,21600,388,0,0.016712,0.31989,0.8756,1.0,0.9337,0.7923,True,1,ok,20000,1,388,0,False,0.001685,0.003198,1.0,1.0,1.0,0.84058,-0.015027,True,0.04828,20,12th Gen Intel(R) Core(TM) i7-1255U,12,15.68,Windows-10-10.0.26200-SP0,3.11.15,2.4.6,1.17.1,4.12.2,0.48.4,5.0.0,2.13.0+cpu,fd20710,10,False,,"(9, 6, 2)",2026-08-27T20:00:09+00:00,,
a3_refine_quality,720,refinement,pointmap_sheet,object,0.002,5,0,0,0.01,fraction_of_unit_bbox_diagonal,100000,0.0016,15,1,19900,458,0,0.001727,0.003272,1.0,0.9998,0.9999,0.83906,True,1,ok,19900,1,458,0,False,0.001431,0.002506,1.0,0.9998,0.9999,0.97819,-0.000296,True,0.13913,0,12th Gen Intel(R) Core(TM) i7-1255U,12,15.68,Windows-10-10.0.26200-SP0,3.11.15,2.4.6,1.17.1,4.12.2,0.48.4,5.0.0,2.13.0+cpu,fd20710,10,False,,"(9, 6, 2)",2026-08-27T20:00:09+00:00,,
a3_refine_quality,721,refinement,pointmap_sheet,room,0.002,5,0,0,0.01,fraction_of_unit_bbox_diagonal,100000,0.0016,15,1,19900,458,0,0.001727,0.003272,1.0,0.9998,0.9999,0.83906,True,1,ok,19900,1,458,0,False,0.001698,0.003243,1.0,0.9998,0.9999,0.84136,-2.9e-05,True,0.0023,0,12th Gen Intel(R) Core(TM) i7-1255U,12,15.68,Windows-10-10.0.26200-SP0,3.11.15,2.4.6,1.17.1,4.12.2,0.48.4,5.0.0,2.13.0+cpu,fd20710,10,False,,"(9, 6, 2)",2026-08-27T20:00:09+00:00,,
a3_refine_quality,722,refinement,pointmap_sheet,object,0.002,5,0,1,0.01,fraction_of_unit_bbox_diagonal,100000,0.0016,15,1,19900,464,0,0.001703,0.003214,1.0,0.9996,0.9998,0.8392,True,1,ok,19900,1,464,0,False,0.001424,0.002508,1.0,0.9996,0.9998,0.97981,-0.000279,True,0.14061,0,12th Gen Intel(R) Core(TM) i7-1255U,12,15.68,Windows-10-10.0.26200-SP0,3.11.15,2.4.6,1.17.1,4.12.2,0.48.4,5.0.0,2.13.0+cpu,fd20710,10,False,,"(9, 6, 2)",2026-08-27T20:00:09+00:00,,
a3_refine_quality,723,refinement,pointmap_sheet,room,0.002,5,0,1,0.01,fraction_of_unit_bbox_diagonal,100000,0.0016,15,1,19900,464,0,0.001703,0.003214,1.0,0.9996,0.9998,0.8392,True,1,ok,19900,1,464,0,False,0.001689,0.00321,1.0,0.9996,0.9998,0.84335,-1.4e-05,True,0.00415,0,12th Gen Intel(R) Core(TM) i7-1255U,12,15.68,Windows-10-10.0.26200-SP0,3.11.15,2.4.6,1.17.1,4.12.2,0.48.4,5.0.0,2.13.0+cpu,fd20710,10,False,,"(9, 6, 2)",2026-08-27T20:00:09+00:00,,
a3_refine_quality,724,refinement,pointmap_sheet,object,0.002,5,0,2,0.01,fraction_of_unit_bbox_diagonal,100000,0.0016,15,1,19900,458,0,0.001715,0.003252,1.0,1.0,1.0,0.83552,True,1,ok,19900,1,458,0,False,0.001428,0.002513,1.0,1.0,1.0,0.97804,-0.000287,True,0.14252,0,12th Gen Intel(R) Core(TM) i7-1255U,12,15.68,Windows-10-10.0.26200-SP0,3.11.15,2.4.6,1.17.1,4.12.2,0.48.4,5.0.0,2.13.0+cpu,fd20710,10,False,,"(9, 6, 2)",2026-08-27T20:00:09+00:00,,
a3_refine_quality,725,refinement,pointmap_sheet,room,0.002,5,0,2,0.01,fraction_of_unit_bbox_diagonal,100000,0.0016,15,1,19900,458,0,0.001715,0.003252,1.0,1.0,1.0,0.83552,True,1,ok,19900,1,458,0,False,0.001698,0.003206,1.0,1.0,1.0,0.84267,-1.7e-05,True,0.00715,0,12th Gen Intel(R) Core(TM) i7-1255U,12,15.68,Windows-10-10.0.26200-SP0,3.11.15,2.4.6,1.17.1,4.12.2,0.48.4,5.0.0,2.13.0+cpu,fd20710,10,False,,"(9, 6, 2)",2026-08-27T20:00:09+00:00,,
a3_refine_quality,726,refinement,pointmap_sheet,object,0.002,5,5,0,0.01,fraction_of_unit_bbox_diagonal,100000,0.0016,15,6,20300,458,0,0.00729,0.003897,0.9651,0.9998,0.9821,0.82563,False,6,ok,20740,6,10,0,False,0.006911,0.023233,0.8085,0.9999,0.8941,0.964,-0.000379,True,0.13837,0,12th Gen Intel(R) Core(TM) i7-1255U,12,15.68,Windows-10-10.0.26200-SP0,3.11.15,2.4.6,1.17.1,4.12.2,0.48.4,5.0.0,2.13.0+cpu,fd20710,10,False,,"(9, 6, 2)",2026-08-27T20:00:09+00:00,,
a3_refine_quality,727,refinement,pointmap_sheet,room,0.002,5,5,0,0.01,fraction_of_unit_bbox_diagonal,100000,0.0016,15,6,20300,458,0,0.00729,0.003897,0.9651,0.9998,0.9821,0.82563,True,1,ok,19900,1,458,0,False,0.001698,0.003243,1.0,0.9998,0.9999,0.84136,-0.005592,True,0.01573,5,12th Gen Intel(R) Core(TM) i7-1255U,12,15.68,Windows-10-10.0.26200-SP0,3.11.15,2.4.6,1.17.1,4.12.2,0.48.4,5.0.0,2.13.0+cpu,fd20710,10,False,,"(9, 6, 2)",2026-08-27T20:00:09+00:00,,
a3_refine_quality,728,refinement,pointmap_sheet,object,0.002,5,5,1,0.01,fraction_of_unit_bbox_diagonal,100000,0.0016,15,6,20300,464,0,0.005438,0.003894,0.9645,0.9996,0.9818,0.82734,False,6,ok,20359,6,401,0,False,0.005871,0.003139,0.9574,1.0,0.9782,0.9588,0.000433,False,0.13146,0,12th Gen Intel(R) Core(TM) i7-1255U,12,15.68,Windows-10-10.0.26200-SP0,3.11.15,2.4.6,1.17.1,4.12.2,0.48.4,5.0.0,2.13.0+cpu,fd20710,10,False,,"(9, 6, 2)",2026-08-27T20:00:09+00:00,,
a3_refine_quality,729,refinement,pointmap_sheet,room,0.002,5,5,1,0.01,fraction_of_unit_bbox_diagonal,100000,0.0016,15,6,20300,464,0,0.005438,0.003894,0.9645,0.9996,0.9818,0.82734,True,1,ok,19900,1,464,0,False,0.001689,0.00321,1.0,0.9996,0.9998,0.84335,-0.003749,True,0.01601,5,12th Gen Intel(R) Core(TM) i7-1255U,12,15.68,Windows-10-10.0.26200-SP0,3.11.15,2.4.6,1.17.1,4.12.2,0.48.4,5.0.0,2.13.0+cpu,fd20710,10,False,,"(9, 6, 2)",2026-08-27T20:00:09+00:00,,
a3_refine_quality,730,refinement,pointmap_sheet,object,0.002,5,5,2,0.01,fraction_of_unit_bbox_diagonal,100000,0.0016,15,6,20300,458,0,0.008002,0.003973,0.9628,0.9999,0.981,0.82502,False,6,ok,20744,6,4,0,False,0.007267,0.02205,0.7808,0.9999,0.8769,0.96329,-0.000735,True,0.13827,0,12th Gen Intel(R) Core(TM) i7-1255U,12,15.68,Windows-10-10.0.26200-SP0,3.11.15,2.4.6,1.17.1,4.12.2,0.48.4,5.0.0,2.13.0+cpu,fd20710,10,False,,"(9, 6, 2)",2026-08-27T20:00:09+00:00,,
a3_refine_quality,731,refinement,pointmap_sheet,room,0.002,5,5,2,0.01,fraction_of_unit_bbox_diagonal,100000,0.0016,15,6,20300,458,0,0.008002,0.003973,0.9628,0.9999,0.981,0.82502,True,1,ok,19900,1,458,0,False,0.001698,0.003206,1.0,1.0,1.0,0.84267,-0.006304,True,0.01765,5,12th Gen Intel(R) Core(TM) i7-1255U,12,15.68,Windows-10-10.0.26200-SP0,3.11.15,2.4.6,1.17.1,4.12.2,0.48.4,5.0.0,2.13.0+cpu,fd20710,10,False,,"(9, 6, 2)",2026-08-27T20:00:09+00:00,,
a3_refine_quality,732,refinement,pointmap_sheet,object,0.002,5,20,0,0.01,fraction_of_unit_bbox_diagonal,100000,0.0016,15,21,21500,458,0,0.020108,0.299427,0.8712,0.9998,0.9311,0.79268,False,21,ok,21940,21,10,0,False,0.014727,0.247076,0.7627,1.0,0.8654,0.93626,-0.005381,True,0.14358,0,12th Gen Intel(R) Core(TM) i7-1255U,12,15.68,Windows-10-10.0.26200-SP0,3.11.15,2.4.6,1.17.1,4.12.2,0.48.4,5.0.0,2.13.0+cpu,fd20710,10,False,,"(9, 6, 2)",2026-08-27T20:00:09+00:00,,
a3_refine_quality,733,refinement,pointmap_sheet,room,0.002,5,20,0,0.01,fraction_of_unit_bbox_diagonal,100000,0.0016,15,21,21500,458,0,0.020108,0.299427,0.8712,0.9998,0.9311,0.79268,True,1,ok,19900,1,458,0,False,0.001698,0.003243,1.0,0.9998,0.9999,0.84136,-0.01841,True,0.04868,20,12th Gen Intel(R) Core(TM) i7-1255U,12,15.68,Windows-10-10.0.26200-SP0,3.11.15,2.4.6,1.17.1,4.12.2,0.48.4,5.0.0,2.13.0+cpu,fd20710,10,False,,"(9, 6, 2)",2026-08-27T20:00:09+00:00,,
a3_refine_quality,734,refinement,pointmap_sheet,object,0.002,5,20,1,0.01,fraction_of_unit_bbox_diagonal,100000,0.0016,15,21,21500,464,0,0.017779,0.310955,0.8709,0.9996,0.9308,0.79532,False,21,ok,21945,21,13,0,False,0.013979,0.2201,0.7138,1.0,0.833,0.93269,-0.0038,True,0.13737,0,12th Gen Intel(R) Core(TM) i7-1255U,12,15.68,Windows-10-10.0.26200-SP0,3.11.15,2.4.6,1.17.1,4.12.2,0.48.4,5.0.0,2.13.0+cpu,fd20710,10,False,,"(9, 6, 2)",2026-08-27T20:00:09+00:00,,
a3_refine_quality,735,refinement,pointmap_sheet,room,0.002,5,20,1,0.01,fraction_of_unit_bbox_diagonal,100000,0.0016,15,21,21500,464,0,0.017779,0.310955,0.8709,0.9996,0.9308,0.79532,True,1,ok,19900,1,464,0,False,0.001689,0.00321,1.0,0.9996,0.9998,0.84335,-0.01609,True,0.04803,20,12th Gen Intel(R) Core(TM) i7-1255U,12,15.68,Windows-10-10.0.26200-SP0,3.11.15,2.4.6,1.17.1,4.12.2,0.48.4,5.0.0,2.13.0+cpu,fd20710,10,False,,"(9, 6, 2)",2026-08-27T20:00:09+00:00,,
a3_refine_quality,736,refinement,pointmap_sheet,object,0.002,5,20,2,0.01,fraction_of_unit_bbox_diagonal,100000,0.0016,15,21,21500,458,0,0.020025,0.363596,0.8709,1.0,0.931,0.7917,False,21,ok,21944,21,4,0,False,0.01517,0.242221,0.7317,0.9999,0.845,0.93523,-0.004855,True,0.14353,0,12th Gen Intel(R) Core(TM) i7-1255U,12,15.68,Windows-10-10.0.26200-SP0,3.11.15,2.4.6,1.17.1,4.12.2,0.48.4,5.0.0,2.13.0+cpu,fd20710,10,False,,"(9, 6, 2)",2026-08-27T20:00:09+00:00,,
a3_refine_quality,737,refinement,pointmap_sheet,room,0.002,5,20,2,0.01,fraction_of_unit_bbox_diagonal,100000,0.0016,15,21,21500,458,0,0.020025,0.363596,0.8709,1.0,0.931,0.7917,True,1,ok,19900,1,458,0,False,0.001698,0.003206,1.0,1.0,1.0,0.84267,-0.018327,True,0.05097,20,12th Gen Intel(R) Core(TM) i7-1255U,12,15.68,Windows-10-10.0.26200-SP0,3.11.15,2.4.6,1.17.1,4.12.2,0.48.4,5.0.0,2.13.0+cpu,fd20710,10,False,,"(9, 6, 2)",2026-08-27T20:00:09+00:00,,
a3_refine_quality,738,refinement,pointmap_sheet,object,0.002,20,0,0,0.01,fraction_of_unit_bbox_diagonal,100000,0.0016,15,1,19602,662,0,0.001741,0.003259,1.0,0.9992,0.9996,0.83585,True,1,ok,19602,1,662,0,False,0.001458,0.002606,1.0,0.9993,0.9997,0.97678,-0.000283,True,0.14093,0,12th Gen Intel(R) Core(TM) i7-1255U,12,15.68,Windows-10-10.0.26200-SP0,3.11.15,2.4.6,1.17.1,4.12.2,0.48.4,5.0.0,2.13.0+cpu,fd20710,10,False,,"(9, 6, 2)",2026-08-27T20:00:09+00:00,,
a3_refine_quality,739,refinement,pointmap_sheet,room,0.002,20,0,0,0.01,fraction_of_unit_bbox_diagonal,100000,0.0016,15,1,19602,662,0,0.001741,0.003259,1.0,0.9992,0.9996,0.83585,True,1,ok,19602,1,662,0,False,0.001717,0.003228,1.0,0.9994,0.9997,0.84374,-2.4e-05,True,0.00789,0,12th Gen Intel(R) Core(TM) i7-1255U,12,15.68,Windows-10-10.0.26200-SP0,3.11.15,2.4.6,1.17.1,4.12.2,0.48.4,5.0.0,2.13.0+cpu,fd20710,10,False,,"(9, 6, 2)",2026-08-27T20:00:09+00:00,,
a3_refine_quality,740,refinement,pointmap_sheet,object,0.002,20,0,1,0.01,fraction_of_unit_bbox_diagonal,100000,0.0016,15,1,19606,664,0,0.001726,0.003237,1.0,0.9994,0.9997,0.83713,True,1,ok,19606,1,664,0,False,0.001445,0.002575,1.0,0.9995,0.9998,0.97727,-0.000281,True,0.14014,0,12th Gen Intel(R) Core(TM) i7-1255U,12,15.68,Windows-10-10.0.26200-SP0,3.11.15,2.4.6,1.17.1,4.12.2,0.48.4,5.0.0,2.13.0+cpu,fd20710,10,False,,"(9, 6, 2)",2026-08-27T20:00:09+00:00,,
a3_refine_quality,741,refinement,pointmap_sheet,room,0.002,20,0,1,0.01,fraction_of_unit_bbox_diagonal,100000,0.0016,15,1,19606,664,0,0.001726,0.003237,1.0,0.9994,0.9997,0.83713,True,1,ok,19606,1,664,0,False,0.001709,0.003216,1.0,0.9995,0.9997,0.84148,-1.7e-05,True,0.00435,0,12th Gen Intel(R) Core(TM) i7-1255U,12,15.68,Windows-10-10.0.26200-SP0,3.11.15,2.4.6,1.17.1,4.12.2,0.48.4,5.0.0,2.13.0+cpu,fd20710,10,False,,"(9, 6, 2)",2026-08-27T20:00:09+00:00,,
a3_refine_quality,742,refinement,pointmap_sheet,object,0.002,20,0,2,0.01,fraction_of_unit_bbox_diagonal,100000,0.0016,15,1,19600,678,0,0.001731,0.003231,1.0,0.9991,0.9996,0.83534,True,1,ok,19600,1,678,0,False,0.001454,0.002607,1.0,0.9992,0.9996,0.97686,-0.000277,True,0.14152,0,12th Gen Intel(R) Core(TM) i7-1255U,12,15.68,Windows-10-10.0.26200-SP0,3.11.15,2.4.6,1.17.1,4.12.2,0.48.4,5.0.0,2.13.0+cpu,fd20710,10,False,,"(9, 6, 2)",2026-08-27T20:00:09+00:00,,
a3_refine_quality,743,refinement,pointmap_sheet,room,0.002,20,0,2,0.01,fraction_of_unit_bbox_diagonal,100000,0.0016,15,1,19600,678,0,0.001731,0.003231,1.0,0.9991,0.9996,0.83534,True,1,ok,19600,1,678,0,False,0.001716,0.003219,1.0,0.9993,0.9996,0.84287,-1.5e-05,True,0.00753,0,12th Gen Intel(R) Core(TM) i7-1255U,12,15.68,Windows-10-10.0.26200-SP0,3.11.15,2.4.6,1.17.1,4.12.2,0.48.4,5.0.0,2.13.0+cpu,fd20710,10,False,,"(9, 6, 2)",2026-08-27T20:00:09+00:00,,
a3_refine_quality,744,refinement,pointmap_sheet,object,0.002,20,5,0,0.01,fraction_of_unit_bbox_diagonal,100000,0.0016,15,6,20002,662,0,0.00585,0.003939,0.9644,0.9992,0.9815,0.8254,False,6,ok,20193,6,455,0,False,0.006284,0.003162,0.9581,0.9999,0.9785,0.95753,0.000434,False,0.13213,0,12th Gen Intel(R) Core(TM) i7-1255U,12,15.68,Windows-10-10.0.26200-SP0,3.11.15,2.4.6,1.17.1,4.12.2,0.48.4,5.0.0,2.13.0+cpu,fd20710,10,False,,"(9, 6, 2)",2026-08-27T20:00:09+00:00,,
a3_refine_quality,745,refinement,pointmap_sheet,room,0.002,20,5,0,0.01,fraction_of_unit_bbox_diagonal,100000,0.0016,15,6,20002,662,0,0.00585,0.003939,0.9644,0.9992,0.9815,0.8254,True,1,ok,19602,1,662,0,False,0.001717,0.003228,1.0,0.9994,0.9997,0.84374,-0.004133,True,0.01834,5,12th Gen Intel(R) Core(TM) i7-1255U,12,15.68,Windows-10-10.0.26200-SP0,3.11.15,2.4.6,1.17.1,4.12.2,0.48.4,5.0.0,2.13.0+cpu,fd20710,10,False,,"(9, 6, 2)",2026-08-27T20:00:09+00:00,,
a3_refine_quality,746,refinement,pointmap_sheet,object,0.002,20,5,1,0.01,fraction_of_unit_bbox_diagonal,100000,0.0016,15,6,20006,664,0,0.005297,0.003896,0.964,0.9995,0.9814,0.82502,False,6,ok,20224,6,428,0,False,0.005527,0.003182,0.9574,1.0,0.9782,0.95914,0.00023,False,0.13412,0,12th Gen Intel(R) Core(TM) i7-1255U,12,15.68,Windows-10-10.0.26200-SP0,3.11.15,2.4.6,1.17.1,4.12.2,0.48.4,5.0.0,2.13.0+cpu,fd20710,10,False,,"(9, 6, 2)",2026-08-27T20:00:09+00:00,,
a3_refine_quality,747,refinement,pointmap_sheet,room,0.002,20,5,1,0.01,fraction_of_unit_bbox_diagonal,100000,0.0016,15,6,20006,664,0,0.005297,0.003896,0.964,0.9995,0.9814,0.82502,True,1,ok,19606,1,664,0,False,0.001709,0.003216,1.0,0.9995,0.9997,0.84148,-0.003588,True,0.01646,5,12th Gen Intel(R) Core(TM) i7-1255U,12,15.68,Windows-10-10.0.26200-SP0,3.11.15,2.4.6,1.17.1,4.12.2,0.48.4,5.0.0,2.13.0+cpu,fd20710,10,False,,"(9, 6, 2)",2026-08-27T20:00:09+00:00,,
a3_refine_quality,748,refinement,pointmap_sheet,object,0.002,20,5,2,0.01,fraction_of_unit_bbox_diagonal,100000,0.0016,15,6,20000,678,0,0.006327,0.003987,0.9623,0.9992,0.9804,0.8251,False,6,ok,20606,6,60,3,False,0.006121,0.020158,0.7965,0.9995,0.8865,0.96407,-0.000206,True,0.13897,0,12th Gen Intel(R) Core(TM) i7-1255U,12,15.68,Windows-10-10.0.26200-SP0,3.11.15,2.4.6,1.17.1,4.12.2,0.48.4,5.0.0,2.13.0+cpu,fd20710,10,False,,"(9, 6, 2)",2026-08-27T20:00:09+00:00,,
a3_refine_quality,749,refinement,pointmap_sheet,room,0.002,20,5,2,0.01,fraction_of_unit_bbox_diagonal,100000,0.0016,15,6,20000,678,0,0.006327,0.003987,0.9623,0.9992,0.9804,0.8251,True,1,ok,19600,1,678,0,False,0.001716,0.003219,1.0,0.9993,0.9996,0.84287,-0.004611,True,0.01777,5,12th Gen Intel(R) Core(TM) i7-1255U,12,15.68,Windows-10-10.0.26200-SP0,3.11.15,2.4.6,1.17.1,4.12.2,0.48.4,5.0.0,2.13.0+cpu,fd20710,10,False,,"(9, 6, 2)",2026-08-27T20:00:09+00:00,,
a3_refine_quality,750,refinement,pointmap_sheet,object,0.002,20,20,0,0.01,fraction_of_unit_bbox_diagonal,100000,0.0016,15,21,21202,662,0,0.020386,0.293384,0.8694,0.9993,0.9298,0.79227,False,21,ok,21794,21,54,6,False,0.015042,0.249228,0.7619,0.9998,0.8648,0.93552,-0.005344,True,0.14325,0,12th Gen Intel(R) Core(TM) i7-1255U,12,15.68,Windows-10-10.0.26200-SP0,3.11.15,2.4.6,1.17.1,4.12.2,0.48.4,5.0.0,2.13.0+cpu,fd20710,10,False,,"(9, 6, 2)",2026-08-27T20:00:09+00:00,,
a3_refine_quality,751,refinement,pointmap_sheet,room,0.002,20,20,0,0.01,fraction_of_unit_bbox_diagonal,100000,0.0016,15,21,21202,662,0,0.020386,0.293384,0.8694,0.9993,0.9298,0.79227,True,1,ok,19602,1,662,0,False,0.001717,0.003228,1.0,0.9994,0.9997,0.84374,-0.018669,True,0.05147,20,12th Gen Intel(R) Core(TM) i7-1255U,12,15.68,Windows-10-10.0.26200-SP0,3.11.15,2.4.6,1.17.1,4.12.2,0.48.4,5.0.0,2.13.0+cpu,fd20710,10,False,,"(9, 6, 2)",2026-08-27T20:00:09+00:00,,
a3_refine_quality,752,refinement,pointmap_sheet,object,0.002,20,20,1,0.01,fraction_of_unit_bbox_diagonal,100000,0.0016,15,21,21206,664,0,0.019935,0.327614,0.8694,0.9993,0.9298,0.79375,False,21,ok,21810,21,40,0,False,0.015182,0.273195,0.715,1.0,0.8338,0.93291,-0.004753,True,0.13916,0,12th Gen Intel(R) Core(TM) i7-1255U,12,15.68,Windows-10-10.0.26200-SP0,3.11.15,2.4.6,1.17.1,4.12.2,0.48.4,5.0.0,2.13.0+cpu,fd20710,10,False,,"(9, 6, 2)",2026-08-27T20:00:09+00:00,,
a3_refine_quality,753,refinement,pointmap_sheet,room,0.002,20,20,1,0.01,fraction_of_unit_bbox_diagonal,100000,0.0016,15,21,21206,664,0,0.019935,0.327614,0.8694,0.9993,0.9298,0.79375,True,1,ok,19606,1,664,0,False,0.001709,0.003216,1.0,0.9995,0.9997,0.84148,-0.018226,True,0.04773,20,12th Gen Intel(R) Core(TM) i7-1255U,12,15.68,Windows-10-10.0.26200-SP0,3.11.15,2.4.6,1.17.1,4.12.2,0.48.4,5.0.0,2.13.0+cpu,fd20710,10,False,,"(9, 6, 2)",2026-08-27T20:00:09+00:00,,
a3_refine_quality,754,refinement,pointmap_sheet,object,0.002,20,20,2,0.01,fraction_of_unit_bbox_diagonal,100000,0.0016,15,21,21200,678,0,0.018162,0.284121,0.8716,0.9991,0.931,0.7906,False,21,ok,21806,21,60,3,False,0.013477,0.147544,0.7508,0.9995,0.8575,0.93549,-0.004685,True,0.14489,0,12th Gen Intel(R) Core(TM) i7-1255U,12,15.68,Windows-10-10.0.26200-SP0,3.11.15,2.4.6,1.17.1,4.12.2,0.48.4,5.0.0,2.13.0+cpu,fd20710,10,False,,"(9, 6, 2)",2026-08-27T20:00:09+00:00,,
a3_refine_quality,755,refinement,pointmap_sheet,room,0.002,20,20,2,0.01,fraction_of_unit_bbox_diagonal,100000,0.0016,15,21,21200,678,0,0.018162,0.284121,0.8716,0.9991,0.931,0.7906,True,1,ok,19600,1,678,0,False,0.001716,0.003219,1.0,0.9993,0.9996,0.84287,-0.016446,True,0.05227,20,12th Gen Intel(R) Core(TM) i7-1255U,12,15.68,Windows-10-10.0.26200-SP0,3.11.15,2.4.6,1.17.1,4.12.2,0.48.4,5.0.0,2.13.0+cpu,fd20710,10,False,,"(9, 6, 2)",2026-08-27T20:00:09+00:00,,
a3_refine_quality,756,refinement,pointmap_sheet,object,0.005,0,0,0,0.01,fraction_of_unit_bbox_diagonal,100000,0.0016,15,1,20000,388,0,0.002901,0.007545,0.9894,1.0,0.9947,0.61587,True,1,ok,20000,1,388,0,False,0.002193,0.00459,0.9994,1.0,0.9997,0.8826,-0.000708,True,0.26673,0,12th Gen Intel(R) Core(TM) i7-1255U,12,15.68,Windows-10-10.0.26200-SP0,3.11.15,2.4.6,1.17.1,4.12.2,0.48.4,5.0.0,2.13.0+cpu,fd20710,10,False,,"(9, 6, 2)",2026-08-27T20:00:09+00:00,,
a3_refine_quality,757,refinement,pointmap_sheet,room,0.005,0,0,0,0.01,fraction_of_unit_bbox_diagonal,100000,0.0016,15,1,20000,388,0,0.002901,0.007545,0.9894,1.0,0.9947,0.61587,True,1,ok,20000,1,388,0,False,0.002894,0.007534,0.99,1.0,0.995,0.61301,-7e-06,True,-0.00286,0,12th Gen Intel(R) Core(TM) i7-1255U,12,15.68,Windows-10-10.0.26200-SP0,3.11.15,2.4.6,1.17.1,4.12.2,0.48.4,5.0.0,2.13.0+cpu,fd20710,10,False,,"(9, 6, 2)",2026-08-27T20:00:09+00:00,,
a3_refine_quality,758,refinement,pointmap_sheet,object,0.005,0,0,1,0.01,fraction_of_unit_bbox_diagonal,100000,0.0016,15,1,20000,388,0,0.002859,0.00745,0.9902,1.0,0.9951,0.6174,True,1,ok,20000,1,388,0,False,0.002177,0.004543,0.999,1.0,0.9995,0.88893,-0.000682,True,0.27153,0,12th Gen Intel(R) Core(TM) i7-1255U,12,15.68,Windows-10-10.0.26200-SP0,3.11.15,2.4.6,1.17.1,4.12.2,0.48.4,5.0.0,2.13.0+cpu,fd20710,10,False,,"(9, 6, 2)",2026-08-27T20:00:09+00:00,,
a3_refine_quality,759,refinement,pointmap_sheet,room,0.005,0,0,1,0.01,fraction_of_unit_bbox_diagonal,100000,0.0016,15,1,20000,388,0,0.002859,0.00745,0.9902,1.0,0.9951,0.6174,True,1,ok,20000,1,388,0,False,0.00286,0.00745,0.9901,1.0,0.995,0.61771,1e-06,False,0.00031,0,12th Gen Intel(R) Core(TM) i7-1255U,12,15.68,Windows-10-10.0.26200-SP0,3.11.15,2.4.6,1.17.1,4.12.2,0.48.4,5.0.0,2.13.0+cpu,fd20710,10,False,,"(9, 6, 2)",2026-08-27T20:00:09+00:00,,
a3_refine_quality,760,refinement,pointmap_sheet,object,0.005,0,0,2,0.01,fraction_of_unit_bbox_diagonal,100000,0.0016,15,1,20000,388,0,0.002894,0.007429,0.9908,1.0,0.9953,0.61603,True,1,ok,20000,1,388,0,False,0.002189,0.004635,0.9995,1.0,0.9998,0.88446,-0.000705,True,0.26843,0,12th Gen Intel(R) Core(TM) i7-1255U,12,15.68,Windows-10-10.0.26200-SP0,3.11.15,2.4.6,1.17.1,4.12.2,0.48.4,5.0.0,2.13.0+cpu,fd20710,10,False,,"(9, 6, 2)",2026-08-27T20:00:09+00:00,,
a3_refine_quality,761,refinement,pointmap_sheet,room,0.005,0,0,2,0.01,fraction_of_unit_bbox_diagonal,100000,0.0016,15,1,20000,388,0,0.002894,0.007429,0.9908,1.0,0.9953,0.61603,True,1,ok,20000,1,388,0,False,0.00289,0.007417,0.9911,0.9999,0.9955,0.61683,-4e-06,True,0.0008,0,12th Gen Intel(R) Core(TM) i7-1255U,12,15.68,Windows-10-10.0.26200-SP0,3.11.15,2.4.6,1.17.1,4.12.2,0.48.4,5.0.0,2.13.0+cpu,fd20710,10,False,,"(9, 6, 2)",2026-08-27T20:00:09+00:00,,
a3_refine_quality,762,refinement,pointmap_sheet,object,0.005,0,5,0,0.01,fraction_of_unit_bbox_diagonal,100000,0.0016,15,6,20400,388,0,0.005057,0.008145,0.974,1.0,0.9868,0.61248,False,6,ok,20697,6,91,0,False,0.007107,0.006092,0.9622,1.0,0.9807,0.86847,0.00205,False,0.25599,0,12th Gen Intel(R) Core(TM) i7-1255U,12,15.68,Windows-10-10.0.26200-SP0,3.11.15,2.4.6,1.17.1,4.12.2,0.48.4,5.0.0,2.13.0+cpu,fd20710,10,False,,"(9, 6, 2)",2026-08-27T20:00:09+00:00,,
a3_refine_quality,763,refinement,pointmap_sheet,room,0.005,0,5,0,0.01,fraction_of_unit_bbox_diagonal,100000,0.0016,15,6,20400,388,0,0.005057,0.008145,0.974,1.0,0.9868,0.61248,True,1,ok,20000,1,388,0,False,0.002894,0.007534,0.99,1.0,0.995,0.61301,-0.002163,True,0.00053,5,12th Gen Intel(R) Core(TM) i7-1255U,12,15.68,Windows-10-10.0.26200-SP0,3.11.15,2.4.6,1.17.1,4.12.2,0.48.4,5.0.0,2.13.0+cpu,fd20710,10,False,,"(9, 6, 2)",2026-08-27T20:00:09+00:00,,
a3_refine_quality,764,refinement,pointmap_sheet,object,0.005,0,5,1,0.01,fraction_of_unit_bbox_diagonal,100000,0.0016,15,6,20400,388,0,0.005193,0.008131,0.9738,1.0,0.9867,0.61199,False,6,ok,20400,6,388,0,False,0.007471,0.005946,0.9614,1.0,0.9803,0.8748,0.002278,False,0.26281,0,12th Gen Intel(R) Core(TM) i7-1255U,12,15.68,Windows-10-10.0.26200-SP0,3.11.15,2.4.6,1.17.1,4.12.2,0.48.4,5.0.0,2.13.0+cpu,fd20710,10,False,,"(9, 6, 2)",2026-08-27T20:00:09+00:00,,
a3_refine_quality,765,refinement,pointmap_sheet,room,0.005,0,5,1,0.01,fraction_of_unit_bbox_diagonal,100000,0.0016,15,6,20400,388,0,0.005193,0.008131,0.9738,1.0,0.9867,0.61199,True,1,ok,20000,1,388,0,False,0.00286,0.00745,0.9901,1.0,0.995,0.61771,-0.002333,True,0.00572,5,12th Gen Intel(R) Core(TM) i7-1255U,12,15.68,Windows-10-10.0.26200-SP0,3.11.15,2.4.6,1.17.1,4.12.2,0.48.4,5.0.0,2.13.0+cpu,fd20710,10,False,,"(9, 6, 2)",2026-08-27T20:00:09+00:00,,
a3_refine_quality,766,refinement,pointmap_sheet,object,0.005,0,5,2,0.01,fraction_of_unit_bbox_diagonal,100000,0.0016,15,6,20400,388,0,0.005398,0.008057,0.9738,0.9999,0.9867,0.61457,False,6,ok,20693,6,95,0,False,0.007332,0.005997,0.9608,1.0,0.98,0.8686,0.001934,False,0.25403,0,12th Gen Intel(R) Core(TM) i7-1255U,12,15.68,Windows-10-10.0.26200-SP0,3.11.15,2.4.6,1.17.1,4.12.2,0.48.4,5.0.0,2.13.0+cpu,fd20710,10,False,,"(9, 6, 2)",2026-08-27T20:00:09+00:00,,
a3_refine_quality,767,refinement,pointmap_sheet,room,0.005,0,5,2,0.01,fraction_of_unit_bbox_diagonal,100000,0.0016,15,6,20400,388,0,0.005398,0.008057,0.9738,0.9999,0.9867,0.61457,True,1,ok,20000,1,388,0,False,0.00289,0.007417,0.9911,0.9999,0.9955,0.61683,-0.002508,True,0.00226,5,12th Gen Intel(R) Core(TM) i7-1255U,12,15.68,Windows-10-10.0.26200-SP0,3.11.15,2.4.6,1.17.1,4.12.2,0.48.4,5.0.0,2.13.0+cpu,fd20710,10,False,,"(9, 6, 2)",2026-08-27T20:00:09+00:00,,
a3_refine_quality,768,refinement,pointmap_sheet,object,0.005,0,20,0,0.01,fraction_of_unit_bbox_diagonal,100000,0.0016,15,21,21600,388,0,0.010528,0.145473,0.9282,1.0,0.9628,0.61101,False,21,ok,21897,21,91,0,False,0.018375,0.272492,0.8682,1.0,0.9295,0.83664,0.007847,False,0.22563,0,12th Gen Intel(R) Core(TM) i7-1255U,12,15.68,Windows-10-10.0.26200-SP0,3.11.15,2.4.6,1.17.1,4.12.2,0.48.4,5.0.0,2.13.0+cpu,fd20710,10,False,,"(9, 6, 2)",2026-08-27T20:00:09+00:00,,
a3_refine_quality,769,refinement,pointmap_sheet,room,0.005,0,20,0,0.01,fraction_of_unit_bbox_diagonal,100000,0.0016,15,21,21600,388,0,0.010528,0.145473,0.9282,1.0,0.9628,0.61101,True,1,ok,20000,1,388,0,False,0.002894,0.007534,0.99,1.0,0.995,0.61301,-0.007634,True,0.002,20,12th Gen Intel(R) Core(TM) i7-1255U,12,15.68,Windows-10-10.0.26200-SP0,3.11.15,2.4.6,1.17.1,4.12.2,0.48.4,5.0.0,2.13.0+cpu,fd20710,10,False,,"(9, 6, 2)",2026-08-27T20:00:09+00:00,,
a3_refine_quality,770,refinement,pointmap_sheet,object,0.005,0,20,1,0.01,fraction_of_unit_bbox_diagonal,100000,0.0016,15,21,21600,388,0,0.011038,0.168428,0.9264,1.0,0.9618,0.6079,False,21,ok,21937,21,51,0,False,0.018423,0.307787,0.8521,1.0,0.9201,0.84368,0.007385,False,0.23578,0,12th Gen Intel(R) Core(TM) i7-1255U,12,15.68,Windows-10-10.0.26200-SP0,3.11.15,2.4.6,1.17.1,4.12.2,0.48.4,5.0.0,2.13.0+cpu,fd20710,10,False,,"(9, 6, 2)",2026-08-27T20:00:09+00:00,,
a3_refine_quality,771,refinement,pointmap_sheet,room,0.005,0,20,1,0.01,fraction_of_unit_bbox_diagonal,100000,0.0016,15,21,21600,388,0,0.011038,0.168428,0.9264,1.0,0.9618,0.6079,True,1,ok,20000,1,388,0,False,0.00286,0.00745,0.9901,1.0,0.995,0.61771,-0.008178,True,0.00981,20,12th Gen Intel(R) Core(TM) i7-1255U,12,15.68,Windows-10-10.0.26200-SP0,3.11.15,2.4.6,1.17.1,4.12.2,0.48.4,5.0.0,2.13.0+cpu,fd20710,10,False,,"(9, 6, 2)",2026-08-27T20:00:09+00:00,,
a3_refine_quality,772,refinement,pointmap_sheet,object,0.005,0,20,2,0.01,fraction_of_unit_bbox_diagonal,100000,0.0016,15,21,21600,388,0,0.010215,0.07198,0.9303,0.9999,0.9639,0.606,False,21,ok,21893,21,95,0,False,0.017295,0.319884,0.869,1.0,0.9299,0.83343,0.00708,False,0.22743,0,12th Gen Intel(R) Core(TM) i7-1255U,12,15.68,Windows-10-10.0.26200-SP0,3.11.15,2.4.6,1.17.1,4.12.2,0.48.4,5.0.0,2.13.0+cpu,fd20710,10,False,,"(9, 6, 2)",2026-08-27T20:00:09+00:00,,
a3_refine_quality,773,refinement,pointmap_sheet,room,0.005,0,20,2,0.01,fraction_of_unit_bbox_diagonal,100000,0.0016,15,21,21600,388,0,0.010215,0.07198,0.9303,0.9999,0.9639,0.606,True,1,ok,20000,1,388,0,False,0.00289,0.007417,0.9911,0.9999,0.9955,0.61683,-0.007325,True,0.01083,20,12th Gen Intel(R) Core(TM) i7-1255U,12,15.68,Windows-10-10.0.26200-SP0,3.11.15,2.4.6,1.17.1,4.12.2,0.48.4,5.0.0,2.13.0+cpu,fd20710,10,False,,"(9, 6, 2)",2026-08-27T20:00:09+00:00,,
a3_refine_quality,774,refinement,pointmap_sheet,object,0.005,5,0,0,0.01,fraction_of_unit_bbox_diagonal,100000,0.0016,15,1,19900,458,0,0.002905,0.007518,0.9898,0.9996,0.9946,0.61661,True,1,ok,19900,1,458,0,False,0.002213,0.004636,0.9993,0.9996,0.9995,0.87925,-0.000692,True,0.26264,0,12th Gen Intel(R) Core(TM) i7-1255U,12,15.68,Windows-10-10.0.26200-SP0,3.11.15,2.4.6,1.17.1,4.12.2,0.48.4,5.0.0,2.13.0+cpu,fd20710,10,False,,"(9, 6, 2)",2026-08-27T20:00:09+00:00,,
a3_refine_quality,775,refinement,pointmap_sheet,room,0.005,5,0,0,0.01,fraction_of_unit_bbox_diagonal,100000,0.0016,15,1,19900,458,0,0.002905,0.007518,0.9898,0.9996,0.9946,0.61661,True,1,ok,19900,1,458,0,False,0.002899,0.007527,0.9899,0.9997,0.9948,0.61608,-6e-06,True,-0.00053,0,12th Gen Intel(R) Core(TM) i7-1255U,12,15.68,Windows-10-10.0.26200-SP0,3.11.15,2.4.6,1.17.1,4.12.2,0.48.4,5.0.0,2.13.0+cpu,fd20710,10,False,,"(9, 6, 2)",2026-08-27T20:00:09+00:00,,
a3_refine_quality,776,refinement,pointmap_sheet,object,0.005,5,0,1,0.01,fraction_of_unit_bbox_diagonal,100000,0.0016,15,1,19900,464,0,0.002859,0.007407,0.9906,0.9996,0.9951,0.61754,True,1,ok,19900,1,464,0,False,0.002186,0.004575,0.9989,0.9997,0.9993,0.88701,-0.000673,True,0.26947,0,12th Gen Intel(R) Core(TM) i7-1255U,12,15.68,Windows-10-10.0.26200-SP0,3.11.15,2.4.6,1.17.1,4.12.2,0.48.4,5.0.0,2.13.0+cpu,fd20710,10,False,,"(9, 6, 2)",2026-08-27T20:00:09+00:00,,
a3_refine_quality,777,refinement,pointmap_sheet,room,0.005,5,0,1,0.01,fraction_of_unit_bbox_diagonal,100000,0.0016,15,1,19900,464,0,0.002859,0.007407,0.9906,0.9996,0.9951,0.61754,True,1,ok,19900,1,464,0,False,0.002859,0.007424,0.9906,0.9996,0.995,0.62067,0.0,False,0.00313,0,12th Gen Intel(R) Core(TM) i7-1255U,12,15.68,Windows-10-10.0.26200-SP0,3.11.15,2.4.6,1.17.1,4.12.2,0.48.4,5.0.0,2.13.0+cpu,fd20710,10,False,,"(9, 6, 2)",2026-08-27T20:00:09+00:00,,
a3_refine_quality,778,refinement,pointmap_sheet,object,0.005,5,0,2,0.01,fraction_of_unit_bbox_diagonal,100000,0.0016,15,1,19900,458,0,0.002895,0.007425,0.9906,0.9999,0.9952,0.615,True,1,ok,19900,1,458,0,False,0.002199,0.004678,0.9994,1.0,0.9997,0.88272,-0.000696,True,0.26772,0,12th Gen Intel(R) Core(TM) i7-1255U,12,15.68,Windows-10-10.0.26200-SP0,3.11.15,2.4.6,1.17.1,4.12.2,0.48.4,5.0.0,2.13.0+cpu,fd20710,10,False,,"(9, 6, 2)",2026-08-27T20:00:09+00:00,,
a3_refine_quality,779,refinement,pointmap_sheet,room,0.005,5,0,2,0.01,fraction_of_unit_bbox_diagonal,100000,0.0016,15,1,19900,458,0,0.002895,0.007425,0.9906,0.9999,0.9952,0.615,True,1,ok,19900,1,458,0,False,0.002892,0.00744,0.9909,0.9999,0.9954,0.61685,-3e-06,True,0.00185,0,12th Gen Intel(R) Core(TM) i7-1255U,12,15.68,Windows-10-10.0.26200-SP0,3.11.15,2.4.6,1.17.1,4.12.2,0.48.4,5.0.0,2.13.0+cpu,fd20710,10,False,,"(9, 6, 2)",2026-08-27T20:00:09+00:00,,
a3_refine_quality,780,refinement,pointmap_sheet,object,0.005,5,5,0,0.01,fraction_of_unit_bbox_diagonal,100000,0.0016,15,6,20300,458,0,0.005495,0.008119,0.9738,0.9996,0.9865,0.61603,False,6,ok,20640,6,118,0,False,0.008096,0.006174,0.9621,1.0,0.9807,0.87023,0.002601,False,0.2542,0,12th Gen Intel(R) Core(TM) i7-1255U,12,15.68,Windows-10-10.0.26200-SP0,3.11.15,2.4.6,1.17.1,4.12.2,0.48.4,5.0.0,2.13.0+cpu,fd20710,10,False,,"(9, 6, 2)",2026-08-27T20:00:09+00:00,,
a3_refine_quality,781,refinement,pointmap_sheet,room,0.005,5,5,0,0.01,fraction_of_unit_bbox_diagonal,100000,0.0016,15,6,20300,458,0,0.005495,0.008119,0.9738,0.9996,0.9865,0.61603,True,1,ok,19900,1,458,0,False,0.002899,0.007527,0.9899,0.9997,0.9948,0.61608,-0.002596,True,5e-05,5,12th Gen Intel(R) Core(TM) i7-1255U,12,15.68,Windows-10-10.0.26200-SP0,3.11.15,2.4.6,1.17.1,4.12.2,0.48.4,5.0.0,2.13.0+cpu,fd20710,10,False,,"(9, 6, 2)",2026-08-27T20:00:09+00:00,,
a3_refine_quality,782,refinement,pointmap_sheet,object,0.005,5,5,1,0.01,fraction_of_unit_bbox_diagonal,100000,0.0016,15,6,20300,464,0,0.004637,0.008088,0.9735,0.9996,0.9864,0.61409,False,6,ok,20344,6,418,2,False,0.006189,0.006003,0.9608,1.0,0.98,0.8715,0.001552,False,0.25741,0,12th Gen Intel(R) Core(TM) i7-1255U,12,15.68,Windows-10-10.0.26200-SP0,3.11.15,2.4.6,1.17.1,4.12.2,0.48.4,5.0.0,2.13.0+cpu,fd20710,10,False,,"(9, 6, 2)",2026-08-27T20:00:09+00:00,,
a3_refine_quality,783,refinement,pointmap_sheet,room,0.005,5,5,1,0.01,fraction_of_unit_bbox_diagonal,100000,0.0016,15,6,20300,464,0,0.004637,0.008088,0.9735,0.9996,0.9864,0.61409,True,1,ok,19900,1,464,0,False,0.002859,0.007424,0.9906,0.9996,0.995,0.62067,-0.001778,True,0.00658,5,12th Gen Intel(R) Core(TM) i7-1255U,12,15.68,Windows-10-10.0.26200-SP0,3.11.15,2.4.6,1.17.1,4.12.2,0.48.4,5.0.0,2.13.0+cpu,fd20710,10,False,,"(9, 6, 2)",2026-08-27T20:00:09+00:00,,
a3_refine_quality,784,refinement,pointmap_sheet,object,0.005,5,5,2,0.01,fraction_of_unit_bbox_diagonal,100000,0.0016,15,6,20300,458,0,0.005834,0.00811,0.9736,0.9999,0.9866,0.61435,False,6,ok,20634,6,124,0,False,0.008268,0.006052,0.9605,1.0,0.9799,0.86612,0.002434,False,0.25177,0,12th Gen Intel(R) Core(TM) i7-1255U,12,15.68,Windows-10-10.0.26200-SP0,3.11.15,2.4.6,1.17.1,4.12.2,0.48.4,5.0.0,2.13.0+cpu,fd20710,10,False,,"(9, 6, 2)",2026-08-27T20:00:09+00:00,,
a3_refine_quality,785,refinement,pointmap_sheet,room,0.005,5,5,2,0.01,fraction_of_unit_bbox_diagonal,100000,0.0016,15,6,20300,458,0,0.005834,0.00811,0.9736,0.9999,0.9866,0.61435,True,1,ok,19900,1,458,0,False,0.002892,0.00744,0.9909,0.9999,0.9954,0.61685,-0.002942,True,0.0025,5,12th Gen Intel(R) Core(TM) i7-1255U,12,15.68,Windows-10-10.0.26200-SP0,3.11.15,2.4.6,1.17.1,4.12.2,0.48.4,5.0.0,2.13.0+cpu,fd20710,10,False,,"(9, 6, 2)",2026-08-27T20:00:09+00:00,,
a3_refine_quality,786,refinement,pointmap_sheet,object,0.005,5,20,0,0.01,fraction_of_unit_bbox_diagonal,100000,0.0016,15,21,21500,458,0,0.011889,0.213194,0.9267,0.9996,0.9618,0.60522,False,21,ok,21840,21,118,0,False,0.020939,0.301447,0.8671,1.0,0.9288,0.83232,0.00905,False,0.2271,0,12th Gen Intel(R) Core(TM) i7-1255U,12,15.68,Windows-10-10.0.26200-SP0,3.11.15,2.4.6,1.17.1,4.12.2,0.48.4,5.0.0,2.13.0+cpu,fd20710,10,False,,"(9, 6, 2)",2026-08-27T20:00:09+00:00,,
a3_refine_quality,787,refinement,pointmap_sheet,room,0.005,5,20,0,0.01,fraction_of_unit_bbox_diagonal,100000,0.0016,15,21,21500,458,0,0.011889,0.213194,0.9267,0.9996,0.9618,0.60522,True,1,ok,19900,1,458,0,False,0.002899,0.007527,0.9899,0.9997,0.9948,0.61608,-0.00899,True,0.01086,20,12th Gen Intel(R) Core(TM) i7-1255U,12,15.68,Windows-10-10.0.26200-SP0,3.11.15,2.4.6,1.17.1,4.12.2,0.48.4,5.0.0,2.13.0+cpu,fd20710,10,False,,"(9, 6, 2)",2026-08-27T20:00:09+00:00,,
a3_refine_quality,788,refinement,pointmap_sheet,object,0.005,5,20,1,0.01,fraction_of_unit_bbox_diagonal,100000,0.0016,15,21,21500,464,0,0.010766,0.118569,0.9261,0.9996,0.9615,0.60674,False,21,ok,21881,21,81,2,False,0.017814,0.308537,0.8518,1.0,0.92,0.84463,0.007048,False,0.23789,0,12th Gen Intel(R) Core(TM) i7-1255U,12,15.68,Windows-10-10.0.26200-SP0,3.11.15,2.4.6,1.17.1,4.12.2,0.48.4,5.0.0,2.13.0+cpu,fd20710,10,False,,"(9, 6, 2)",2026-08-27T20:00:09+00:00,,
a3_refine_quality,789,refinement,pointmap_sheet,room,0.005,5,20,1,0.01,fraction_of_unit_bbox_diagonal,100000,0.0016,15,21,21500,464,0,0.010766,0.118569,0.9261,0.9996,0.9615,0.60674,True,1,ok,19900,1,464,0,False,0.002859,0.007424,0.9906,0.9996,0.995,0.62067,-0.007907,True,0.01393,20,12th Gen Intel(R) Core(TM) i7-1255U,12,15.68,Windows-10-10.0.26200-SP0,3.11.15,2.4.6,1.17.1,4.12.2,0.48.4,5.0.0,2.13.0+cpu,fd20710,10,False,,"(9, 6, 2)",2026-08-27T20:00:09+00:00,,
a3_refine_quality,790,refinement,pointmap_sheet,object,0.005,5,20,2,0.01,fraction_of_unit_bbox_diagonal,100000,0.0016,15,21,21500,458,0,0.012022,0.137652,0.9274,0.9998,0.9623,0.6093,False,21,ok,21834,21,124,0,False,0.020678,0.36114,0.8654,1.0,0.9279,0.83223,0.008656,False,0.22293,0,12th Gen Intel(R) Core(TM) i7-1255U,12,15.68,Windows-10-10.0.26200-SP0,3.11.15,2.4.6,1.17.1,4.12.2,0.48.4,5.0.0,2.13.0+cpu,fd20710,10,False,,"(9, 6, 2)",2026-08-27T20:00:09+00:00,,
a3_refine_quality,791,refinement,pointmap_sheet,room,0.005,5,20,2,0.01,fraction_of_unit_bbox_diagonal,100000,0.0016,15,21,21500,458,0,0.012022,0.137652,0.9274,0.9998,0.9623,0.6093,True,1,ok,19900,1,458,0,False,0.002892,0.00744,0.9909,0.9999,0.9954,0.61685,-0.00913,True,0.00755,20,12th Gen Intel(R) Core(TM) i7-1255U,12,15.68,Windows-10-10.0.26200-SP0,3.11.15,2.4.6,1.17.1,4.12.2,0.48.4,5.0.0,2.13.0+cpu,fd20710,10,False,,"(9, 6, 2)",2026-08-27T20:00:09+00:00,,
a3_refine_quality,792,refinement,pointmap_sheet,object,0.005,20,0,0,0.01,fraction_of_unit_bbox_diagonal,100000,0.0016,15,1,19602,662,0,0.002912,0.007482,0.9899,0.9991,0.9945,0.61621,True,1,ok,19602,1,662,0,False,0.002245,0.004704,0.9992,0.9988,0.999,0.87198,-0.000667,True,0.25577,0,12th Gen Intel(R) Core(TM) i7-1255U,12,15.68,Windows-10-10.0.26200-SP0,3.11.15,2.4.6,1.17.1,4.12.2,0.48.4,5.0.0,2.13.0+cpu,fd20710,10,False,,"(9, 6, 2)",2026-08-27T20:00:09+00:00,,
a3_refine_quality,793,refinement,pointmap_sheet,room,0.005,20,0,0,0.01,fraction_of_unit_bbox_diagonal,100000,0.0016,15,1,19602,662,0,0.002912,0.007482,0.9899,0.9991,0.9945,0.61621,True,1,ok,19602,1,662,0,False,0.002916,0.00749,0.9898,0.9991,0.9944,0.6151,4e-06,False,-0.00111,0,12th Gen Intel(R) Core(TM) i7-1255U,12,15.68,Windows-10-10.0.26200-SP0,3.11.15,2.4.6,1.17.1,4.12.2,0.48.4,5.0.0,2.13.0+cpu,fd20710,10,False,,"(9, 6, 2)",2026-08-27T20:00:09+00:00,,
a3_refine_quality,794,refinement,pointmap_sheet,object,0.005,20,0,1,0.01,fraction_of_unit_bbox_diagonal,100000,0.0016,15,1,19606,664,0,0.002871,0.007417,0.9908,0.9994,0.9951,0.61796,True,1,ok,19606,1,664,0,False,0.002216,0.004685,0.9989,0.9996,0.9993,0.87935,-0.000655,True,0.26139,0,12th Gen Intel(R) Core(TM) i7-1255U,12,15.68,Windows-10-10.0.26200-SP0,3.11.15,2.4.6,1.17.1,4.12.2,0.48.4,5.0.0,2.13.0+cpu,fd20710,10,False,,"(9, 6, 2)",2026-08-27T20:00:09+00:00,,
a3_refine_quality,795,refinement,pointmap_sheet,room,0.005,20,0,1,0.01,fraction_of_unit_bbox_diagonal,100000,0.0016,15,1,19606,664,0,0.002871,0.007417,0.9908,0.9994,0.9951,0.61796,True,1,ok,19606,1,664,0,False,0.002872,0.007436,0.9907,0.9994,0.995,0.61702,1e-06,False,-0.00094,0,12th Gen Intel(R) Core(TM) i7-1255U,12,15.68,Windows-10-10.0.26200-SP0,3.11.15,2.4.6,1.17.1,4.12.2,0.48.4,5.0.0,2.13.0+cpu,fd20710,10,False,,"(9, 6, 2)",2026-08-27T20:00:09+00:00,,
a3_refine_quality,796,refinement,pointmap_sheet,object,0.005,20,0,2,0.01,fraction_of_unit_bbox_diagonal,100000,0.0016,15,1,19600,678,0,0.002909,0.0074,0.991,0.9992,0.9951,0.6166,True,1,ok,19600,1,678,0,False,0.002235,0.00472,0.9995,0.9994,0.9994,0.87582,-0.000674,True,0.25922,0,12th Gen Intel(R) Core(TM) i7-1255U,12,15.68,Windows-10-10.0.26200-SP0,3.11.15,2.4.6,1.17.1,4.12.2,0.48.4,5.0.0,2.13.0+cpu,fd20710,10,False,,"(9, 6, 2)",2026-08-27T20:00:09+00:00,,
a3_refine_quality,797,refinement,pointmap_sheet,room,0.005,20,0,2,0.01,fraction_of_unit_bbox_diagonal,100000,0.0016,15,1,19600,678,0,0.002909,0.0074,0.991,0.9992,0.9951,0.6166,True,1,ok,19600,1,678,0,False,0.002911,0.007408,0.9906,0.999,0.9948,0.61649,2e-06,False,-0.00011,0,12th Gen Intel(R) Core(TM) i7-1255U,12,15.68,Windows-10-10.0.26200-SP0,3.11.15,2.4.6,1.17.1,4.12.2,0.48.4,5.0.0,2.13.0+cpu,fd20710,10,False,,"(9, 6, 2)",2026-08-27T20:00:09+00:00,,
a3_refine_quality,798,refinement,pointmap_sheet,object,0.005,20,5,0,0.01,fraction_of_unit_bbox_diagonal,100000,0.0016,15,6,20002,662,0,0.00477,0.008114,0.9736,0.9989,0.9861,0.6142,False,6,ok,20162,6,498,2,False,0.006527,0.006077,0.9619,0.9998,0.9805,0.86354,0.001757,False,0.24934,0,12th Gen Intel(R) Core(TM) i7-1255U,12,15.68,Windows-10-10.0.26200-SP0,3.11.15,2.4.6,1.17.1,4.12.2,0.48.4,5.0.0,2.13.0+cpu,fd20710,10,False,,"(9, 6, 2)",2026-08-27T20:00:09+00:00,,
a3_refine_quality,799,refinement,pointmap_sheet,room,0.005,20,5,0,0.01,fraction_of_unit_bbox_diagonal,100000,0.0016,15,6,20002,662,0,0.00477,0.008114,0.9736,0.9989,0.9861,0.6142,True,1,ok,19602,1,662,0,False,0.002916,0.00749,0.9898,0.9991,0.9944,0.6151,-0.001854,True,0.0009,5,12th Gen Intel(R) Core(TM) i7-1255U,12,15.68,Windows-10-10.0.26200-SP0,3.11.15,2.4.6,1.17.1,4.12.2,0.48.4,5.0.0,2.13.0+cpu,fd20710,10,False,,"(9, 6, 2)",2026-08-27T20:00:09+00:00,,
a3_refine_quality,800,refinement,pointmap_sheet,object,0.005,20,5,1,0.01,fraction_of_unit_bbox_diagonal,100000,0.0016,15,6,20006,664,0,0.004541,0.008133,0.9733,0.9993,0.9861,0.61526,False,6,ok,20176,6,492,4,False,0.005854,0.006121,0.9612,1.0,0.9802,0.8716,0.001313,False,0.25634,0,12th Gen Intel(R) Core(TM) i7-1255U,12,15.68,Windows-10-10.0.26200-SP0,3.11.15,2.4.6,1.17.1,4.12.2,0.48.4,5.0.0,2.13.0+cpu,fd20710,10,False,,"(9, 6, 2)",2026-08-27T20:00:09+00:00,,
a3_refine_quality,801,refinement,pointmap_sheet,room,0.005,20,5,1,0.01,fraction_of_unit_bbox_diagonal,100000,0.0016,15,6,20006,664,0,0.004541,0.008133,0.9733,0.9993,0.9861,0.61526,True,1,ok,19606,1,664,0,False,0.002872,0.007436,0.9907,0.9994,0.995,0.61702,-0.001669,True,0.00176,5,12th Gen Intel(R) Core(TM) i7-1255U,12,15.68,Windows-10-10.0.26200-SP0,3.11.15,2.4.6,1.17.1,4.12.2,0.48.4,5.0.0,2.13.0+cpu,fd20710,10,False,,"(9, 6, 2)",2026-08-27T20:00:09+00:00,,
a3_refine_quality,802,refinement,pointmap_sheet,object,0.005,20,5,2,0.01,fraction_of_unit_bbox_diagonal,100000,0.0016,15,6,20000,678,0,0.005068,0.008066,0.9737,0.9992,0.9863,0.61471,False,6,ok,20479,6,196,6,False,0.006547,0.006368,0.9598,0.9995,0.9793,0.86122,0.001479,False,0.24651,0,12th Gen Intel(R) Core(TM) i7-1255U,12,15.68,Windows-10-10.0.26200-SP0,3.11.15,2.4.6,1.17.1,4.12.2,0.48.4,5.0.0,2.13.0+cpu,fd20710,10,False,,"(9, 6, 2)",2026-08-27T20:00:09+00:00,,
a3_refine_quality,803,refinement,pointmap_sheet,room,0.005,20,5,2,0.01,fraction_of_unit_bbox_diagonal,100000,0.0016,15,6,20000,678,0,0.005068,0.008066,0.9737,0.9992,0.9863,0.61471,True,1,ok,19600,1,678,0,False,0.002911,0.007408,0.9906,0.999,0.9948,0.61649,-0.002157,True,0.00178,5,12th Gen Intel(R) Core(TM) i7-1255U,12,15.68,Windows-10-10.0.26200-SP0,3.11.15,2.4.6,1.17.1,4.12.2,0.48.4,5.0.0,2.13.0+cpu,fd20710,10,False,,"(9, 6, 2)",2026-08-27T20:00:09+00:00,,
a3_refine_quality,804,refinement,pointmap_sheet,object,0.005,20,20,0,0.01,fraction_of_unit_bbox_diagonal,100000,0.0016,15,21,21202,662,0,0.011996,0.207548,0.926,0.999,0.9611,0.61074,False,21,ok,21666,21,193,4,False,0.021127,0.297837,0.8662,0.9995,0.9281,0.83262,0.009131,False,0.22188,0,12th Gen Intel(R) Core(TM) i7-1255U,12,15.68,Windows-10-10.0.26200-SP0,3.11.15,2.4.6,1.17.1,4.12.2,0.48.4,5.0.0,2.13.0+cpu,fd20710,10,False,,"(9, 6, 2)",2026-08-27T20:00:09+00:00,,
a3_refine_quality,805,refinement,pointmap_sheet,room,0.005,20,20,0,0.01,fraction_of_unit_bbox_diagonal,100000,0.0016,15,21,21202,662,0,0.011996,0.207548,0.926,0.999,0.9611,0.61074,True,1,ok,19602,1,662,0,False,0.002916,0.00749,0.9898,0.9991,0.9944,0.6151,-0.00908,True,0.00436,20,12th Gen Intel(R) Core(TM) i7-1255U,12,15.68,Windows-10-10.0.26200-SP0,3.11.15,2.4.6,1.17.1,4.12.2,0.48.4,5.0.0,2.13.0+cpu,fd20710,10,False,,"(9, 6, 2)",2026-08-27T20:00:09+00:00,,
a3_refine_quality,806,refinement,pointmap_sheet,object,0.005,20,20,1,0.01,fraction_of_unit_bbox_diagonal,100000,0.0016,15,21,21206,664,0,0.011905,0.150721,0.9255,0.9994,0.9611,0.60433,False,21,ok,21713,21,155,4,False,0.019585,0.320855,0.8514,1.0,0.9197,0.83972,0.00768,False,0.23539,0,12th Gen Intel(R) Core(TM) i7-1255U,12,15.68,Windows-10-10.0.26200-SP0,3.11.15,2.4.6,1.17.1,4.12.2,0.48.4,5.0.0,2.13.0+cpu,fd20710,10,False,,"(9, 6, 2)",2026-08-27T20:00:09+00:00,,
a3_refine_quality,807,refinement,pointmap_sheet,room,0.005,20,20,1,0.01,fraction_of_unit_bbox_diagonal,100000,0.0016,15,21,21206,664,0,0.011905,0.150721,0.9255,0.9994,0.9611,0.60433,True,1,ok,19606,1,664,0,False,0.002872,0.007436,0.9907,0.9994,0.995,0.61702,-0.009033,True,0.01269,20,12th Gen Intel(R) Core(TM) i7-1255U,12,15.68,Windows-10-10.0.26200-SP0,3.11.15,2.4.6,1.17.1,4.12.2,0.48.4,5.0.0,2.13.0+cpu,fd20710,10,False,,"(9, 6, 2)",2026-08-27T20:00:09+00:00,,
a3_refine_quality,808,refinement,pointmap_sheet,object,0.005,20,20,2,0.01,fraction_of_unit_bbox_diagonal,100000,0.0016,15,21,21200,678,0,0.010863,0.121035,0.9279,0.9993,0.9623,0.6073,False,21,ok,21679,21,196,6,False,0.018596,0.282262,0.8682,0.9995,0.9292,0.82707,0.007733,False,0.21977,0,12th Gen Intel(R) Core(TM) i7-1255U,12,15.68,Windows-10-10.0.26200-SP0,3.11.15,2.4.6,1.17.1,4.12.2,0.48.4,5.0.0,2.13.0+cpu,fd20710,10,False,,"(9, 6, 2)",2026-08-27T20:00:09+00:00,,
a3_refine_quality,809,refinement,pointmap_sheet,room,0.005,20,20,2,0.01,fraction_of_unit_bbox_diagonal,100000,0.0016,15,21,21200,678,0,0.010863,0.121035,0.9279,0.9993,0.9623,0.6073,True,1,ok,19600,1,678,0,False,0.002911,0.007408,0.9906,0.999,0.9948,0.61649,-0.007952,True,0.00919,20,12th Gen Intel(R) Core(TM) i7-1255U,12,15.68,Windows-10-10.0.26200-SP0,3.11.15,2.4.6,1.17.1,4.12.2,0.48.4,5.0.0,2.13.0+cpu,fd20710,10,False,,"(9, 6, 2)",2026-08-27T20:00:09+00:00,,
a3_refine_quality,810,refinement,pointmap_sheet,object,0.01,0,0,0,0.01,fraction_of_unit_bbox_diagonal,100000,0.0016,15,1,20000,388,0,0.004649,0.014917,0.8171,0.999,0.8989,0.53413,True,1,ok,20000,1,388,0,False,0.00354,0.009319,0.9635,0.9988,0.9808,0.701,-0.001109,True,0.16687,0,12th Gen Intel(R) Core(TM) i7-1255U,12,15.68,Windows-10-10.0.26200-SP0,3.11.15,2.4.6,1.17.1,4.12.2,0.48.4,5.0.0,2.13.0+cpu,fd20710,10,False,,"(9, 6, 2)",2026-08-27T20:00:09+00:00,,
a3_refine_quality,811,refinement,pointmap_sheet,room,0.01,0,0,0,0.01,fraction_of_unit_bbox_diagonal,100000,0.0016,15,1,20000,388,0,0.004649,0.014917,0.8171,0.999,0.8989,0.53413,True,1,ok,20000,1,388,0,False,0.004651,0.014903,0.8171,0.9989,0.8989,0.53542,2e-06,False,0.00129,0,12th Gen Intel(R) Core(TM) i7-1255U,12,15.68,Windows-10-10.0.26200-SP0,3.11.15,2.4.6,1.17.1,4.12.2,0.48.4,5.0.0,2.13.0+cpu,fd20710,10,False,,"(9, 6, 2)",2026-08-27T20:00:09+00:00,,
a3_refine_quality,812,refinement,pointmap_sheet,object,0.01,0,0,1,0.01,fraction_of_unit_bbox_diagonal,100000,0.0016,15,1,20000,388,0,0.004588,0.01482,0.8232,0.999,0.9026,0.53254,True,1,ok,20000,1,388,0,False,0.003504,0.009248,0.9634,0.9978,0.9803,0.71781,-0.001084,True,0.18527,0,12th Gen Intel(R) Core(TM) i7-1255U,12,15.68,Windows-10-10.0.26200-SP0,3.11.15,2.4.6,1.17.1,4.12.2,0.48.4,5.0.0,2.13.0+cpu,fd20710,10,False,,"(9, 6, 2)",2026-08-27T20:00:09+00:00,,
a3_refine_quality,813,refinement,pointmap_sheet,room,0.01,0,0,1,0.01,fraction_of_unit_bbox_diagonal,100000,0.0016,15,1,20000,388,0,0.004588,0.01482,0.8232,0.999,0.9026,0.53254,True,1,ok,20000,1,388,0,False,0.004585,0.01482,0.8236,0.999,0.9029,0.53113,-3e-06,True,-0.00141,0,12th Gen Intel(R) Core(TM) i7-1255U,12,15.68,Windows-10-10.0.26200-SP0,3.11.15,2.4.6,1.17.1,4.12.2,0.48.4,5.0.0,2.13.0+cpu,fd20710,10,False,,"(9, 6, 2)",2026-08-27T20:00:09+00:00,,
a3_refine_quality,814,refinement,pointmap_sheet,object,0.01,0,0,2,0.01,fraction_of_unit_bbox_diagonal,100000,0.0016,15,1,20000,388,0,0.004646,0.01478,0.8176,0.9962,0.8981,0.53402,True,1,ok,20000,1,388,0,False,0.00351,0.00928,0.964,0.997,0.9802,0.70885,-0.001136,True,0.17483,0,12th Gen Intel(R) Core(TM) i7-1255U,12,15.68,Windows-10-10.0.26200-SP0,3.11.15,2.4.6,1.17.1,4.12.2,0.48.4,5.0.0,2.13.0+cpu,fd20710,10,False,,"(9, 6, 2)",2026-08-27T20:00:09+00:00,,
a3_refine_quality,815,refinement,pointmap_sheet,room,0.01,0,0,2,0.01,fraction_of_unit_bbox_diagonal,100000,0.0016,15,1,20000,388,0,0.004646,0.01478,0.8176,0.9962,0.8981,0.53402,True,1,ok,20000,1,388,0,False,0.004625,0.014815,0.8195,0.9963,0.8993,0.53515,-2.1e-05,True,0.00113,0,12th Gen Intel(R) Core(TM) i7-1255U,12,15.68,Windows-10-10.0.26200-SP0,3.11.15,2.4.6,1.17.1,4.12.2,0.48.4,5.0.0,2.13.0+cpu,fd20710,10,False,,"(9, 6, 2)",2026-08-27T20:00:09+00:00,,
a3_refine_quality,816,refinement,pointmap_sheet,object,0.01,0,5,0,0.01,fraction_of_unit_bbox_diagonal,100000,0.0016,15,6,20400,388,0,0.005413,0.015415,0.8097,0.999,0.8944,0.53006,False,6,ok,20612,6,176,0,False,0.006881,0.010463,0.9437,0.9988,0.9705,0.70642,0.001468,False,0.17636,0,12th Gen Intel(R) Core(TM) i7-1255U,12,15.68,Windows-10-10.0.26200-SP0,3.11.15,2.4.6,1.17.1,4.12.2,0.48.4,5.0.0,2.13.0+cpu,fd20710,10,False,,"(9, 6, 2)",2026-08-27T20:00:09+00:00,,
a3_refine_quality,817,refinement,pointmap_sheet,room,0.01,0,5,0,0.01,fraction_of_unit_bbox_diagonal,100000,0.0016,15,6,20400,388,0,0.005413,0.015415,0.8097,0.999,0.8944,0.53006,True,1,ok,20000,1,388,0,False,0.004651,0.014903,0.8171,0.9989,0.8989,0.53542,-0.000762,True,0.00536,5,12th Gen Intel(R) Core(TM) i7-1255U,12,15.68,Windows-10-10.0.26200-SP0,3.11.15,2.4.6,1.17.1,4.12.2,0.48.4,5.0.0,2.13.0+cpu,fd20710,10,False,,"(9, 6, 2)",2026-08-27T20:00:09+00:00,,
a3_refine_quality,818,refinement,pointmap_sheet,object,0.01,0,5,1,0.01,fraction_of_unit_bbox_diagonal,100000,0.0016,15,6,20400,388,0,0.005372,0.015238,0.8176,0.9991,0.8993,0.53349,False,6,ok,20400,6,388,0,False,0.007154,0.010925,0.9389,0.9978,0.9674,0.707,0.001782,False,0.17351,0,12th Gen Intel(R) Core(TM) i7-1255U,12,15.68,Windows-10-10.0.26200-SP0,3.11.15,2.4.6,1.17.1,4.12.2,0.48.4,5.0.0,2.13.0+cpu,fd20710,10,False,,"(9, 6, 2)",2026-08-27T20:00:09+00:00,,
a3_refine_quality,819,refinement,pointmap_sheet,room,0.01,0,5,1,0.01,fraction_of_unit_bbox_diagonal,100000,0.0016,15,6,20400,388,0,0.005372,0.015238,0.8176,0.9991,0.8993,0.53349,True,1,ok,20000,1,388,0,False,0.004585,0.01482,0.8236,0.999,0.9029,0.53113,-0.000787,True,-0.00236,5,12th Gen Intel(R) Core(TM) i7-1255U,12,15.68,Windows-10-10.0.26200-SP0,3.11.15,2.4.6,1.17.1,4.12.2,0.48.4,5.0.0,2.13.0+cpu,fd20710,10,False,,"(9, 6, 2)",2026-08-27T20:00:09+00:00,,
a3_refine_quality,820,refinement,pointmap_sheet,object,0.01,0,5,2,0.01,fraction_of_unit_bbox_diagonal,100000,0.0016,15,6,20400,388,0,0.005532,0.015168,0.8117,0.9962,0.8945,0.5394,False,6,ok,20619,6,169,0,False,0.007159,0.010437,0.9437,0.9969,0.9695,0.71393,0.001627,False,0.17453,0,12th Gen Intel(R) Core(TM) i7-1255U,12,15.68,Windows-10-10.0.26200-SP0,3.11.15,2.4.6,1.17.1,4.12.2,0.48.4,5.0.0,2.13.0+cpu,fd20710,10,False,,"(9, 6, 2)",2026-08-27T20:00:09+00:00,,
a3_refine_quality,821,refinement,pointmap_sheet,room,0.01,0,5,2,0.01,fraction_of_unit_bbox_diagonal,100000,0.0016,15,6,20400,388,0,0.005532,0.015168,0.8117,0.9962,0.8945,0.5394,True,1,ok,20000,1,388,0,False,0.004625,0.014815,0.8195,0.9963,0.8993,0.53515,-0.000907,True,-0.00425,5,12th Gen Intel(R) Core(TM) i7-1255U,12,15.68,Windows-10-10.0.26200-SP0,3.11.15,2.4.6,1.17.1,4.12.2,0.48.4,5.0.0,2.13.0+cpu,fd20710,10,False,,"(9, 6, 2)",2026-08-27T20:00:09+00:00,,
a3_refine_quality,822,refinement,pointmap_sheet,object,0.01,0,20,0,0.01,fraction_of_unit_bbox_diagonal,100000,0.0016,15,21,21600,388,0,0.007309,0.016844,0.7979,0.9989,0.8871,0.52939,False,21,ok,21812,21,176,0,False,0.015325,0.21958,0.8765,0.9989,0.9337,0.68742,0.008016,False,0.15803,0,12th Gen Intel(R) Core(TM) i7-1255U,12,15.68,Windows-10-10.0.26200-SP0,3.11.15,2.4.6,1.17.1,4.12.2,0.48.4,5.0.0,2.13.0+cpu,fd20710,10,False,,"(9, 6, 2)",2026-08-27T20:00:09+00:00,,
a3_refine_quality,823,refinement,pointmap_sheet,room,0.01,0,20,0,0.01,fraction_of_unit_bbox_diagonal,100000,0.0016,15,21,21600,388,0,0.007309,0.016844,0.7979,0.9989,0.8871,0.52939,True,1,ok,20000,1,388,0,False,0.004651,0.014903,0.8171,0.9989,0.8989,0.53542,-0.002658,True,0.00603,20,12th Gen Intel(R) Core(TM) i7-1255U,12,15.68,Windows-10-10.0.26200-SP0,3.11.15,2.4.6,1.17.1,4.12.2,0.48.4,5.0.0,2.13.0+cpu,fd20710,10,False,,"(9, 6, 2)",2026-08-27T20:00:09+00:00,,
a3_refine_quality,824,refinement,pointmap_sheet,object,0.01,0,20,1,0.01,fraction_of_unit_bbox_diagonal,100000,0.0016,15,21,21600,388,0,0.007459,0.016922,0.8021,0.9992,0.8899,0.53085,False,21,ok,21858,21,130,0,False,0.015933,0.279952,0.8763,0.9978,0.9331,0.70413,0.008474,False,0.17328,0,12th Gen Intel(R) Core(TM) i7-1255U,12,15.68,Windows-10-10.0.26200-SP0,3.11.15,2.4.6,1.17.1,4.12.2,0.48.4,5.0.0,2.13.0+cpu,fd20710,10,False,,"(9, 6, 2)",2026-08-27T20:00:09+00:00,,
a3_refine_quality,825,refinement,pointmap_sheet,room,0.01,0,20,1,0.01,fraction_of_unit_bbox_diagonal,100000,0.0016,15,21,21600,388,0,0.007459,0.016922,0.8021,0.9992,0.8899,0.53085,True,1,ok,20000,1,388,0,False,0.004585,0.01482,0.8236,0.999,0.9029,0.53113,-0.002874,True,0.00028,20,12th Gen Intel(R) Core(TM) i7-1255U,12,15.68,Windows-10-10.0.26200-SP0,3.11.15,2.4.6,1.17.1,4.12.2,0.48.4,5.0.0,2.13.0+cpu,fd20710,10,False,,"(9, 6, 2)",2026-08-27T20:00:09+00:00,,
a3_refine_quality,826,refinement,pointmap_sheet,object,0.01,0,20,2,0.01,fraction_of_unit_bbox_diagonal,100000,0.0016,15,21,21600,388,0,0.007318,0.016641,0.8006,0.9966,0.8879,0.53706,False,21,ok,21819,21,169,0,False,0.014541,0.298117,0.879,0.9969,0.9342,0.698,0.007223,False,0.16094,0,12th Gen Intel(R) Core(TM) i7-1255U,12,15.68,Windows-10-10.0.26200-SP0,3.11.15,2.4.6,1.17.1,4.12.2,0.48.4,5.0.0,2.13.0+cpu,fd20710,10,False,,"(9, 6, 2)",2026-08-27T20:00:09+00:00,,
a3_refine_quality,827,refinement,pointmap_sheet,room,0.01,0,20,2,0.01,fraction_of_unit_bbox_diagonal,100000,0.0016,15,21,21600,388,0,0.007318,0.016641,0.8006,0.9966,0.8879,0.53706,True,1,ok,20000,1,388,0,False,0.004625,0.014815,0.8195,0.9963,0.8993,0.53515,-0.002693,True,-0.00191,20,12th Gen Intel(R) Core(TM) i7-1255U,12,15.68,Windows-10-10.0.26200-SP0,3.11.15,2.4.6,1.17.1,4.12.2,0.48.4,5.0.0,2.13.0+cpu,fd20710,10,False,,"(9, 6, 2)",2026-08-27T20:00:09+00:00,,
a3_refine_quality,828,refinement,pointmap_sheet,object,0.01,5,0,0,0.01,fraction_of_unit_bbox_diagonal,100000,0.0016,15,1,19900,458,0,0.004664,0.014996,0.816,0.9984,0.898,0.52936,True,1,ok,19900,1,458,0,False,0.003563,0.009417,0.9615,0.9983,0.9795,0.70109,-0.001101,True,0.17173,0,12th Gen Intel(R) Core(TM) i7-1255U,12,15.68,Windows-10-10.0.26200-SP0,3.11.15,2.4.6,1.17.1,4.12.2,0.48.4,5.0.0,2.13.0+cpu,fd20710,10,False,,"(9, 6, 2)",2026-08-27T20:00:09+00:00,,
a3_refine_quality,829,refinement,pointmap_sheet,room,0.01,5,0,0,0.01,fraction_of_unit_bbox_diagonal,100000,0.0016,15,1,19900,458,0,0.004664,0.014996,0.816,0.9984,0.898,0.52936,True,1,ok,19900,1,458,0,False,0.004654,0.015015,0.8174,0.9986,0.8989,0.52979,-1e-05,True,0.00043,0,12th Gen Intel(R) Core(TM) i7-1255U,12,15.68,Windows-10-10.0.26200-SP0,3.11.15,2.4.6,1.17.1,4.12.2,0.48.4,5.0.0,2.13.0+cpu,fd20710,10,False,,"(9, 6, 2)",2026-08-27T20:00:09+00:00,,
a3_refine_quality,830,refinement,pointmap_sheet,object,0.01,5,0,1,0.01,fraction_of_unit_bbox_diagonal,100000,0.0016,15,1,19900,464,0,0.004593,0.014833,0.8236,0.9986,0.9027,0.53219,True,1,ok,19900,1,464,0,False,0.003527,0.009364,0.9615,0.9972,0.979,0.715,-0.001066,True,0.18281,0,12th Gen Intel(R) Core(TM) i7-1255U,12,15.68,Windows-10-10.0.26200-SP0,3.11.15,2.4.6,1.17.1,4.12.2,0.48.4,5.0.0,2.13.0+cpu,fd20710,10,False,,"(9, 6, 2)",2026-08-27T20:00:09+00:00,,
a3_refine_quality,831,refinement,pointmap_sheet,room,0.01,5,0,1,0.01,fraction_of_unit_bbox_diagonal,100000,0.0016,15,1,19900,464,0,0.004593,0.014833,0.8236,0.9986,0.9027,0.53219,True,1,ok,19900,1,464,0,False,0.004601,0.014834,0.8244,0.9985,0.9031,0.53147,8e-06,False,-0.00072,0,12th Gen Intel(R) Core(TM) i7-1255U,12,15.68,Windows-10-10.0.26200-SP0,3.11.15,2.4.6,1.17.1,4.12.2,0.48.4,5.0.0,2.13.0+cpu,fd20710,10,False,,"(9, 6, 2)",2026-08-27T20:00:09+00:00,,
a3_refine_quality,832,refinement,pointmap_sheet,object,0.01,5,0,2,0.01,fraction_of_unit_bbox_diagonal,100000,0.0016,15,1,19900,458,0,0.004641,0.014753,0.8175,0.9962,0.898,0.53947,True,1,ok,19900,1,458,0,False,0.003522,0.009416,0.9605,0.9969,0.9784,0.71102,-0.001119,True,0.17155,0,12th Gen Intel(R) Core(TM) i7-1255U,12,15.68,Windows-10-10.0.26200-SP0,3.11.15,2.4.6,1.17.1,4.12.2,0.48.4,5.0.0,2.13.0+cpu,fd20710,10,False,,"(9, 6, 2)",2026-08-27T20:00:09+00:00,,
a3_refine_quality,833,refinement,pointmap_sheet,room,0.01,5,0,2,0.01,fraction_of_unit_bbox_diagonal,100000,0.0016,15,1,19900,458,0,0.004641,0.014753,0.8175,0.9962,0.898,0.53947,True,1,ok,19900,1,458,0,False,0.004631,0.014836,0.8182,0.996,0.8984,0.53887,-1e-05,True,-0.0006,0,12th Gen Intel(R) Core(TM) i7-1255U,12,15.68,Windows-10-10.0.26200-SP0,3.11.15,2.4.6,1.17.1,4.12.2,0.48.4,5.0.0,2.13.0+cpu,fd20710,10,False,,"(9, 6, 2)",2026-08-27T20:00:09+00:00,,
a3_refine_quality,834,refinement,pointmap_sheet,object,0.01,5,5,0,0.01,fraction_of_unit_bbox_diagonal,100000,0.0016,15,6,20300,458,0,0.005556,0.015275,0.8135,0.9982,0.8964,0.53061,False,6,ok,20550,6,206,3,False,0.007649,0.010545,0.9426,0.9988,0.9699,0.70282,0.002093,False,0.17221,0,12th Gen Intel(R) Core(TM) i7-1255U,12,15.68,Windows-10-10.0.26200-SP0,3.11.15,2.4.6,1.17.1,4.12.2,0.48.4,5.0.0,2.13.0+cpu,fd20710,10,False,,"(9, 6, 2)",2026-08-27T20:00:09+00:00,,
a3_refine_quality,835,refinement,pointmap_sheet,room,0.01,5,5,0,0.01,fraction_of_unit_bbox_diagonal,100000,0.0016,15,6,20300,458,0,0.005556,0.015275,0.8135,0.9982,0.8964,0.53061,True,1,ok,19900,1,458,0,False,0.004654,0.015015,0.8174,0.9986,0.8989,0.52979,-0.000902,True,-0.00082,5,12th Gen Intel(R) Core(TM) i7-1255U,12,15.68,Windows-10-10.0.26200-SP0,3.11.15,2.4.6,1.17.1,4.12.2,0.48.4,5.0.0,2.13.0+cpu,fd20710,10,False,,"(9, 6, 2)",2026-08-27T20:00:09+00:00,,
a3_refine_quality,836,refinement,pointmap_sheet,object,0.01,5,5,1,0.01,fraction_of_unit_bbox_diagonal,100000,0.0016,15,6,20300,464,0,0.005175,0.015252,0.8181,0.9988,0.8995,0.5279,False,6,ok,20332,6,431,1,False,0.006234,0.010969,0.9378,0.9978,0.9669,0.70793,0.001059,False,0.18003,0,12th Gen Intel(R) Core(TM) i7-1255U,12,15.68,Windows-10-10.0.26200-SP0,3.11.15,2.4.6,1.17.1,4.12.2,0.48.4,5.0.0,2.13.0+cpu,fd20710,10,False,,"(9, 6, 2)",2026-08-27T20:00:09+00:00,,
a3_refine_quality,837,refinement,pointmap_sheet,room,0.01,5,5,1,0.01,fraction_of_unit_bbox_diagonal,100000,0.0016,15,6,20300,464,0,0.005175,0.015252,0.8181,0.9988,0.8995,0.5279,True,1,ok,19900,1,464,0,False,0.004601,0.014834,0.8244,0.9985,0.9031,0.53147,-0.000574,True,0.00357,5,12th Gen Intel(R) Core(TM) i7-1255U,12,15.68,Windows-10-10.0.26200-SP0,3.11.15,2.4.6,1.17.1,4.12.2,0.48.4,5.0.0,2.13.0+cpu,fd20710,10,False,,"(9, 6, 2)",2026-08-27T20:00:09+00:00,,
a3_refine_quality,838,refinement,pointmap_sheet,object,0.01,5,5,2,0.01,fraction_of_unit_bbox_diagonal,100000,0.0016,15,6,20300,458,0,0.005688,0.015236,0.813,0.9962,0.8953,0.53627,False,6,ok,20551,6,207,0,False,0.007621,0.010422,0.9443,0.9969,0.9699,0.71063,0.001933,False,0.17436,0,12th Gen Intel(R) Core(TM) i7-1255U,12,15.68,Windows-10-10.0.26200-SP0,3.11.15,2.4.6,1.17.1,4.12.2,0.48.4,5.0.0,2.13.0+cpu,fd20710,10,False,,"(9, 6, 2)",2026-08-27T20:00:09+00:00,,
a3_refine_quality,839,refinement,pointmap_sheet,room,0.01,5,5,2,0.01,fraction_of_unit_bbox_diagonal,100000,0.0016,15,6,20300,458,0,0.005688,0.015236,0.813,0.9962,0.8953,0.53627,True,1,ok,19900,1,458,0,False,0.004631,0.014836,0.8182,0.996,0.8984,0.53887,-0.001057,True,0.0026,5,12th Gen Intel(R) Core(TM) i7-1255U,12,15.68,Windows-10-10.0.26200-SP0,3.11.15,2.4.6,1.17.1,4.12.2,0.48.4,5.0.0,2.13.0+cpu,fd20710,10,False,,"(9, 6, 2)",2026-08-27T20:00:09+00:00,,
a3_refine_quality,840,refinement,pointmap_sheet,object,0.01,5,20,0,0.01,fraction_of_unit_bbox_diagonal,100000,0.0016,15,21,21500,458,0,0.007755,0.016899,0.7974,0.9984,0.8867,0.52652,False,21,ok,21750,21,206,3,False,0.017151,0.269643,0.8749,0.9989,0.9328,0.6861,0.009396,False,0.15958,0,12th Gen Intel(R) Core(TM) i7-1255U,12,15.68,Windows-10-10.0.26200-SP0,3.11.15,2.4.6,1.17.1,4.12.2,0.48.4,5.0.0,2.13.0+cpu,fd20710,10,False,,"(9, 6, 2)",2026-08-27T20:00:09+00:00,,
a3_refine_quality,841,refinement,pointmap_sheet,room,0.01,5,20,0,0.01,fraction_of_unit_bbox_diagonal,100000,0.0016,15,21,21500,458,0,0.007755,0.016899,0.7974,0.9984,0.8867,0.52652,True,1,ok,19900,1,458,0,False,0.004654,0.015015,0.8174,0.9986,0.8989,0.52979,-0.003101,True,0.00327,20,12th Gen Intel(R) Core(TM) i7-1255U,12,15.68,Windows-10-10.0.26200-SP0,3.11.15,2.4.6,1.17.1,4.12.2,0.48.4,5.0.0,2.13.0+cpu,fd20710,10,False,,"(9, 6, 2)",2026-08-27T20:00:09+00:00,,
a3_refine_quality,842,refinement,pointmap_sheet,object,0.01,5,20,1,0.01,fraction_of_unit_bbox_diagonal,100000,0.0016,15,21,21500,464,0,0.007351,0.016843,0.8043,0.9988,0.8911,0.53145,False,21,ok,21790,21,173,1,False,0.015242,0.2831,0.8759,0.9978,0.9329,0.69745,0.007891,False,0.166,0,12th Gen Intel(R) Core(TM) i7-1255U,12,15.68,Windows-10-10.0.26200-SP0,3.11.15,2.4.6,1.17.1,4.12.2,0.48.4,5.0.0,2.13.0+cpu,fd20710,10,False,,"(9, 6, 2)",2026-08-27T20:00:09+00:00,,
a3_refine_quality,843,refinement,pointmap_sheet,room,0.01,5,20,1,0.01,fraction_of_unit_bbox_diagonal,100000,0.0016,15,21,21500,464,0,0.007351,0.016843,0.8043,0.9988,0.8911,0.53145,True,1,ok,19900,1,464,0,False,0.004601,0.014834,0.8244,0.9985,0.9031,0.53147,-0.00275,True,2e-05,20,12th Gen Intel(R) Core(TM) i7-1255U,12,15.68,Windows-10-10.0.26200-SP0,3.11.15,2.4.6,1.17.1,4.12.2,0.48.4,5.0.0,2.13.0+cpu,fd20710,10,False,,"(9, 6, 2)",2026-08-27T20:00:09+00:00,,
a3_refine_quality,844,refinement,pointmap_sheet,object,0.01,5,20,2,0.01,fraction_of_unit_bbox_diagonal,100000,0.0016,15,21,21500,458,0,0.007962,0.016768,0.7992,0.9965,0.887,0.53427,False,21,ok,21751,21,207,0,False,0.016999,0.264045,0.8759,0.9969,0.9325,0.70024,0.009037,False,0.16597,0,12th Gen Intel(R) Core(TM) i7-1255U,12,15.68,Windows-10-10.0.26200-SP0,3.11.15,2.4.6,1.17.1,4.12.2,0.48.4,5.0.0,2.13.0+cpu,fd20710,10,False,,"(9, 6, 2)",2026-08-27T20:00:09+00:00,,
a3_refine_quality,845,refinement,pointmap_sheet,room,0.01,5,20,2,0.01,fraction_of_unit_bbox_diagonal,100000,0.0016,15,21,21500,458,0,0.007962,0.016768,0.7992,0.9965,0.887,0.53427,True,1,ok,19900,1,458,0,False,0.004631,0.014836,0.8182,0.996,0.8984,0.53887,-0.003331,True,0.0046,20,12th Gen Intel(R) Core(TM) i7-1255U,12,15.68,Windows-10-10.0.26200-SP0,3.11.15,2.4.6,1.17.1,4.12.2,0.48.4,5.0.0,2.13.0+cpu,fd20710,10,False,,"(9, 6, 2)",2026-08-27T20:00:09+00:00,,
a3_refine_quality,846,refinement,pointmap_sheet,object,0.01,20,0,0,0.01,fraction_of_unit_bbox_diagonal,100000,0.0016,15,1,19602,662,0,0.004672,0.014925,0.8162,0.9985,0.8982,0.53099,True,1,ok,19602,1,662,0,False,0.003604,0.009624,0.9568,0.9976,0.9768,0.6917,-0.001068,True,0.16071,0,12th Gen Intel(R) Core(TM) i7-1255U,12,15.68,Windows-10-10.0.26200-SP0,3.11.15,2.4.6,1.17.1,4.12.2,0.48.4,5.0.0,2.13.0+cpu,fd20710,10,False,,"(9, 6, 2)",2026-08-27T20:00:09+00:00,,
a3_refine_quality,847,refinement,pointmap_sheet,room,0.01,20,0,0,0.01,fraction_of_unit_bbox_diagonal,100000,0.0016,15,1,19602,662,0,0.004672,0.014925,0.8162,0.9985,0.8982,0.53099,True,1,ok,19602,1,662,0,False,0.004663,0.014909,0.8152,0.9986,0.8976,0.53244,-9e-06,True,0.00145,0,12th Gen Intel(R) Core(TM) i7-1255U,12,15.68,Windows-10-10.0.26200-SP0,3.11.15,2.4.6,1.17.1,4.12.2,0.48.4,5.0.0,2.13.0+cpu,fd20710,10,False,,"(9, 6, 2)",2026-08-27T20:00:09+00:00,,
a3_refine_quality,848,refinement,pointmap_sheet,object,0.01,20,0,1,0.01,fraction_of_unit_bbox_diagonal,100000,0.0016,15,1,19606,664,0,0.00461,0.01489,0.8219,0.9987,0.9017,0.53208,True,1,ok,19606,1,664,0,False,0.003556,0.009551,0.9585,0.9974,0.9776,0.70582,-0.001054,True,0.17374,0,12th Gen Intel(R) Core(TM) i7-1255U,12,15.68,Windows-10-10.0.26200-SP0,3.11.15,2.4.6,1.17.1,4.12.2,0.48.4,5.0.0,2.13.0+cpu,fd20710,10,False,,"(9, 6, 2)",2026-08-27T20:00:09+00:00,,
a3_refine_quality,849,refinement,pointmap_sheet,room,0.01,20,0,1,0.01,fraction_of_unit_bbox_diagonal,100000,0.0016,15,1,19606,664,0,0.00461,0.01489,0.8219,0.9987,0.9017,0.53208,True,1,ok,19606,1,664,0,False,0.004615,0.014908,0.8215,0.9987,0.9015,0.53137,5e-06,False,-0.00071,0,12th Gen Intel(R) Core(TM) i7-1255U,12,15.68,Windows-10-10.0.26200-SP0,3.11.15,2.4.6,1.17.1,4.12.2,0.48.4,5.0.0,2.13.0+cpu,fd20710,10,False,,"(9, 6, 2)",2026-08-27T20:00:09+00:00,,
a3_refine_quality,850,refinement,pointmap_sheet,object,0.01,20,0,2,0.01,fraction_of_unit_bbox_diagonal,100000,0.0016,15,1,19600,678,0,0.004642,0.014763,0.819,0.9957,0.8988,0.53601,True,1,ok,19600,1,678,0,False,0.003584,0.009578,0.9579,0.9966,0.9769,0.70071,-0.001058,True,0.1647,0,12th Gen Intel(R) Core(TM) i7-1255U,12,15.68,Windows-10-10.0.26200-SP0,3.11.15,2.4.6,1.17.1,4.12.2,0.48.4,5.0.0,2.13.0+cpu,fd20710,10,False,,"(9, 6, 2)",2026-08-27T20:00:09+00:00,,
a3_refine_quality,851,refinement,pointmap_sheet,room,0.01,20,0,2,0.01,fraction_of_unit_bbox_diagonal,100000,0.0016,15,1,19600,678,0,0.004642,0.014763,0.819,0.9957,0.8988,0.53601,True,1,ok,19600,1,678,0,False,0.004637,0.014799,0.8176,0.9961,0.8981,0.53625,-5e-06,True,0.00024,0,12th Gen Intel(R) Core(TM) i7-1255U,12,15.68,Windows-10-10.0.26200-SP0,3.11.15,2.4.6,1.17.1,4.12.2,0.48.4,5.0.0,2.13.0+cpu,fd20710,10,False,,"(9, 6, 2)",2026-08-27T20:00:09+00:00,,
a3_refine_quality,852,refinement,pointmap_sheet,object,0.01,20,5,0,0.01,fraction_of_unit_bbox_diagonal,100000,0.0016,15,6,20002,662,0,0.005316,0.015338,0.8115,0.9983,0.8953,0.5294,False,6,ok,20142,6,517,4,False,0.00654,0.011258,0.9354,0.9985,0.9659,0.69078,0.001224,False,0.16138,0,12th Gen Intel(R) Core(TM) i7-1255U,12,15.68,Windows-10-10.0.26200-SP0,3.11.15,2.4.6,1.17.1,4.12.2,0.48.4,5.0.0,2.13.0+cpu,fd20710,10,False,,"(9, 6, 2)",2026-08-27T20:00:09+00:00,,
a3_refine_quality,853,refinement,pointmap_sheet,room,0.01,20,5,0,0.01,fraction_of_unit_bbox_diagonal,100000,0.0016,15,6,20002,662,0,0.005316,0.015338,0.8115,0.9983,0.8953,0.5294,True,1,ok,19602,1,662,0,False,0.004663,0.014909,0.8152,0.9986,0.8976,0.53244,-0.000653,True,0.00304,5,12th Gen Intel(R) Core(TM) i7-1255U,12,15.68,Windows-10-10.0.26200-SP0,3.11.15,2.4.6,1.17.1,4.12.2,0.48.4,5.0.0,2.13.0+cpu,fd20710,10,False,,"(9, 6, 2)",2026-08-27T20:00:09+00:00,,
a3_refine_quality,854,refinement,pointmap_sheet,object,0.01,20,5,1,0.01,fraction_of_unit_bbox_diagonal,100000,0.0016,15,6,20006,664,0,0.005148,0.015241,0.8193,0.9986,0.9001,0.53093,False,6,ok,20152,6,512,6,False,0.006058,0.011081,0.9366,0.9979,0.9663,0.70945,0.00091,False,0.17852,0,12th Gen Intel(R) Core(TM) i7-1255U,12,15.68,Windows-10-10.0.26200-SP0,3.11.15,2.4.6,1.17.1,4.12.2,0.48.4,5.0.0,2.13.0+cpu,fd20710,10,False,,"(9, 6, 2)",2026-08-27T20:00:09+00:00,,
a3_refine_quality,855,refinement,pointmap_sheet,room,0.01,20,5,1,0.01,fraction_of_unit_bbox_diagonal,100000,0.0016,15,6,20006,664,0,0.005148,0.015241,0.8193,0.9986,0.9001,0.53093,True,1,ok,19606,1,664,0,False,0.004615,0.014908,0.8215,0.9987,0.9015,0.53137,-0.000533,True,0.00044,5,12th Gen Intel(R) Core(TM) i7-1255U,12,15.68,Windows-10-10.0.26200-SP0,3.11.15,2.4.6,1.17.1,4.12.2,0.48.4,5.0.0,2.13.0+cpu,fd20710,10,False,,"(9, 6, 2)",2026-08-27T20:00:09+00:00,,
a3_refine_quality,856,refinement,pointmap_sheet,object,0.01,20,5,2,0.01,fraction_of_unit_bbox_diagonal,100000,0.0016,15,6,20000,678,0,0.005387,0.015205,0.8126,0.996,0.895,0.53692,False,6,ok,20362,6,315,3,False,0.006556,0.010708,0.9402,0.9965,0.9675,0.70555,0.001169,False,0.16863,0,12th Gen Intel(R) Core(TM) i7-1255U,12,15.68,Windows-10-10.0.26200-SP0,3.11.15,2.4.6,1.17.1,4.12.2,0.48.4,5.0.0,2.13.0+cpu,fd20710,10,False,,"(9, 6, 2)",2026-08-27T20:00:09+00:00,,
a3_refine_quality,857,refinement,pointmap_sheet,room,0.01,20,5,2,0.01,fraction_of_unit_bbox_diagonal,100000,0.0016,15,6,20000,678,0,0.005387,0.015205,0.8126,0.996,0.895,0.53692,True,1,ok,19600,1,678,0,False,0.004637,0.014799,0.8176,0.9961,0.8981,0.53625,-0.00075,True,-0.00067,5,12th Gen Intel(R) Core(TM) i7-1255U,12,15.68,Windows-10-10.0.26200-SP0,3.11.15,2.4.6,1.17.1,4.12.2,0.48.4,5.0.0,2.13.0+cpu,fd20710,10,False,,"(9, 6, 2)",2026-08-27T20:00:09+00:00,,
a3_refine_quality,858,refinement,pointmap_sheet,object,0.01,20,20,0,0.01,fraction_of_unit_bbox_diagonal,100000,0.0016,15,21,21202,662,0,0.007815,0.016935,0.7975,0.9983,0.8867,0.53113,False,21,ok,21564,21,294,5,False,0.017114,0.263864,0.8752,0.9986,0.9329,0.68569,0.009299,False,0.15456,0,12th Gen Intel(R) Core(TM) i7-1255U,12,15.68,Windows-10-10.0.26200-SP0,3.11.15,2.4.6,1.17.1,4.12.2,0.48.4,5.0.0,2.13.0+cpu,fd20710,10,False,,"(9, 6, 2)",2026-08-27T20:00:09+00:00,,
a3_refine_quality,859,refinement,pointmap_sheet,room,0.01,20,20,0,0.01,fraction_of_unit_bbox_diagonal,100000,0.0016,15,21,21202,662,0,0.007815,0.016935,0.7975,0.9983,0.8867,0.53113,True,1,ok,19602,1,662,0,False,0.004663,0.014909,0.8152,0.9986,0.8976,0.53244,-0.003152,True,0.00131,20,12th Gen Intel(R) Core(TM) i7-1255U,12,15.68,Windows-10-10.0.26200-SP0,3.11.15,2.4.6,1.17.1,4.12.2,0.48.4,5.0.0,2.13.0+cpu,fd20710,10,False,,"(9, 6, 2)",2026-08-27T20:00:09+00:00,,
a3_refine_quality,860,refinement,pointmap_sheet,object,0.01,20,20,1,0.01,fraction_of_unit_bbox_diagonal,100000,0.0016,15,21,21206,664,0,0.007751,0.016898,0.8038,0.9984,0.8906,0.5348,False,21,ok,21610,21,254,6,False,0.016483,0.292605,0.8763,0.9979,0.9332,0.70048,0.008732,False,0.16568,0,12th Gen Intel(R) Core(TM) i7-1255U,12,15.68,Windows-10-10.0.26200-SP0,3.11.15,2.4.6,1.17.1,4.12.2,0.48.4,5.0.0,2.13.0+cpu,fd20710,10,False,,"(9, 6, 2)",2026-08-27T20:00:09+00:00,,
a3_refine_quality,861,refinement,pointmap_sheet,room,0.01,20,20,1,0.01,fraction_of_unit_bbox_diagonal,100000,0.0016,15,21,21206,664,0,0.007751,0.016898,0.8038,0.9984,0.8906,0.5348,True,1,ok,19606,1,664,0,False,0.004615,0.014908,0.8215,0.9987,0.9015,0.53137,-0.003136,True,-0.00343,20,12th Gen Intel(R) Core(TM) i7-1255U,12,15.68,Windows-10-10.0.26200-SP0,3.11.15,2.4.6,1.17.1,4.12.2,0.48.4,5.0.0,2.13.0+cpu,fd20710,10,False,,"(9, 6, 2)",2026-08-27T20:00:09+00:00,,
a3_refine_quality,862,refinement,pointmap_sheet,object,0.01,20,20,2,0.01,fraction_of_unit_bbox_diagonal,100000,0.0016,15,21,21200,678,0,0.00756,0.016695,0.7977,0.996,0.8859,0.53455,False,21,ok,21562,21,315,3,False,0.015236,0.241096,0.8759,0.9966,0.9324,0.69399,0.007676,False,0.15944,0,12th Gen Intel(R) Core(TM) i7-1255U,12,15.68,Windows-10-10.0.26200-SP0,3.11.15,2.4.6,1.17.1,4.12.2,0.48.4,5.0.0,2.13.0+cpu,fd20710,10,False,,"(9, 6, 2)",2026-08-27T20:00:09+00:00,,
a3_refine_quality,863,refinement,pointmap_sheet,room,0.01,20,20,2,0.01,fraction_of_unit_bbox_diagonal,100000,0.0016,15,21,21200,678,0,0.00756,0.016695,0.7977,0.996,0.8859,0.53455,True,1,ok,19600,1,678,0,False,0.004637,0.014799,0.8176,0.9961,0.8981,0.53625,-0.002923,True,0.0017,20,12th Gen Intel(R) Core(TM) i7-1255U,12,15.68,Windows-10-10.0.26200-SP0,3.11.15,2.4.6,1.17.1,4.12.2,0.48.4,5.0.0,2.13.0+cpu,fd20710,10,False,,"(9, 6, 2)",2026-08-27T20:00:09+00:00,,
a3_refine_quality,864,smoothing_baseline,pointmap_sheet,,0.0,,,0,0.01,fraction_of_unit_bbox_diagonal,,0.0016,15,,,,,,,,,,,,,ok,,,,,,0.001101,0.00218,1.0,1.0,1.0,0.99938,,,,,12th Gen Intel(R) Core(TM) i7-1255U,12,15.68,Windows-10-10.0.26200-SP0,3.11.15,2.4.6,1.17.1,4.12.2,0.48.4,5.0.0,2.13.0+cpu,fd20710,10,False,,"(9, 6, 2)",2026-08-27T20:00:09+00:00,taubin,nan
a3_refine_quality,865,smoothing_baseline,pointmap_sheet,,0.0,,,0,0.01,fraction_of_unit_bbox_diagonal,,0.0016,15,,,,,,,,,,,,,ok,,,,,,0.000864,0.002035,1.0,1.0,1.0,0.99949,,,,,12th Gen Intel(R) Core(TM) i7-1255U,12,15.68,Windows-10-10.0.26200-SP0,3.11.15,2.4.6,1.17.1,4.12.2,0.48.4,5.0.0,2.13.0+cpu,fd20710,10,False,,"(9, 6, 2)",2026-08-27T20:00:09+00:00,laplacian,nan
a3_refine_quality,866,smoothing_baseline,pointmap_sheet,,0.0,,,0,0.01,fraction_of_unit_bbox_diagonal,,0.0016,15,,,,,,,,,,,,,ok,,,,,,0.0,0.0,1.0,1.0,1.0,0.99937,,,,,12th Gen Intel(R) Core(TM) i7-1255U,12,15.68,Windows-10-10.0.26200-SP0,3.11.15,2.4.6,1.17.1,4.12.2,0.48.4,5.0.0,2.13.0+cpu,fd20710,10,False,,"(9, 6, 2)",2026-08-27T20:00:09+00:00,none,nan
a3_refine_quality,867,smoothing_baseline,pointmap_sheet,,0.0,,,0,0.01,fraction_of_unit_bbox_diagonal,,0.0016,50,,,,,,,,,,,,,ok,,,,,,0.001129,0.002209,1.0,1.0,1.0,0.99905,,,,,12th Gen Intel(R) Core(TM) i7-1255U,12,15.68,Windows-10-10.0.26200-SP0,3.11.15,2.4.6,1.17.1,4.12.2,0.48.4,5.0.0,2.13.0+cpu,fd20710,10,False,,"(9, 6, 2)",2026-08-27T20:00:09+00:00,taubin,nan
a3_refine_quality,868,smoothing_baseline,pointmap_sheet,,0.0,,,0,0.01,fraction_of_unit_bbox_diagonal,,0.0016,50,,,,,,,,,,,,,ok,,,,,,0.001066,0.002155,1.0,1.0,1.0,0.99949,,,,,12th Gen Intel(R) Core(TM) i7-1255U,12,15.68,Windows-10-10.0.26200-SP0,3.11.15,2.4.6,1.17.1,4.12.2,0.48.4,5.0.0,2.13.0+cpu,fd20710,10,False,,"(9, 6, 2)",2026-08-27T20:00:09+00:00,laplacian,nan
a3_refine_quality,869,smoothing_baseline,pointmap_sheet,,0.0,,,0,0.01,fraction_of_unit_bbox_diagonal,,0.0016,50,,,,,,,,,,,,,ok,,,,,,0.0,0.0,1.0,1.0,1.0,0.99937,,,,,12th Gen Intel(R) Core(TM) i7-1255U,12,15.68,Windows-10-10.0.26200-SP0,3.11.15,2.4.6,1.17.1,4.12.2,0.48.4,5.0.0,2.13.0+cpu,fd20710,10,False,,"(9, 6, 2)",2026-08-27T20:00:09+00:00,none,nan
a3_refine_quality,870,smoothing_baseline,pointmap_sheet,,0.0,,,0,0.01,fraction_of_unit_bbox_diagonal,,0.0016,100,,,,,,,,,,,,,ok,,,,,,0.001149,0.00222,1.0,1.0,1.0,0.99905,,,,,12th Gen Intel(R) Core(TM) i7-1255U,12,15.68,Windows-10-10.0.26200-SP0,3.11.15,2.4.6,1.17.1,4.12.2,0.48.4,5.0.0,2.13.0+cpu,fd20710,10,False,,"(9, 6, 2)",2026-08-27T20:00:09+00:00,taubin,nan
a3_refine_quality,871,smoothing_baseline,pointmap_sheet,,0.0,,,0,0.01,fraction_of_unit_bbox_diagonal,,0.0016,100,,,,,,,,,,,,,ok,,,,,,0.001114,0.002195,1.0,1.0,1.0,0.99944,,,,,12th Gen Intel(R) Core(TM) i7-1255U,12,15.68,Windows-10-10.0.26200-SP0,3.11.15,2.4.6,1.17.1,4.12.2,0.48.4,5.0.0,2.13.0+cpu,fd20710,10,False,,"(9, 6, 2)",2026-08-27T20:00:09+00:00,laplacian,nan
a3_refine_quality,872,smoothing_baseline,pointmap_sheet,,0.0,,,0,0.01,fraction_of_unit_bbox_diagonal,,0.0016,100,,,,,,,,,,,,,ok,,,,,,0.0,0.0,1.0,1.0,1.0,0.99937,,,,,12th Gen Intel(R) Core(TM) i7-1255U,12,15.68,Windows-10-10.0.26200-SP0,3.11.15,2.4.6,1.17.1,4.12.2,0.48.4,5.0.0,2.13.0+cpu,fd20710,10,False,,"(9, 6, 2)",2026-08-27T20:00:09+00:00,none,nan
a3_refine_quality,873,smoothing_baseline,pointmap_sheet,,0.0,,,1,0.01,fraction_of_unit_bbox_diagonal,,0.0016,15,,,,,,,,,,,,,ok,,,,,,0.001098,0.002187,1.0,1.0,1.0,0.99927,,,,,12th Gen Intel(R) Core(TM) i7-1255U,12,15.68,Windows-10-10.0.26200-SP0,3.11.15,2.4.6,1.17.1,4.12.2,0.48.4,5.0.0,2.13.0+cpu,fd20710,10,False,,"(9, 6, 2)",2026-08-27T20:00:09+00:00,taubin,nan
a3_refine_quality,874,smoothing_baseline,pointmap_sheet,,0.0,,,1,0.01,fraction_of_unit_bbox_diagonal,,0.0016,15,,,,,,,,,,,,,ok,,,,,,0.000865,0.002039,1.0,1.0,1.0,0.99964,,,,,12th Gen Intel(R) Core(TM) i7-1255U,12,15.68,Windows-10-10.0.26200-SP0,3.11.15,2.4.6,1.17.1,4.12.2,0.48.4,5.0.0,2.13.0+cpu,fd20710,10,False,,"(9, 6, 2)",2026-08-27T20:00:09+00:00,laplacian,nan
a3_refine_quality,875,smoothing_baseline,pointmap_sheet,,0.0,,,1,0.01,fraction_of_unit_bbox_diagonal,,0.0016,15,,,,,,,,,,,,,ok,,,,,,0.0,0.0,1.0,1.0,1.0,0.99924,,,,,12th Gen Intel(R) Core(TM) i7-1255U,12,15.68,Windows-10-10.0.26200-SP0,3.11.15,2.4.6,1.17.1,4.12.2,0.48.4,5.0.0,2.13.0+cpu,fd20710,10,False,,"(9, 6, 2)",2026-08-27T20:00:09+00:00,none,nan
a3_refine_quality,876,smoothing_baseline,pointmap_sheet,,0.0,,,1,0.01,fraction_of_unit_bbox_diagonal,,0.0016,50,,,,,,,,,,,,,ok,,,,,,0.001132,0.002202,1.0,1.0,1.0,0.99919,,,,,12th Gen Intel(R) Core(TM) i7-1255U,12,15.68,Windows-10-10.0.26200-SP0,3.11.15,2.4.6,1.17.1,4.12.2,0.48.4,5.0.0,2.13.0+cpu,fd20710,10,False,,"(9, 6, 2)",2026-08-27T20:00:09+00:00,taubin,nan
a3_refine_quality,877,smoothing_baseline,pointmap_sheet,,0.0,,,1,0.01,fraction_of_unit_bbox_diagonal,,0.0016,50,,,,,,,,,,,,,ok,,,,,,0.001064,0.002145,1.0,1.0,1.0,0.99946,,,,,12th Gen Intel(R) Core(TM) i7-1255U,12,15.68,Windows-10-10.0.26200-SP0,3.11.15,2.4.6,1.17.1,4.12.2,0.48.4,5.0.0,2.13.0+cpu,fd20710,10,False,,"(9, 6, 2)",2026-08-27T20:00:09+00:00,laplacian,nan
a3_refine_quality,878,smoothing_baseline,pointmap_sheet,,0.0,,,1,0.01,fraction_of_unit_bbox_diagonal,,0.0016,50,,,,,,,,,,,,,ok,,,,,,0.0,0.0,1.0,1.0,1.0,0.99924,,,,,12th Gen Intel(R) Core(TM) i7-1255U,12,15.68,Windows-10-10.0.26200-SP0,3.11.15,2.4.6,1.17.1,4.12.2,0.48.4,5.0.0,2.13.0+cpu,fd20710,10,False,,"(9, 6, 2)",2026-08-27T20:00:09+00:00,none,nan
a3_refine_quality,879,smoothing_baseline,pointmap_sheet,,0.0,,,1,0.01,fraction_of_unit_bbox_diagonal,,0.0016,100,,,,,,,,,,,,,ok,,,,,,0.001149,0.002216,1.0,1.0,1.0,0.99904,,,,,12th Gen Intel(R) Core(TM) i7-1255U,12,15.68,Windows-10-10.0.26200-SP0,3.11.15,2.4.6,1.17.1,4.12.2,0.48.4,5.0.0,2.13.0+cpu,fd20710,10,False,,"(9, 6, 2)",2026-08-27T20:00:09+00:00,taubin,nan
a3_refine_quality,880,smoothing_baseline,pointmap_sheet,,0.0,,,1,0.01,fraction_of_unit_bbox_diagonal,,0.0016,100,,,,,,,,,,,,,ok,,,,,,0.00111,0.002183,1.0,1.0,1.0,0.99922,,,,,12th Gen Intel(R) Core(TM) i7-1255U,12,15.68,Windows-10-10.0.26200-SP0,3.11.15,2.4.6,1.17.1,4.12.2,0.48.4,5.0.0,2.13.0+cpu,fd20710,10,False,,"(9, 6, 2)",2026-08-27T20:00:09+00:00,laplacian,nan
a3_refine_quality,881,smoothing_baseline,pointmap_sheet,,0.0,,,1,0.01,fraction_of_unit_bbox_diagonal,,0.0016,100,,,,,,,,,,,,,ok,,,,,,0.0,0.0,1.0,1.0,1.0,0.99924,,,,,12th Gen Intel(R) Core(TM) i7-1255U,12,15.68,Windows-10-10.0.26200-SP0,3.11.15,2.4.6,1.17.1,4.12.2,0.48.4,5.0.0,2.13.0+cpu,fd20710,10,False,,"(9, 6, 2)",2026-08-27T20:00:09+00:00,none,nan
a3_refine_quality,882,smoothing_baseline,pointmap_sheet,,0.0,,,2,0.01,fraction_of_unit_bbox_diagonal,,0.0016,15,,,,,,,,,,,,,ok,,,,,,0.001101,0.002186,1.0,1.0,1.0,0.99951,,,,,12th Gen Intel(R) Core(TM) i7-1255U,12,15.68,Windows-10-10.0.26200-SP0,3.11.15,2.4.6,1.17.1,4.12.2,0.48.4,5.0.0,2.13.0+cpu,fd20710,10,False,,"(9, 6, 2)",2026-08-27T20:00:09+00:00,taubin,nan
a3_refine_quality,883,smoothing_baseline,pointmap_sheet,,0.0,,,2,0.01,fraction_of_unit_bbox_diagonal,,0.0016,15,,,,,,,,,,,,,ok,,,,,,0.000863,0.002038,1.0,1.0,1.0,0.99945,,,,,12th Gen Intel(R) Core(TM) i7-1255U,12,15.68,Windows-10-10.0.26200-SP0,3.11.15,2.4.6,1.17.1,4.12.2,0.48.4,5.0.0,2.13.0+cpu,fd20710,10,False,,"(9, 6, 2)",2026-08-27T20:00:09+00:00,laplacian,nan
a3_refine_quality,884,smoothing_baseline,pointmap_sheet,,0.0,,,2,0.01,fraction_of_unit_bbox_diagonal,,0.0016,15,,,,,,,,,,,,,ok,,,,,,0.0,0.0,1.0,1.0,1.0,0.99916,,,,,12th Gen Intel(R) Core(TM) i7-1255U,12,15.68,Windows-10-10.0.26200-SP0,3.11.15,2.4.6,1.17.1,4.12.2,0.48.4,5.0.0,2.13.0+cpu,fd20710,10,False,,"(9, 6, 2)",2026-08-27T20:00:09+00:00,none,nan
a3_refine_quality,885,smoothing_baseline,pointmap_sheet,,0.0,,,2,0.01,fraction_of_unit_bbox_diagonal,,0.0016,50,,,,,,,,,,,,,ok,,,,,,0.001133,0.002202,1.0,1.0,1.0,0.99923,,,,,12th Gen Intel(R) Core(TM) i7-1255U,12,15.68,Windows-10-10.0.26200-SP0,3.11.15,2.4.6,1.17.1,4.12.2,0.48.4,5.0.0,2.13.0+cpu,fd20710,10,False,,"(9, 6, 2)",2026-08-27T20:00:09+00:00,taubin,nan
a3_refine_quality,886,smoothing_baseline,pointmap_sheet,,0.0,,,2,0.01,fraction_of_unit_bbox_diagonal,,0.0016,50,,,,,,,,,,,,,ok,,,,,,0.001064,0.002157,1.0,1.0,1.0,0.99951,,,,,12th Gen Intel(R) Core(TM) i7-1255U,12,15.68,Windows-10-10.0.26200-SP0,3.11.15,2.4.6,1.17.1,4.12.2,0.48.4,5.0.0,2.13.0+cpu,fd20710,10,False,,"(9, 6, 2)",2026-08-27T20:00:09+00:00,laplacian,nan
a3_refine_quality,887,smoothing_baseline,pointmap_sheet,,0.0,,,2,0.01,fraction_of_unit_bbox_diagonal,,0.0016,50,,,,,,,,,,,,,ok,,,,,,0.0,0.0,1.0,1.0,1.0,0.99916,,,,,12th Gen Intel(R) Core(TM) i7-1255U,12,15.68,Windows-10-10.0.26200-SP0,3.11.15,2.4.6,1.17.1,4.12.2,0.48.4,5.0.0,2.13.0+cpu,fd20710,10,False,,"(9, 6, 2)",2026-08-27T20:00:09+00:00,none,nan
a3_refine_quality,888,smoothing_baseline,pointmap_sheet,,0.0,,,2,0.01,fraction_of_unit_bbox_diagonal,,0.0016,100,,,,,,,,,,,,,ok,,,,,,0.001149,0.002217,1.0,1.0,1.0,0.99912,,,,,12th Gen Intel(R) Core(TM) i7-1255U,12,15.68,Windows-10-10.0.26200-SP0,3.11.15,2.4.6,1.17.1,4.12.2,0.48.4,5.0.0,2.13.0+cpu,fd20710,10,False,,"(9, 6, 2)",2026-08-27T20:00:09+00:00,taubin,nan
a3_refine_quality,889,smoothing_baseline,pointmap_sheet,,0.0,,,2,0.01,fraction_of_unit_bbox_diagonal,,0.0016,100,,,,,,,,,,,,,ok,,,,,,0.00111,0.002186,1.0,1.0,1.0,0.99944,,,,,12th Gen Intel(R) Core(TM) i7-1255U,12,15.68,Windows-10-10.0.26200-SP0,3.11.15,2.4.6,1.17.1,4.12.2,0.48.4,5.0.0,2.13.0+cpu,fd20710,10,False,,"(9, 6, 2)",2026-08-27T20:00:09+00:00,laplacian,nan
a3_refine_quality,890,smoothing_baseline,pointmap_sheet,,0.0,,,2,0.01,fraction_of_unit_bbox_diagonal,,0.0016,100,,,,,,,,,,,,,ok,,,,,,0.0,0.0,1.0,1.0,1.0,0.99916,,,,,12th Gen Intel(R) Core(TM) i7-1255U,12,15.68,Windows-10-10.0.26200-SP0,3.11.15,2.4.6,1.17.1,4.12.2,0.48.4,5.0.0,2.13.0+cpu,fd20710,10,False,,"(9, 6, 2)",2026-08-27T20:00:09+00:00,none,nan
a3_refine_quality,891,smoothing_baseline,pointmap_sheet,,0.002,,,0,0.01,fraction_of_unit_bbox_diagonal,,0.0016,15,,,,,,,,,,,,,ok,,,,,,0.001414,0.002499,1.0,1.0,1.0,0.97887,,,,,12th Gen Intel(R) Core(TM) i7-1255U,12,15.68,Windows-10-10.0.26200-SP0,3.11.15,2.4.6,1.17.1,4.12.2,0.48.4,5.0.0,2.13.0+cpu,fd20710,10,False,,"(9, 6, 2)",2026-08-27T20:00:09+00:00,taubin,nan
a3_refine_quality,892,smoothing_baseline,pointmap_sheet,,0.002,,,0,0.01,fraction_of_unit_bbox_diagonal,,0.0016,15,,,,,,,,,,,,,ok,,,,,,0.001623,0.003001,1.0,1.0,1.0,0.8745,,,,,12th Gen Intel(R) Core(TM) i7-1255U,12,15.68,Windows-10-10.0.26200-SP0,3.11.15,2.4.6,1.17.1,4.12.2,0.48.4,5.0.0,2.13.0+cpu,fd20710,10,False,,"(9, 6, 2)",2026-08-27T20:00:09+00:00,laplacian,nan
a3_refine_quality,893,smoothing_baseline,pointmap_sheet,,0.002,,,0,0.01,fraction_of_unit_bbox_diagonal,,0.0016,15,,,,,,,,,,,,,ok,,,,,,0.001708,0.003253,1.0,1.0,1.0,0.83689,,,,,12th Gen Intel(R) Core(TM) i7-1255U,12,15.68,Windows-10-10.0.26200-SP0,3.11.15,2.4.6,1.17.1,4.12.2,0.48.4,5.0.0,2.13.0+cpu,fd20710,10,False,,"(9, 6, 2)",2026-08-27T20:00:09+00:00,none,nan
a3_refine_quality,894,smoothing_baseline,pointmap_sheet,,0.002,,,0,0.01,fraction_of_unit_bbox_diagonal,,0.0016,50,,,,,,,,,,,,,ok,,,,,,0.001261,0.002314,1.0,1.0,1.0,0.99489,,,,,12th Gen Intel(R) Core(TM) i7-1255U,12,15.68,Windows-10-10.0.26200-SP0,3.11.15,2.4.6,1.17.1,4.12.2,0.48.4,5.0.0,2.13.0+cpu,fd20710,10,False,,"(9, 6, 2)",2026-08-27T20:00:09+00:00,taubin,nan
a3_refine_quality,895,smoothing_baseline,pointmap_sheet,,0.002,,,0,0.01,fraction_of_unit_bbox_diagonal,,0.0016,50,,,,,,,,,,,,,ok,,,,,,0.00148,0.002632,1.0,1.0,1.0,0.93905,,,,,12th Gen Intel(R) Core(TM) i7-1255U,12,15.68,Windows-10-10.0.26200-SP0,3.11.15,2.4.6,1.17.1,4.12.2,0.48.4,5.0.0,2.13.0+cpu,fd20710,10,False,,"(9, 6, 2)",2026-08-27T20:00:09+00:00,laplacian,nan
a3_refine_quality,896,smoothing_baseline,pointmap_sheet,,0.002,,,0,0.01,fraction_of_unit_bbox_diagonal,,0.0016,50,,,,,,,,,,,,,ok,,,,,,0.001708,0.003253,1.0,1.0,1.0,0.83689,,,,,12th Gen Intel(R) Core(TM) i7-1255U,12,15.68,Windows-10-10.0.26200-SP0,3.11.15,2.4.6,1.17.1,4.12.2,0.48.4,5.0.0,2.13.0+cpu,fd20710,10,False,,"(9, 6, 2)",2026-08-27T20:00:09+00:00,none,nan
a3_refine_quality,897,smoothing_baseline,pointmap_sheet,,0.002,,,0,0.01,fraction_of_unit_bbox_diagonal,,0.0016,100,,,,,,,,,,,,,ok,,,,,,0.001249,0.002314,1.0,1.0,1.0,0.99557,,,,,12th Gen Intel(R) Core(TM) i7-1255U,12,15.68,Windows-10-10.0.26200-SP0,3.11.15,2.4.6,1.17.1,4.12.2,0.48.4,5.0.0,2.13.0+cpu,fd20710,10,False,,"(9, 6, 2)",2026-08-27T20:00:09+00:00,taubin,nan
a3_refine_quality,898,smoothing_baseline,pointmap_sheet,,0.002,,,0,0.01,fraction_of_unit_bbox_diagonal,,0.0016,100,,,,,,,,,,,,,ok,,,,,,0.001366,0.002425,1.0,1.0,1.0,0.97529,,,,,12th Gen Intel(R) Core(TM) i7-1255U,12,15.68,Windows-10-10.0.26200-SP0,3.11.15,2.4.6,1.17.1,4.12.2,0.48.4,5.0.0,2.13.0+cpu,fd20710,10,False,,"(9, 6, 2)",2026-08-27T20:00:09+00:00,laplacian,nan
a3_refine_quality,899,smoothing_baseline,pointmap_sheet,,0.002,,,0,0.01,fraction_of_unit_bbox_diagonal,,0.0016,100,,,,,,,,,,,,,ok,,,,,,0.001708,0.003253,1.0,1.0,1.0,0.83689,,,,,12th Gen Intel(R) Core(TM) i7-1255U,12,15.68,Windows-10-10.0.26200-SP0,3.11.15,2.4.6,1.17.1,4.12.2,0.48.4,5.0.0,2.13.0+cpu,fd20710,10,False,,"(9, 6, 2)",2026-08-27T20:00:09+00:00,none,nan
a3_refine_quality,900,smoothing_baseline,pointmap_sheet,,0.002,,,1,0.01,fraction_of_unit_bbox_diagonal,,0.0016,15,,,,,,,,,,,,,ok,,,,,,0.001409,0.002495,1.0,1.0,1.0,0.97959,,,,,12th Gen Intel(R) Core(TM) i7-1255U,12,15.68,Windows-10-10.0.26200-SP0,3.11.15,2.4.6,1.17.1,4.12.2,0.48.4,5.0.0,2.13.0+cpu,fd20710,10,False,,"(9, 6, 2)",2026-08-27T20:00:09+00:00,taubin,nan
a3_refine_quality,901,smoothing_baseline,pointmap_sheet,,0.002,,,1,0.01,fraction_of_unit_bbox_diagonal,,0.0016,15,,,,,,,,,,,,,ok,,,,,,0.001613,0.002973,1.0,1.0,1.0,0.8792,,,,,12th Gen Intel(R) Core(TM) i7-1255U,12,15.68,Windows-10-10.0.26200-SP0,3.11.15,2.4.6,1.17.1,4.12.2,0.48.4,5.0.0,2.13.0+cpu,fd20710,10,False,,"(9, 6, 2)",2026-08-27T20:00:09+00:00,laplacian,nan
a3_refine_quality,902,smoothing_baseline,pointmap_sheet,,0.002,,,1,0.01,fraction_of_unit_bbox_diagonal,,0.0016,15,,,,,,,,,,,,,ok,,,,,,0.001693,0.003213,1.0,1.0,1.0,0.83709,,,,,12th Gen Intel(R) Core(TM) i7-1255U,12,15.68,Windows-10-10.0.26200-SP0,3.11.15,2.4.6,1.17.1,4.12.2,0.48.4,5.0.0,2.13.0+cpu,fd20710,10,False,,"(9, 6, 2)",2026-08-27T20:00:09+00:00,none,nan
a3_refine_quality,903,smoothing_baseline,pointmap_sheet,,0.002,,,1,0.01,fraction_of_unit_bbox_diagonal,,0.0016,50,,,,,,,,,,,,,ok,,,,,,0.00127,0.002327,1.0,1.0,1.0,0.99534,,,,,12th Gen Intel(R) Core(TM) i7-1255U,12,15.68,Windows-10-10.0.26200-SP0,3.11.15,2.4.6,1.17.1,4.12.2,0.48.4,5.0.0,2.13.0+cpu,fd20710,10,False,,"(9, 6, 2)",2026-08-27T20:00:09+00:00,taubin,nan
a3_refine_quality,904,smoothing_baseline,pointmap_sheet,,0.002,,,1,0.01,fraction_of_unit_bbox_diagonal,,0.0016,50,,,,,,,,,,,,,ok,,,,,,0.001468,0.002631,1.0,1.0,1.0,0.94098,,,,,12th Gen Intel(R) Core(TM) i7-1255U,12,15.68,Windows-10-10.0.26200-SP0,3.11.15,2.4.6,1.17.1,4.12.2,0.48.4,5.0.0,2.13.0+cpu,fd20710,10,False,,"(9, 6, 2)",2026-08-27T20:00:09+00:00,laplacian,nan
a3_refine_quality,905,smoothing_baseline,pointmap_sheet,,0.002,,,1,0.01,fraction_of_unit_bbox_diagonal,,0.0016,50,,,,,,,,,,,,,ok,,,,,,0.001693,0.003213,1.0,1.0,1.0,0.83709,,,,,12th Gen Intel(R) Core(TM) i7-1255U,12,15.68,Windows-10-10.0.26200-SP0,3.11.15,2.4.6,1.17.1,4.12.2,0.48.4,5.0.0,2.13.0+cpu,fd20710,10,False,,"(9, 6, 2)",2026-08-27T20:00:09+00:00,none,nan
a3_refine_quality,906,smoothing_baseline,pointmap_sheet,,0.002,,,1,0.01,fraction_of_unit_bbox_diagonal,,0.0016,100,,,,,,,,,,,,,ok,,,,,,0.00125,0.002302,1.0,1.0,1.0,0.99598,,,,,12th Gen Intel(R) Core(TM) i7-1255U,12,15.68,Windows-10-10.0.26200-SP0,3.11.15,2.4.6,1.17.1,4.12.2,0.48.4,5.0.0,2.13.0+cpu,fd20710,10,False,,"(9, 6, 2)",2026-08-27T20:00:09+00:00,taubin,nan
a3_refine_quality,907,smoothing_baseline,pointmap_sheet,,0.002,,,1,0.01,fraction_of_unit_bbox_diagonal,,0.0016,100,,,,,,,,,,,,,ok,,,,,,0.001368,0.002435,1.0,1.0,1.0,0.9766,,,,,12th Gen Intel(R) Core(TM) i7-1255U,12,15.68,Windows-10-10.0.26200-SP0,3.11.15,2.4.6,1.17.1,4.12.2,0.48.4,5.0.0,2.13.0+cpu,fd20710,10,False,,"(9, 6, 2)",2026-08-27T20:00:09+00:00,laplacian,nan
a3_refine_quality,908,smoothing_baseline,pointmap_sheet,,0.002,,,1,0.01,fraction_of_unit_bbox_diagonal,,0.0016,100,,,,,,,,,,,,,ok,,,,,,0.001693,0.003213,1.0,1.0,1.0,0.83709,,,,,12th Gen Intel(R) Core(TM) i7-1255U,12,15.68,Windows-10-10.0.26200-SP0,3.11.15,2.4.6,1.17.1,4.12.2,0.48.4,5.0.0,2.13.0+cpu,fd20710,10,False,,"(9, 6, 2)",2026-08-27T20:00:09+00:00,none,nan
a3_refine_quality,909,smoothing_baseline,pointmap_sheet,,0.002,,,2,0.01,fraction_of_unit_bbox_diagonal,,0.0016,15,,,,,,,,,,,,,ok,,,,,,0.001407,0.002494,1.0,1.0,1.0,0.97859,,,,,12th Gen Intel(R) Core(TM) i7-1255U,12,15.68,Windows-10-10.0.26200-SP0,3.11.15,2.4.6,1.17.1,4.12.2,0.48.4,5.0.0,2.13.0+cpu,fd20710,10,False,,"(9, 6, 2)",2026-08-27T20:00:09+00:00,taubin,nan
a3_refine_quality,910,smoothing_baseline,pointmap_sheet,,0.002,,,2,0.01,fraction_of_unit_bbox_diagonal,,0.0016,15,,,,,,,,,,,,,ok,,,,,,0.001616,0.002969,1.0,1.0,1.0,0.87744,,,,,12th Gen Intel(R) Core(TM) i7-1255U,12,15.68,Windows-10-10.0.26200-SP0,3.11.15,2.4.6,1.17.1,4.12.2,0.48.4,5.0.0,2.13.0+cpu,fd20710,10,False,,"(9, 6, 2)",2026-08-27T20:00:09+00:00,laplacian,nan
a3_refine_quality,911,smoothing_baseline,pointmap_sheet,,0.002,,,2,0.01,fraction_of_unit_bbox_diagonal,,0.0016,15,,,,,,,,,,,,,ok,,,,,,0.001703,0.003225,1.0,1.0,1.0,0.83825,,,,,12th Gen Intel(R) Core(TM) i7-1255U,12,15.68,Windows-10-10.0.26200-SP0,3.11.15,2.4.6,1.17.1,4.12.2,0.48.4,5.0.0,2.13.0+cpu,fd20710,10,False,,"(9, 6, 2)",2026-08-27T20:00:09+00:00,none,nan
a3_refine_quality,912,smoothing_baseline,pointmap_sheet,,0.002,,,2,0.01,fraction_of_unit_bbox_diagonal,,0.0016,50,,,,,,,,,,,,,ok,,,,,,0.001265,0.002321,1.0,1.0,1.0,0.99466,,,,,12th Gen Intel(R) Core(TM) i7-1255U,12,15.68,Windows-10-10.0.26200-SP0,3.11.15,2.4.6,1.17.1,4.12.2,0.48.4,5.0.0,2.13.0+cpu,fd20710,10,False,,"(9, 6, 2)",2026-08-27T20:00:09+00:00,taubin,nan
a3_refine_quality,913,smoothing_baseline,pointmap_sheet,,0.002,,,2,0.01,fraction_of_unit_bbox_diagonal,,0.0016,50,,,,,,,,,,,,,ok,,,,,,0.001476,0.002634,1.0,1.0,1.0,0.94058,,,,,12th Gen Intel(R) Core(TM) i7-1255U,12,15.68,Windows-10-10.0.26200-SP0,3.11.15,2.4.6,1.17.1,4.12.2,0.48.4,5.0.0,2.13.0+cpu,fd20710,10,False,,"(9, 6, 2)",2026-08-27T20:00:09+00:00,laplacian,nan
a3_refine_quality,914,smoothing_baseline,pointmap_sheet,,0.002,,,2,0.01,fraction_of_unit_bbox_diagonal,,0.0016,50,,,,,,,,,,,,,ok,,,,,,0.001703,0.003225,1.0,1.0,1.0,0.83825,,,,,12th Gen Intel(R) Core(TM) i7-1255U,12,15.68,Windows-10-10.0.26200-SP0,3.11.15,2.4.6,1.17.1,4.12.2,0.48.4,5.0.0,2.13.0+cpu,fd20710,10,False,,"(9, 6, 2)",2026-08-27T20:00:09+00:00,none,nan
a3_refine_quality,915,smoothing_baseline,pointmap_sheet,,0.002,,,2,0.01,fraction_of_unit_bbox_diagonal,,0.0016,100,,,,,,,,,,,,,ok,,,,,,0.001251,0.002301,1.0,1.0,1.0,0.99537,,,,,12th Gen Intel(R) Core(TM) i7-1255U,12,15.68,Windows-10-10.0.26200-SP0,3.11.15,2.4.6,1.17.1,4.12.2,0.48.4,5.0.0,2.13.0+cpu,fd20710,10,False,,"(9, 6, 2)",2026-08-27T20:00:09+00:00,taubin,nan
a3_refine_quality,916,smoothing_baseline,pointmap_sheet,,0.002,,,2,0.01,fraction_of_unit_bbox_diagonal,,0.0016,100,,,,,,,,,,,,,ok,,,,,,0.001366,0.002422,1.0,1.0,1.0,0.97603,,,,,12th Gen Intel(R) Core(TM) i7-1255U,12,15.68,Windows-10-10.0.26200-SP0,3.11.15,2.4.6,1.17.1,4.12.2,0.48.4,5.0.0,2.13.0+cpu,fd20710,10,False,,"(9, 6, 2)",2026-08-27T20:00:09+00:00,laplacian,nan
a3_refine_quality,917,smoothing_baseline,pointmap_sheet,,0.002,,,2,0.01,fraction_of_unit_bbox_diagonal,,0.0016,100,,,,,,,,,,,,,ok,,,,,,0.001703,0.003225,1.0,1.0,1.0,0.83825,,,,,12th Gen Intel(R) Core(TM) i7-1255U,12,15.68,Windows-10-10.0.26200-SP0,3.11.15,2.4.6,1.17.1,4.12.2,0.48.4,5.0.0,2.13.0+cpu,fd20710,10,False,,"(9, 6, 2)",2026-08-27T20:00:09+00:00,none,nan
a3_refine_quality,918,smoothing_baseline,pointmap_sheet,,0.005,,,0,0.01,fraction_of_unit_bbox_diagonal,,0.0016,15,,,,,,,,,,,,,ok,,,,,,0.002194,0.004593,0.9996,1.0,0.9998,0.88271,,,,,12th Gen Intel(R) Core(TM) i7-1255U,12,15.68,Windows-10-10.0.26200-SP0,3.11.15,2.4.6,1.17.1,4.12.2,0.48.4,5.0.0,2.13.0+cpu,fd20710,10,False,,"(9, 6, 2)",2026-08-27T20:00:09+00:00,taubin,nan
a3_refine_quality,919,smoothing_baseline,pointmap_sheet,,0.005,,,0,0.01,fraction_of_unit_bbox_diagonal,,0.0016,15,,,,,,,,,,,,,ok,,,,,,0.00269,0.006677,0.996,1.0,0.998,0.65199,,,,,12th Gen Intel(R) Core(TM) i7-1255U,12,15.68,Windows-10-10.0.26200-SP0,3.11.15,2.4.6,1.17.1,4.12.2,0.48.4,5.0.0,2.13.0+cpu,fd20710,10,False,,"(9, 6, 2)",2026-08-27T20:00:09+00:00,laplacian,nan
a3_refine_quality,920,smoothing_baseline,pointmap_sheet,,0.005,,,0,0.01,fraction_of_unit_bbox_diagonal,,0.0016,15,,,,,,,,,,,,,ok,,,,,,0.002901,0.007545,0.9894,1.0,0.9947,0.61587,,,,,12th Gen Intel(R) Core(TM) i7-1255U,12,15.68,Windows-10-10.0.26200-SP0,3.11.15,2.4.6,1.17.1,4.12.2,0.48.4,5.0.0,2.13.0+cpu,fd20710,10,False,,"(9, 6, 2)",2026-08-27T20:00:09+00:00,none,nan
a3_refine_quality,921,smoothing_baseline,pointmap_sheet,,0.005,,,0,0.01,fraction_of_unit_bbox_diagonal,,0.0016,50,,,,,,,,,,,,,ok,,,,,,0.001703,0.003198,0.9992,1.0,0.9996,0.97661,,,,,12th Gen Intel(R) Core(TM) i7-1255U,12,15.68,Windows-10-10.0.26200-SP0,3.11.15,2.4.6,1.17.1,4.12.2,0.48.4,5.0.0,2.13.0+cpu,fd20710,10,False,,"(9, 6, 2)",2026-08-27T20:00:09+00:00,taubin,nan
a3_refine_quality,922,smoothing_baseline,pointmap_sheet,,0.005,,,0,0.01,fraction_of_unit_bbox_diagonal,,0.0016,50,,,,,,,,,,,,,ok,,,,,,0.002352,0.005299,0.9994,1.0,0.9997,0.74034,,,,,12th Gen Intel(R) Core(TM) i7-1255U,12,15.68,Windows-10-10.0.26200-SP0,3.11.15,2.4.6,1.17.1,4.12.2,0.48.4,5.0.0,2.13.0+cpu,fd20710,10,False,,"(9, 6, 2)",2026-08-27T20:00:09+00:00,laplacian,nan
a3_refine_quality,923,smoothing_baseline,pointmap_sheet,,0.005,,,0,0.01,fraction_of_unit_bbox_diagonal,,0.0016,50,,,,,,,,,,,,,ok,,,,,,0.002901,0.007545,0.9894,1.0,0.9947,0.61587,,,,,12th Gen Intel(R) Core(TM) i7-1255U,12,15.68,Windows-10-10.0.26200-SP0,3.11.15,2.4.6,1.17.1,4.12.2,0.48.4,5.0.0,2.13.0+cpu,fd20710,10,False,,"(9, 6, 2)",2026-08-27T20:00:09+00:00,none,nan
a3_refine_quality,924,smoothing_baseline,pointmap_sheet,,0.005,,,0,0.01,fraction_of_unit_bbox_diagonal,,0.0016,100,,,,,,,,,,,,,ok,,,,,,0.001612,0.003023,0.9994,1.0,0.9997,0.9805,,,,,12th Gen Intel(R) Core(TM) i7-1255U,12,15.68,Windows-10-10.0.26200-SP0,3.11.15,2.4.6,1.17.1,4.12.2,0.48.4,5.0.0,2.13.0+cpu,fd20710,10,False,,"(9, 6, 2)",2026-08-27T20:00:09+00:00,taubin,nan
a3_refine_quality,925,smoothing_baseline,pointmap_sheet,,0.005,,,0,0.01,fraction_of_unit_bbox_diagonal,,0.0016,100,,,,,,,,,,,,,ok,,,,,,0.002038,0.00417,0.9994,1.0,0.9997,0.86661,,,,,12th Gen Intel(R) Core(TM) i7-1255U,12,15.68,Windows-10-10.0.26200-SP0,3.11.15,2.4.6,1.17.1,4.12.2,0.48.4,5.0.0,2.13.0+cpu,fd20710,10,False,,"(9, 6, 2)",2026-08-27T20:00:09+00:00,laplacian,nan
a3_refine_quality,926,smoothing_baseline,pointmap_sheet,,0.005,,,0,0.01,fraction_of_unit_bbox_diagonal,,0.0016,100,,,,,,,,,,,,,ok,,,,,,0.002901,0.007545,0.9894,1.0,0.9947,0.61587,,,,,12th Gen Intel(R) Core(TM) i7-1255U,12,15.68,Windows-10-10.0.26200-SP0,3.11.15,2.4.6,1.17.1,4.12.2,0.48.4,5.0.0,2.13.0+cpu,fd20710,10,False,,"(9, 6, 2)",2026-08-27T20:00:09+00:00,none,nan
a3_refine_quality,927,smoothing_baseline,pointmap_sheet,,0.005,,,1,0.01,fraction_of_unit_bbox_diagonal,,0.0016,15,,,,,,,,,,,,,ok,,,,,,0.002177,0.004543,0.999,1.0,0.9995,0.88893,,,,,12th Gen Intel(R) Core(TM) i7-1255U,12,15.68,Windows-10-10.0.26200-SP0,3.11.15,2.4.6,1.17.1,4.12.2,0.48.4,5.0.0,2.13.0+cpu,fd20710,10,False,,"(9, 6, 2)",2026-08-27T20:00:09+00:00,taubin,nan
a3_refine_quality,928,smoothing_baseline,pointmap_sheet,,0.005,,,1,0.01,fraction_of_unit_bbox_diagonal,,0.0016,15,,,,,,,,,,,,,ok,,,,,,0.002654,0.006588,0.9963,1.0,0.9981,0.65276,,,,,12th Gen Intel(R) Core(TM) i7-1255U,12,15.68,Windows-10-10.0.26200-SP0,3.11.15,2.4.6,1.17.1,4.12.2,0.48.4,5.0.0,2.13.0+cpu,fd20710,10,False,,"(9, 6, 2)",2026-08-27T20:00:09+00:00,laplacian,nan
a3_refine_quality,929,smoothing_baseline,pointmap_sheet,,0.005,,,1,0.01,fraction_of_unit_bbox_diagonal,,0.0016,15,,,,,,,,,,,,,ok,,,,,,0.002859,0.00745,0.9902,1.0,0.9951,0.6174,,,,,12th Gen Intel(R) Core(TM) i7-1255U,12,15.68,Windows-10-10.0.26200-SP0,3.11.15,2.4.6,1.17.1,4.12.2,0.48.4,5.0.0,2.13.0+cpu,fd20710,10,False,,"(9, 6, 2)",2026-08-27T20:00:09+00:00,none,nan
a3_refine_quality,930,smoothing_baseline,pointmap_sheet,,0.005,,,1,0.01,fraction_of_unit_bbox_diagonal,,0.0016,50,,,,,,,,,,,,,ok,,,,,,0.00171,0.003206,0.999,1.0,0.9995,0.97813,,,,,12th Gen Intel(R) Core(TM) i7-1255U,12,15.68,Windows-10-10.0.26200-SP0,3.11.15,2.4.6,1.17.1,4.12.2,0.48.4,5.0.0,2.13.0+cpu,fd20710,10,False,,"(9, 6, 2)",2026-08-27T20:00:09+00:00,taubin,nan
a3_refine_quality,931,smoothing_baseline,pointmap_sheet,,0.005,,,1,0.01,fraction_of_unit_bbox_diagonal,,0.0016,50,,,,,,,,,,,,,ok,,,,,,0.002325,0.005239,0.9991,1.0,0.9996,0.74795,,,,,12th Gen Intel(R) Core(TM) i7-1255U,12,15.68,Windows-10-10.0.26200-SP0,3.11.15,2.4.6,1.17.1,4.12.2,0.48.4,5.0.0,2.13.0+cpu,fd20710,10,False,,"(9, 6, 2)",2026-08-27T20:00:09+00:00,laplacian,nan
a3_refine_quality,932,smoothing_baseline,pointmap_sheet,,0.005,,,1,0.01,fraction_of_unit_bbox_diagonal,,0.0016,50,,,,,,,,,,,,,ok,,,,,,0.002859,0.00745,0.9902,1.0,0.9951,0.6174,,,,,12th Gen Intel(R) Core(TM) i7-1255U,12,15.68,Windows-10-10.0.26200-SP0,3.11.15,2.4.6,1.17.1,4.12.2,0.48.4,5.0.0,2.13.0+cpu,fd20710,10,False,,"(9, 6, 2)",2026-08-27T20:00:09+00:00,none,nan
a3_refine_quality,933,smoothing_baseline,pointmap_sheet,,0.005,,,1,0.01,fraction_of_unit_bbox_diagonal,,0.0016,100,,,,,,,,,,,,,ok,,,,,,0.001606,0.002985,0.9989,1.0,0.9994,0.98339,,,,,12th Gen Intel(R) Core(TM) i7-1255U,12,15.68,Windows-10-10.0.26200-SP0,3.11.15,2.4.6,1.17.1,4.12.2,0.48.4,5.0.0,2.13.0+cpu,fd20710,10,False,,"(9, 6, 2)",2026-08-27T20:00:09+00:00,taubin,nan
a3_refine_quality,934,smoothing_baseline,pointmap_sheet,,0.005,,,1,0.01,fraction_of_unit_bbox_diagonal,,0.0016,100,,,,,,,,,,,,,ok,,,,,,0.002031,0.004187,0.999,1.0,0.9995,0.87241,,,,,12th Gen Intel(R) Core(TM) i7-1255U,12,15.68,Windows-10-10.0.26200-SP0,3.11.15,2.4.6,1.17.1,4.12.2,0.48.4,5.0.0,2.13.0+cpu,fd20710,10,False,,"(9, 6, 2)",2026-08-27T20:00:09+00:00,laplacian,nan
a3_refine_quality,935,smoothing_baseline,pointmap_sheet,,0.005,,,1,0.01,fraction_of_unit_bbox_diagonal,,0.0016,100,,,,,,,,,,,,,ok,,,,,,0.002859,0.00745,0.9902,1.0,0.9951,0.6174,,,,,12th Gen Intel(R) Core(TM) i7-1255U,12,15.68,Windows-10-10.0.26200-SP0,3.11.15,2.4.6,1.17.1,4.12.2,0.48.4,5.0.0,2.13.0+cpu,fd20710,10,False,,"(9, 6, 2)",2026-08-27T20:00:09+00:00,none,nan
a3_refine_quality,936,smoothing_baseline,pointmap_sheet,,0.005,,,2,0.01,fraction_of_unit_bbox_diagonal,,0.0016,15,,,,,,,,,,,,,ok,,,,,,0.002186,0.00464,0.9994,1.0,0.9997,0.88454,,,,,12th Gen Intel(R) Core(TM) i7-1255U,12,15.68,Windows-10-10.0.26200-SP0,3.11.15,2.4.6,1.17.1,4.12.2,0.48.4,5.0.0,2.13.0+cpu,fd20710,10,False,,"(9, 6, 2)",2026-08-27T20:00:09+00:00,taubin,nan
a3_refine_quality,937,smoothing_baseline,pointmap_sheet,,0.005,,,2,0.01,fraction_of_unit_bbox_diagonal,,0.0016,15,,,,,,,,,,,,,ok,,,,,,0.002691,0.006582,0.9969,1.0,0.9984,0.64669,,,,,12th Gen Intel(R) Core(TM) i7-1255U,12,15.68,Windows-10-10.0.26200-SP0,3.11.15,2.4.6,1.17.1,4.12.2,0.48.4,5.0.0,2.13.0+cpu,fd20710,10,False,,"(9, 6, 2)",2026-08-27T20:00:09+00:00,laplacian,nan
a3_refine_quality,938,smoothing_baseline,pointmap_sheet,,0.005,,,2,0.01,fraction_of_unit_bbox_diagonal,,0.0016,15,,,,,,,,,,,,,ok,,,,,,0.002894,0.007429,0.9908,1.0,0.9953,0.61603,,,,,12th Gen Intel(R) Core(TM) i7-1255U,12,15.68,Windows-10-10.0.26200-SP0,3.11.15,2.4.6,1.17.1,4.12.2,0.48.4,5.0.0,2.13.0+cpu,fd20710,10,False,,"(9, 6, 2)",2026-08-27T20:00:09+00:00,none,nan
a3_refine_quality,939,smoothing_baseline,pointmap_sheet,,0.005,,,2,0.01,fraction_of_unit_bbox_diagonal,,0.0016,50,,,,,,,,,,,,,ok,,,,,,0.001703,0.003214,0.9995,1.0,0.9998,0.97705,,,,,12th Gen Intel(R) Core(TM) i7-1255U,12,15.68,Windows-10-10.0.26200-SP0,3.11.15,2.4.6,1.17.1,4.12.2,0.48.4,5.0.0,2.13.0+cpu,fd20710,10,False,,"(9, 6, 2)",2026-08-27T20:00:09+00:00,taubin,nan
a3_refine_quality,940,smoothing_baseline,pointmap_sheet,,0.005,,,2,0.01,fraction_of_unit_bbox_diagonal,,0.0016,50,,,,,,,,,,,,,ok,,,,,,0.002341,0.005205,0.9993,1.0,0.9997,0.74381,,,,,12th Gen Intel(R) Core(TM) i7-1255U,12,15.68,Windows-10-10.0.26200-SP0,3.11.15,2.4.6,1.17.1,4.12.2,0.48.4,5.0.0,2.13.0+cpu,fd20710,10,False,,"(9, 6, 2)",2026-08-27T20:00:09+00:00,laplacian,nan
a3_refine_quality,941,smoothing_baseline,pointmap_sheet,,0.005,,,2,0.01,fraction_of_unit_bbox_diagonal,,0.0016,50,,,,,,,,,,,,,ok,,,,,,0.002894,0.007429,0.9908,1.0,0.9953,0.61603,,,,,12th Gen Intel(R) Core(TM) i7-1255U,12,15.68,Windows-10-10.0.26200-SP0,3.11.15,2.4.6,1.17.1,4.12.2,0.48.4,5.0.0,2.13.0+cpu,fd20710,10,False,,"(9, 6, 2)",2026-08-27T20:00:09+00:00,none,nan
a3_refine_quality,942,smoothing_baseline,pointmap_sheet,,0.005,,,2,0.01,fraction_of_unit_bbox_diagonal,,0.0016,100,,,,,,,,,,,,,ok,,,,,,0.001609,0.003028,0.9994,1.0,0.9997,0.98067,,,,,12th Gen Intel(R) Core(TM) i7-1255U,12,15.68,Windows-10-10.0.26200-SP0,3.11.15,2.4.6,1.17.1,4.12.2,0.48.4,5.0.0,2.13.0+cpu,fd20710,10,False,,"(9, 6, 2)",2026-08-27T20:00:09+00:00,taubin,nan
a3_refine_quality,943,smoothing_baseline,pointmap_sheet,,0.005,,,2,0.01,fraction_of_unit_bbox_diagonal,,0.0016,100,,,,,,,,,,,,,ok,,,,,,0.002043,0.004186,0.9996,1.0,0.9998,0.86918,,,,,12th Gen Intel(R) Core(TM) i7-1255U,12,15.68,Windows-10-10.0.26200-SP0,3.11.15,2.4.6,1.17.1,4.12.2,0.48.4,5.0.0,2.13.0+cpu,fd20710,10,False,,"(9, 6, 2)",2026-08-27T20:00:09+00:00,laplacian,nan
a3_refine_quality,944,smoothing_baseline,pointmap_sheet,,0.005,,,2,0.01,fraction_of_unit_bbox_diagonal,,0.0016,100,,,,,,,,,,,,,ok,,,,,,0.002894,0.007429,0.9908,1.0,0.9953,0.61603,,,,,12th Gen Intel(R) Core(TM) i7-1255U,12,15.68,Windows-10-10.0.26200-SP0,3.11.15,2.4.6,1.17.1,4.12.2,0.48.4,5.0.0,2.13.0+cpu,fd20710,10,False,,"(9, 6, 2)",2026-08-27T20:00:09+00:00,none,nan
a3_refine_quality,945,smoothing_baseline,pointmap_sheet,,0.01,,,0,0.01,fraction_of_unit_bbox_diagonal,,0.0016,15,,,,,,,,,,,,,ok,,,,,,0.003539,0.009336,0.9631,0.9988,0.9806,0.7009,,,,,12th Gen Intel(R) Core(TM) i7-1255U,12,15.68,Windows-10-10.0.26200-SP0,3.11.15,2.4.6,1.17.1,4.12.2,0.48.4,5.0.0,2.13.0+cpu,fd20710,10,False,,"(9, 6, 2)",2026-08-27T20:00:09+00:00,taubin,nan
a3_refine_quality,946,smoothing_baseline,pointmap_sheet,,0.01,,,0,0.01,fraction_of_unit_bbox_diagonal,,0.0016,15,,,,,,,,,,,,,ok,,,,,,0.004312,0.013272,0.8649,0.9989,0.927,0.54134,,,,,12th Gen Intel(R) Core(TM) i7-1255U,12,15.68,Windows-10-10.0.26200-SP0,3.11.15,2.4.6,1.17.1,4.12.2,0.48.4,5.0.0,2.13.0+cpu,fd20710,10,False,,"(9, 6, 2)",2026-08-27T20:00:09+00:00,laplacian,nan
a3_refine_quality,947,smoothing_baseline,pointmap_sheet,,0.01,,,0,0.01,fraction_of_unit_bbox_diagonal,,0.0016,15,,,,,,,,,,,,,ok,,,,,,0.004649,0.014917,0.8171,0.999,0.8989,0.53413,,,,,12th Gen Intel(R) Core(TM) i7-1255U,12,15.68,Windows-10-10.0.26200-SP0,3.11.15,2.4.6,1.17.1,4.12.2,0.48.4,5.0.0,2.13.0+cpu,fd20710,10,False,,"(9, 6, 2)",2026-08-27T20:00:09+00:00,none,nan
a3_refine_quality,948,smoothing_baseline,pointmap_sheet,,0.01,,,0,0.01,fraction_of_unit_bbox_diagonal,,0.0016,50,,,,,,,,,,,,,ok,,,,,,0.002673,0.00683,0.9759,0.9987,0.9872,0.92585,,,,,12th Gen Intel(R) Core(TM) i7-1255U,12,15.68,Windows-10-10.0.26200-SP0,3.11.15,2.4.6,1.17.1,4.12.2,0.48.4,5.0.0,2.13.0+cpu,fd20710,10,False,,"(9, 6, 2)",2026-08-27T20:00:09+00:00,taubin,nan
a3_refine_quality,949,smoothing_baseline,pointmap_sheet,,0.01,,,0,0.01,fraction_of_unit_bbox_diagonal,,0.0016,50,,,,,,,,,,,,,ok,,,,,,0.003714,0.010565,0.9374,0.9992,0.9673,0.58603,,,,,12th Gen Intel(R) Core(TM) i7-1255U,12,15.68,Windows-10-10.0.26200-SP0,3.11.15,2.4.6,1.17.1,4.12.2,0.48.4,5.0.0,2.13.0+cpu,fd20710,10,False,,"(9, 6, 2)",2026-08-27T20:00:09+00:00,laplacian,nan
a3_refine_quality,950,smoothing_baseline,pointmap_sheet,,0.01,,,0,0.01,fraction_of_unit_bbox_diagonal,,0.0016,50,,,,,,,,,,,,,ok,,,,,,0.004649,0.014917,0.8171,0.999,0.8989,0.53413,,,,,12th Gen Intel(R) Core(TM) i7-1255U,12,15.68,Windows-10-10.0.26200-SP0,3.11.15,2.4.6,1.17.1,4.12.2,0.48.4,5.0.0,2.13.0+cpu,fd20710,10,False,,"(9, 6, 2)",2026-08-27T20:00:09+00:00,none,nan
a3_refine_quality,951,smoothing_baseline,pointmap_sheet,,0.01,,,0,0.01,fraction_of_unit_bbox_diagonal,,0.0016,100,,,,,,,,,,,,,ok,,,,,,0.002467,0.006785,0.9755,0.9983,0.9867,0.94107,,,,,12th Gen Intel(R) Core(TM) i7-1255U,12,15.68,Windows-10-10.0.26200-SP0,3.11.15,2.4.6,1.17.1,4.12.2,0.48.4,5.0.0,2.13.0+cpu,fd20710,10,False,,"(9, 6, 2)",2026-08-27T20:00:09+00:00,taubin,nan
a3_refine_quality,952,smoothing_baseline,pointmap_sheet,,0.01,,,0,0.01,fraction_of_unit_bbox_diagonal,,0.0016,100,,,,,,,,,,,,,ok,,,,,,0.003222,0.00842,0.9745,0.9993,0.9867,0.68024,,,,,12th Gen Intel(R) Core(TM) i7-1255U,12,15.68,Windows-10-10.0.26200-SP0,3.11.15,2.4.6,1.17.1,4.12.2,0.48.4,5.0.0,2.13.0+cpu,fd20710,10,False,,"(9, 6, 2)",2026-08-27T20:00:09+00:00,laplacian,nan
a3_refine_quality,953,smoothing_baseline,pointmap_sheet,,0.01,,,0,0.01,fraction_of_unit_bbox_diagonal,,0.0016,100,,,,,,,,,,,,,ok,,,,,,0.004649,0.014917,0.8171,0.999,0.8989,0.53413,,,,,12th Gen Intel(R) Core(TM) i7-1255U,12,15.68,Windows-10-10.0.26200-SP0,3.11.15,2.4.6,1.17.1,4.12.2,0.48.4,5.0.0,2.13.0+cpu,fd20710,10,False,,"(9, 6, 2)",2026-08-27T20:00:09+00:00,none,nan
a3_refine_quality,954,smoothing_baseline,pointmap_sheet,,0.01,,,1,0.01,fraction_of_unit_bbox_diagonal,,0.0016,15,,,,,,,,,,,,,ok,,,,,,0.0035,0.00928,0.9635,0.9978,0.9803,0.71767,,,,,12th Gen Intel(R) Core(TM) i7-1255U,12,15.68,Windows-10-10.0.26200-SP0,3.11.15,2.4.6,1.17.1,4.12.2,0.48.4,5.0.0,2.13.0+cpu,fd20710,10,False,,"(9, 6, 2)",2026-08-27T20:00:09+00:00,taubin,nan
a3_refine_quality,955,smoothing_baseline,pointmap_sheet,,0.01,,,1,0.01,fraction_of_unit_bbox_diagonal,,0.0016,15,,,,,,,,,,,,,ok,,,,,,0.004239,0.013152,0.8702,0.9989,0.9301,0.54544,,,,,12th Gen Intel(R) Core(TM) i7-1255U,12,15.68,Windows-10-10.0.26200-SP0,3.11.15,2.4.6,1.17.1,4.12.2,0.48.4,5.0.0,2.13.0+cpu,fd20710,10,False,,"(9, 6, 2)",2026-08-27T20:00:09+00:00,laplacian,nan
a3_refine_quality,956,smoothing_baseline,pointmap_sheet,,0.01,,,1,0.01,fraction_of_unit_bbox_diagonal,,0.0016,15,,,,,,,,,,,,,ok,,,,,,0.004588,0.01482,0.8232,0.999,0.9026,0.53254,,,,,12th Gen Intel(R) Core(TM) i7-1255U,12,15.68,Windows-10-10.0.26200-SP0,3.11.15,2.4.6,1.17.1,4.12.2,0.48.4,5.0.0,2.13.0+cpu,fd20710,10,False,,"(9, 6, 2)",2026-08-27T20:00:09+00:00,none,nan
a3_refine_quality,957,smoothing_baseline,pointmap_sheet,,0.01,,,1,0.01,fraction_of_unit_bbox_diagonal,,0.0016,50,,,,,,,,,,,,,ok,,,,,,0.002696,0.006757,0.9771,0.9991,0.988,0.93205,,,,,12th Gen Intel(R) Core(TM) i7-1255U,12,15.68,Windows-10-10.0.26200-SP0,3.11.15,2.4.6,1.17.1,4.12.2,0.48.4,5.0.0,2.13.0+cpu,fd20710,10,False,,"(9, 6, 2)",2026-08-27T20:00:09+00:00,taubin,nan
a3_refine_quality,958,smoothing_baseline,pointmap_sheet,,0.01,,,1,0.01,fraction_of_unit_bbox_diagonal,,0.0016,50,,,,,,,,,,,,,ok,,,,,,0.003666,0.010461,0.9397,0.9986,0.9682,0.5907,,,,,12th Gen Intel(R) Core(TM) i7-1255U,12,15.68,Windows-10-10.0.26200-SP0,3.11.15,2.4.6,1.17.1,4.12.2,0.48.4,5.0.0,2.13.0+cpu,fd20710,10,False,,"(9, 6, 2)",2026-08-27T20:00:09+00:00,laplacian,nan
a3_refine_quality,959,smoothing_baseline,pointmap_sheet,,0.01,,,1,0.01,fraction_of_unit_bbox_diagonal,,0.0016,50,,,,,,,,,,,,,ok,,,,,,0.004588,0.01482,0.8232,0.999,0.9026,0.53254,,,,,12th Gen Intel(R) Core(TM) i7-1255U,12,15.68,Windows-10-10.0.26200-SP0,3.11.15,2.4.6,1.17.1,4.12.2,0.48.4,5.0.0,2.13.0+cpu,fd20710,10,False,,"(9, 6, 2)",2026-08-27T20:00:09+00:00,none,nan
a3_refine_quality,960,smoothing_baseline,pointmap_sheet,,0.01,,,1,0.01,fraction_of_unit_bbox_diagonal,,0.0016,100,,,,,,,,,,,,,ok,,,,,,0.002463,0.006434,0.9766,0.9989,0.9876,0.9488,,,,,12th Gen Intel(R) Core(TM) i7-1255U,12,15.68,Windows-10-10.0.26200-SP0,3.11.15,2.4.6,1.17.1,4.12.2,0.48.4,5.0.0,2.13.0+cpu,fd20710,10,False,,"(9, 6, 2)",2026-08-27T20:00:09+00:00,taubin,nan
a3_refine_quality,961,smoothing_baseline,pointmap_sheet,,0.01,,,1,0.01,fraction_of_unit_bbox_diagonal,,0.0016,100,,,,,,,,,,,,,ok,,,,,,0.003202,0.008409,0.975,0.9994,0.9871,0.69157,,,,,12th Gen Intel(R) Core(TM) i7-1255U,12,15.68,Windows-10-10.0.26200-SP0,3.11.15,2.4.6,1.17.1,4.12.2,0.48.4,5.0.0,2.13.0+cpu,fd20710,10,False,,"(9, 6, 2)",2026-08-27T20:00:09+00:00,laplacian,nan
a3_refine_quality,962,smoothing_baseline,pointmap_sheet,,0.01,,,1,0.01,fraction_of_unit_bbox_diagonal,,0.0016,100,,,,,,,,,,,,,ok,,,,,,0.004588,0.01482,0.8232,0.999,0.9026,0.53254,,,,,12th Gen Intel(R) Core(TM) i7-1255U,12,15.68,Windows-10-10.0.26200-SP0,3.11.15,2.4.6,1.17.1,4.12.2,0.48.4,5.0.0,2.13.0+cpu,fd20710,10,False,,"(9, 6, 2)",2026-08-27T20:00:09+00:00,none,nan
a3_refine_quality,963,smoothing_baseline,pointmap_sheet,,0.01,,,2,0.01,fraction_of_unit_bbox_diagonal,,0.0016,15,,,,,,,,,,,,,ok,,,,,,0.003509,0.009315,0.963,0.997,0.9797,0.70889,,,,,12th Gen Intel(R) Core(TM) i7-1255U,12,15.68,Windows-10-10.0.26200-SP0,3.11.15,2.4.6,1.17.1,4.12.2,0.48.4,5.0.0,2.13.0+cpu,fd20710,10,False,,"(9, 6, 2)",2026-08-27T20:00:09+00:00,taubin,nan
a3_refine_quality,964,smoothing_baseline,pointmap_sheet,,0.01,,,2,0.01,fraction_of_unit_bbox_diagonal,,0.0016,15,,,,,,,,,,,,,ok,,,,,,0.004278,0.013077,0.8677,0.9966,0.9277,0.54744,,,,,12th Gen Intel(R) Core(TM) i7-1255U,12,15.68,Windows-10-10.0.26200-SP0,3.11.15,2.4.6,1.17.1,4.12.2,0.48.4,5.0.0,2.13.0+cpu,fd20710,10,False,,"(9, 6, 2)",2026-08-27T20:00:09+00:00,laplacian,nan
a3_refine_quality,965,smoothing_baseline,pointmap_sheet,,0.01,,,2,0.01,fraction_of_unit_bbox_diagonal,,0.0016,15,,,,,,,,,,,,,ok,,,,,,0.004646,0.01478,0.8176,0.9962,0.8981,0.53402,,,,,12th Gen Intel(R) Core(TM) i7-1255U,12,15.68,Windows-10-10.0.26200-SP0,3.11.15,2.4.6,1.17.1,4.12.2,0.48.4,5.0.0,2.13.0+cpu,fd20710,10,False,,"(9, 6, 2)",2026-08-27T20:00:09+00:00,none,nan
a3_refine_quality,966,smoothing_baseline,pointmap_sheet,,0.01,,,2,0.01,fraction_of_unit_bbox_diagonal,,0.0016,50,,,,,,,,,,,,,ok,,,,,,0.002673,0.006672,0.9801,0.9997,0.9898,0.92848,,,,,12th Gen Intel(R) Core(TM) i7-1255U,12,15.68,Windows-10-10.0.26200-SP0,3.11.15,2.4.6,1.17.1,4.12.2,0.48.4,5.0.0,2.13.0+cpu,fd20710,10,False,,"(9, 6, 2)",2026-08-27T20:00:09+00:00,taubin,nan
a3_refine_quality,967,smoothing_baseline,pointmap_sheet,,0.01,,,2,0.01,fraction_of_unit_bbox_diagonal,,0.0016,50,,,,,,,,,,,,,ok,,,,,,0.003701,0.010417,0.9401,0.9978,0.9681,0.5895,,,,,12th Gen Intel(R) Core(TM) i7-1255U,12,15.68,Windows-10-10.0.26200-SP0,3.11.15,2.4.6,1.17.1,4.12.2,0.48.4,5.0.0,2.13.0+cpu,fd20710,10,False,,"(9, 6, 2)",2026-08-27T20:00:09+00:00,laplacian,nan
a3_refine_quality,968,smoothing_baseline,pointmap_sheet,,0.01,,,2,0.01,fraction_of_unit_bbox_diagonal,,0.0016,50,,,,,,,,,,,,,ok,,,,,,0.004646,0.01478,0.8176,0.9962,0.8981,0.53402,,,,,12th Gen Intel(R) Core(TM) i7-1255U,12,15.68,Windows-10-10.0.26200-SP0,3.11.15,2.4.6,1.17.1,4.12.2,0.48.4,5.0.0,2.13.0+cpu,fd20710,10,False,,"(9, 6, 2)",2026-08-27T20:00:09+00:00,none,nan
a3_refine_quality,969,smoothing_baseline,pointmap_sheet,,0.01,,,2,0.01,fraction_of_unit_bbox_diagonal,,0.0016,100,,,,,,,,,,,,,ok,,,,,,0.002456,0.006403,0.9799,0.9996,0.9896,0.94421,,,,,12th Gen Intel(R) Core(TM) i7-1255U,12,15.68,Windows-10-10.0.26200-SP0,3.11.15,2.4.6,1.17.1,4.12.2,0.48.4,5.0.0,2.13.0+cpu,fd20710,10,False,,"(9, 6, 2)",2026-08-27T20:00:09+00:00,taubin,nan
a3_refine_quality,970,smoothing_baseline,pointmap_sheet,,0.01,,,2,0.01,fraction_of_unit_bbox_diagonal,,0.0016,100,,,,,,,,,,,,,ok,,,,,,0.003223,0.00841,0.9762,0.9993,0.9876,0.68676,,,,,12th Gen Intel(R) Core(TM) i7-1255U,12,15.68,Windows-10-10.0.26200-SP0,3.11.15,2.4.6,1.17.1,4.12.2,0.48.4,5.0.0,2.13.0+cpu,fd20710,10,False,,"(9, 6, 2)",2026-08-27T20:00:09+00:00,laplacian,nan
a3_refine_quality,971,smoothing_baseline,pointmap_sheet,,0.01,,,2,0.01,fraction_of_unit_bbox_diagonal,,0.0016,100,,,,,,,,,,,,,ok,,,,,,0.004646,0.01478,0.8176,0.9962,0.8981,0.53402,,,,,12th Gen Intel(R) Core(TM) i7-1255U,12,15.68,Windows-10-10.0.26200-SP0,3.11.15,2.4.6,1.17.1,4.12.2,0.48.4,5.0.0,2.13.0+cpu,fd20710,10,False,,"(9, 6, 2)",2026-08-27T20:00:09+00:00,none,nan
