exp_id,row_index,seed,shape,articulation,max_influences_requested,max_influences_effective,n_joints,n_vertices,input_rotation_deg,weight_sum_max_error,rejection_rate,mean_active_influences,weight_smoothness_mean,weight_smoothness_p95,deform_joint,deform_angle_deg,deform_zero_weight_vertices,deform_zero_weight_max_displacement,deform_max_displacement,deform_flipped_faces,deform_flipped_face_frac,deform_watertight_after,joint_displacement_mean,joint_displacement_max,env_cpu,env_cpu_count_logical,env_ram_gb,env_os,env_python,env_numpy,env_scipy,env_trimesh,env_pyvista,env_opencv,env_torch,env_git_commit,env_torch_threads,env_cuda_available,env_gpu,env_vtk,env_run_started_utc
a8_rigging_quality,0,0,biped_capsule,static,1,1,1,962,0.0,0.0,0.0,1.0,0.0,0.0,-1,15.0,0,0.0,0.0,0,0.0,True,0.0,0.0,12th Gen Intel(R) Core(TM) i7-1255U,12,15.68,Windows-10-10.0.26200-SP0,3.11.15,2.4.6,1.17.1,4.12.2,0.48.4,5.0.0,2.13.0+cpu,fd20710,10,False,,"(9, 6, 2)",2026-08-27T19:59:30+00:00
a8_rigging_quality,1,0,biped_capsule,static,1,1,1,962,0.0,0.0,0.0,1.0,0.0,0.0,-1,45.0,0,0.0,0.0,0,0.0,True,0.0,0.0,12th Gen Intel(R) Core(TM) i7-1255U,12,15.68,Windows-10-10.0.26200-SP0,3.11.15,2.4.6,1.17.1,4.12.2,0.48.4,5.0.0,2.13.0+cpu,fd20710,10,False,,"(9, 6, 2)",2026-08-27T19:59:30+00:00
a8_rigging_quality,2,0,biped_capsule,static,1,1,1,962,0.0,0.0,0.0,1.0,0.0,0.0,-1,90.0,0,0.0,0.0,0,0.0,True,0.0,0.0,12th Gen Intel(R) Core(TM) i7-1255U,12,15.68,Windows-10-10.0.26200-SP0,3.11.15,2.4.6,1.17.1,4.12.2,0.48.4,5.0.0,2.13.0+cpu,fd20710,10,False,,"(9, 6, 2)",2026-08-27T19:59:30+00:00
a8_rigging_quality,3,0,biped_capsule,static,1,1,1,962,15.0,0.0,0.0,1.0,0.0,0.0,-1,15.0,0,0.0,0.0,0,0.0,True,0.0,0.0,12th Gen Intel(R) Core(TM) i7-1255U,12,15.68,Windows-10-10.0.26200-SP0,3.11.15,2.4.6,1.17.1,4.12.2,0.48.4,5.0.0,2.13.0+cpu,fd20710,10,False,,"(9, 6, 2)",2026-08-27T19:59:30+00:00
a8_rigging_quality,4,0,biped_capsule,static,1,1,1,962,15.0,0.0,0.0,1.0,0.0,0.0,-1,45.0,0,0.0,0.0,0,0.0,True,0.0,0.0,12th Gen Intel(R) Core(TM) i7-1255U,12,15.68,Windows-10-10.0.26200-SP0,3.11.15,2.4.6,1.17.1,4.12.2,0.48.4,5.0.0,2.13.0+cpu,fd20710,10,False,,"(9, 6, 2)",2026-08-27T19:59:30+00:00
a8_rigging_quality,5,0,biped_capsule,static,1,1,1,962,15.0,0.0,0.0,1.0,0.0,0.0,-1,90.0,0,0.0,0.0,0,0.0,True,0.0,0.0,12th Gen Intel(R) Core(TM) i7-1255U,12,15.68,Windows-10-10.0.26200-SP0,3.11.15,2.4.6,1.17.1,4.12.2,0.48.4,5.0.0,2.13.0+cpu,fd20710,10,False,,"(9, 6, 2)",2026-08-27T19:59:30+00:00
a8_rigging_quality,6,0,biped_capsule,static,1,1,1,962,30.0,0.0,0.0,1.0,0.0,0.0,-1,15.0,0,0.0,0.0,0,0.0,True,0.0,0.0,12th Gen Intel(R) Core(TM) i7-1255U,12,15.68,Windows-10-10.0.26200-SP0,3.11.15,2.4.6,1.17.1,4.12.2,0.48.4,5.0.0,2.13.0+cpu,fd20710,10,False,,"(9, 6, 2)",2026-08-27T19:59:30+00:00
a8_rigging_quality,7,0,biped_capsule,static,1,1,1,962,30.0,0.0,0.0,1.0,0.0,0.0,-1,45.0,0,0.0,0.0,0,0.0,True,0.0,0.0,12th Gen Intel(R) Core(TM) i7-1255U,12,15.68,Windows-10-10.0.26200-SP0,3.11.15,2.4.6,1.17.1,4.12.2,0.48.4,5.0.0,2.13.0+cpu,fd20710,10,False,,"(9, 6, 2)",2026-08-27T19:59:30+00:00
a8_rigging_quality,8,0,biped_capsule,static,1,1,1,962,30.0,0.0,0.0,1.0,0.0,0.0,-1,90.0,0,0.0,0.0,0,0.0,True,0.0,0.0,12th Gen Intel(R) Core(TM) i7-1255U,12,15.68,Windows-10-10.0.26200-SP0,3.11.15,2.4.6,1.17.1,4.12.2,0.48.4,5.0.0,2.13.0+cpu,fd20710,10,False,,"(9, 6, 2)",2026-08-27T19:59:30+00:00
a8_rigging_quality,9,0,biped_capsule,static,2,1,1,962,0.0,0.0,0.0,1.0,0.0,0.0,-1,15.0,0,0.0,0.0,0,0.0,True,0.0,0.0,12th Gen Intel(R) Core(TM) i7-1255U,12,15.68,Windows-10-10.0.26200-SP0,3.11.15,2.4.6,1.17.1,4.12.2,0.48.4,5.0.0,2.13.0+cpu,fd20710,10,False,,"(9, 6, 2)",2026-08-27T19:59:30+00:00
a8_rigging_quality,10,0,biped_capsule,static,2,1,1,962,0.0,0.0,0.0,1.0,0.0,0.0,-1,45.0,0,0.0,0.0,0,0.0,True,0.0,0.0,12th Gen Intel(R) Core(TM) i7-1255U,12,15.68,Windows-10-10.0.26200-SP0,3.11.15,2.4.6,1.17.1,4.12.2,0.48.4,5.0.0,2.13.0+cpu,fd20710,10,False,,"(9, 6, 2)",2026-08-27T19:59:30+00:00
a8_rigging_quality,11,0,biped_capsule,static,2,1,1,962,0.0,0.0,0.0,1.0,0.0,0.0,-1,90.0,0,0.0,0.0,0,0.0,True,0.0,0.0,12th Gen Intel(R) Core(TM) i7-1255U,12,15.68,Windows-10-10.0.26200-SP0,3.11.15,2.4.6,1.17.1,4.12.2,0.48.4,5.0.0,2.13.0+cpu,fd20710,10,False,,"(9, 6, 2)",2026-08-27T19:59:30+00:00
a8_rigging_quality,12,0,biped_capsule,static,2,1,1,962,15.0,0.0,0.0,1.0,0.0,0.0,-1,15.0,0,0.0,0.0,0,0.0,True,0.0,0.0,12th Gen Intel(R) Core(TM) i7-1255U,12,15.68,Windows-10-10.0.26200-SP0,3.11.15,2.4.6,1.17.1,4.12.2,0.48.4,5.0.0,2.13.0+cpu,fd20710,10,False,,"(9, 6, 2)",2026-08-27T19:59:30+00:00
a8_rigging_quality,13,0,biped_capsule,static,2,1,1,962,15.0,0.0,0.0,1.0,0.0,0.0,-1,45.0,0,0.0,0.0,0,0.0,True,0.0,0.0,12th Gen Intel(R) Core(TM) i7-1255U,12,15.68,Windows-10-10.0.26200-SP0,3.11.15,2.4.6,1.17.1,4.12.2,0.48.4,5.0.0,2.13.0+cpu,fd20710,10,False,,"(9, 6, 2)",2026-08-27T19:59:30+00:00
a8_rigging_quality,14,0,biped_capsule,static,2,1,1,962,15.0,0.0,0.0,1.0,0.0,0.0,-1,90.0,0,0.0,0.0,0,0.0,True,0.0,0.0,12th Gen Intel(R) Core(TM) i7-1255U,12,15.68,Windows-10-10.0.26200-SP0,3.11.15,2.4.6,1.17.1,4.12.2,0.48.4,5.0.0,2.13.0+cpu,fd20710,10,False,,"(9, 6, 2)",2026-08-27T19:59:30+00:00
a8_rigging_quality,15,0,biped_capsule,static,2,1,1,962,30.0,0.0,0.0,1.0,0.0,0.0,-1,15.0,0,0.0,0.0,0,0.0,True,0.0,0.0,12th Gen Intel(R) Core(TM) i7-1255U,12,15.68,Windows-10-10.0.26200-SP0,3.11.15,2.4.6,1.17.1,4.12.2,0.48.4,5.0.0,2.13.0+cpu,fd20710,10,False,,"(9, 6, 2)",2026-08-27T19:59:30+00:00
a8_rigging_quality,16,0,biped_capsule,static,2,1,1,962,30.0,0.0,0.0,1.0,0.0,0.0,-1,45.0,0,0.0,0.0,0,0.0,True,0.0,0.0,12th Gen Intel(R) Core(TM) i7-1255U,12,15.68,Windows-10-10.0.26200-SP0,3.11.15,2.4.6,1.17.1,4.12.2,0.48.4,5.0.0,2.13.0+cpu,fd20710,10,False,,"(9, 6, 2)",2026-08-27T19:59:30+00:00
a8_rigging_quality,17,0,biped_capsule,static,2,1,1,962,30.0,0.0,0.0,1.0,0.0,0.0,-1,90.0,0,0.0,0.0,0,0.0,True,0.0,0.0,12th Gen Intel(R) Core(TM) i7-1255U,12,15.68,Windows-10-10.0.26200-SP0,3.11.15,2.4.6,1.17.1,4.12.2,0.48.4,5.0.0,2.13.0+cpu,fd20710,10,False,,"(9, 6, 2)",2026-08-27T19:59:30+00:00
a8_rigging_quality,18,0,biped_capsule,static,4,1,1,962,0.0,0.0,0.0,1.0,0.0,0.0,-1,15.0,0,0.0,0.0,0,0.0,True,0.0,0.0,12th Gen Intel(R) Core(TM) i7-1255U,12,15.68,Windows-10-10.0.26200-SP0,3.11.15,2.4.6,1.17.1,4.12.2,0.48.4,5.0.0,2.13.0+cpu,fd20710,10,False,,"(9, 6, 2)",2026-08-27T19:59:30+00:00
a8_rigging_quality,19,0,biped_capsule,static,4,1,1,962,0.0,0.0,0.0,1.0,0.0,0.0,-1,45.0,0,0.0,0.0,0,0.0,True,0.0,0.0,12th Gen Intel(R) Core(TM) i7-1255U,12,15.68,Windows-10-10.0.26200-SP0,3.11.15,2.4.6,1.17.1,4.12.2,0.48.4,5.0.0,2.13.0+cpu,fd20710,10,False,,"(9, 6, 2)",2026-08-27T19:59:30+00:00
a8_rigging_quality,20,0,biped_capsule,static,4,1,1,962,0.0,0.0,0.0,1.0,0.0,0.0,-1,90.0,0,0.0,0.0,0,0.0,True,0.0,0.0,12th Gen Intel(R) Core(TM) i7-1255U,12,15.68,Windows-10-10.0.26200-SP0,3.11.15,2.4.6,1.17.1,4.12.2,0.48.4,5.0.0,2.13.0+cpu,fd20710,10,False,,"(9, 6, 2)",2026-08-27T19:59:30+00:00
a8_rigging_quality,21,0,biped_capsule,static,4,1,1,962,15.0,0.0,0.0,1.0,0.0,0.0,-1,15.0,0,0.0,0.0,0,0.0,True,0.0,0.0,12th Gen Intel(R) Core(TM) i7-1255U,12,15.68,Windows-10-10.0.26200-SP0,3.11.15,2.4.6,1.17.1,4.12.2,0.48.4,5.0.0,2.13.0+cpu,fd20710,10,False,,"(9, 6, 2)",2026-08-27T19:59:30+00:00
a8_rigging_quality,22,0,biped_capsule,static,4,1,1,962,15.0,0.0,0.0,1.0,0.0,0.0,-1,45.0,0,0.0,0.0,0,0.0,True,0.0,0.0,12th Gen Intel(R) Core(TM) i7-1255U,12,15.68,Windows-10-10.0.26200-SP0,3.11.15,2.4.6,1.17.1,4.12.2,0.48.4,5.0.0,2.13.0+cpu,fd20710,10,False,,"(9, 6, 2)",2026-08-27T19:59:30+00:00
a8_rigging_quality,23,0,biped_capsule,static,4,1,1,962,15.0,0.0,0.0,1.0,0.0,0.0,-1,90.0,0,0.0,0.0,0,0.0,True,0.0,0.0,12th Gen Intel(R) Core(TM) i7-1255U,12,15.68,Windows-10-10.0.26200-SP0,3.11.15,2.4.6,1.17.1,4.12.2,0.48.4,5.0.0,2.13.0+cpu,fd20710,10,False,,"(9, 6, 2)",2026-08-27T19:59:30+00:00
a8_rigging_quality,24,0,biped_capsule,static,4,1,1,962,30.0,0.0,0.0,1.0,0.0,0.0,-1,15.0,0,0.0,0.0,0,0.0,True,0.0,0.0,12th Gen Intel(R) Core(TM) i7-1255U,12,15.68,Windows-10-10.0.26200-SP0,3.11.15,2.4.6,1.17.1,4.12.2,0.48.4,5.0.0,2.13.0+cpu,fd20710,10,False,,"(9, 6, 2)",2026-08-27T19:59:30+00:00
a8_rigging_quality,25,0,biped_capsule,static,4,1,1,962,30.0,0.0,0.0,1.0,0.0,0.0,-1,45.0,0,0.0,0.0,0,0.0,True,0.0,0.0,12th Gen Intel(R) Core(TM) i7-1255U,12,15.68,Windows-10-10.0.26200-SP0,3.11.15,2.4.6,1.17.1,4.12.2,0.48.4,5.0.0,2.13.0+cpu,fd20710,10,False,,"(9, 6, 2)",2026-08-27T19:59:30+00:00
a8_rigging_quality,26,0,biped_capsule,static,4,1,1,962,30.0,0.0,0.0,1.0,0.0,0.0,-1,90.0,0,0.0,0.0,0,0.0,True,0.0,0.0,12th Gen Intel(R) Core(TM) i7-1255U,12,15.68,Windows-10-10.0.26200-SP0,3.11.15,2.4.6,1.17.1,4.12.2,0.48.4,5.0.0,2.13.0+cpu,fd20710,10,False,,"(9, 6, 2)",2026-08-27T19:59:30+00:00
a8_rigging_quality,27,0,biped_capsule,static,8,1,1,962,0.0,0.0,0.0,1.0,0.0,0.0,-1,15.0,0,0.0,0.0,0,0.0,True,0.0,0.0,12th Gen Intel(R) Core(TM) i7-1255U,12,15.68,Windows-10-10.0.26200-SP0,3.11.15,2.4.6,1.17.1,4.12.2,0.48.4,5.0.0,2.13.0+cpu,fd20710,10,False,,"(9, 6, 2)",2026-08-27T19:59:30+00:00
a8_rigging_quality,28,0,biped_capsule,static,8,1,1,962,0.0,0.0,0.0,1.0,0.0,0.0,-1,45.0,0,0.0,0.0,0,0.0,True,0.0,0.0,12th Gen Intel(R) Core(TM) i7-1255U,12,15.68,Windows-10-10.0.26200-SP0,3.11.15,2.4.6,1.17.1,4.12.2,0.48.4,5.0.0,2.13.0+cpu,fd20710,10,False,,"(9, 6, 2)",2026-08-27T19:59:30+00:00
a8_rigging_quality,29,0,biped_capsule,static,8,1,1,962,0.0,0.0,0.0,1.0,0.0,0.0,-1,90.0,0,0.0,0.0,0,0.0,True,0.0,0.0,12th Gen Intel(R) Core(TM) i7-1255U,12,15.68,Windows-10-10.0.26200-SP0,3.11.15,2.4.6,1.17.1,4.12.2,0.48.4,5.0.0,2.13.0+cpu,fd20710,10,False,,"(9, 6, 2)",2026-08-27T19:59:30+00:00
a8_rigging_quality,30,0,biped_capsule,static,8,1,1,962,15.0,0.0,0.0,1.0,0.0,0.0,-1,15.0,0,0.0,0.0,0,0.0,True,0.0,0.0,12th Gen Intel(R) Core(TM) i7-1255U,12,15.68,Windows-10-10.0.26200-SP0,3.11.15,2.4.6,1.17.1,4.12.2,0.48.4,5.0.0,2.13.0+cpu,fd20710,10,False,,"(9, 6, 2)",2026-08-27T19:59:30+00:00
a8_rigging_quality,31,0,biped_capsule,static,8,1,1,962,15.0,0.0,0.0,1.0,0.0,0.0,-1,45.0,0,0.0,0.0,0,0.0,True,0.0,0.0,12th Gen Intel(R) Core(TM) i7-1255U,12,15.68,Windows-10-10.0.26200-SP0,3.11.15,2.4.6,1.17.1,4.12.2,0.48.4,5.0.0,2.13.0+cpu,fd20710,10,False,,"(9, 6, 2)",2026-08-27T19:59:30+00:00
a8_rigging_quality,32,0,biped_capsule,static,8,1,1,962,15.0,0.0,0.0,1.0,0.0,0.0,-1,90.0,0,0.0,0.0,0,0.0,True,0.0,0.0,12th Gen Intel(R) Core(TM) i7-1255U,12,15.68,Windows-10-10.0.26200-SP0,3.11.15,2.4.6,1.17.1,4.12.2,0.48.4,5.0.0,2.13.0+cpu,fd20710,10,False,,"(9, 6, 2)",2026-08-27T19:59:30+00:00
a8_rigging_quality,33,0,biped_capsule,static,8,1,1,962,30.0,0.0,0.0,1.0,0.0,0.0,-1,15.0,0,0.0,0.0,0,0.0,True,0.0,0.0,12th Gen Intel(R) Core(TM) i7-1255U,12,15.68,Windows-10-10.0.26200-SP0,3.11.15,2.4.6,1.17.1,4.12.2,0.48.4,5.0.0,2.13.0+cpu,fd20710,10,False,,"(9, 6, 2)",2026-08-27T19:59:30+00:00
a8_rigging_quality,34,0,biped_capsule,static,8,1,1,962,30.0,0.0,0.0,1.0,0.0,0.0,-1,45.0,0,0.0,0.0,0,0.0,True,0.0,0.0,12th Gen Intel(R) Core(TM) i7-1255U,12,15.68,Windows-10-10.0.26200-SP0,3.11.15,2.4.6,1.17.1,4.12.2,0.48.4,5.0.0,2.13.0+cpu,fd20710,10,False,,"(9, 6, 2)",2026-08-27T19:59:30+00:00
a8_rigging_quality,35,0,biped_capsule,static,8,1,1,962,30.0,0.0,0.0,1.0,0.0,0.0,-1,90.0,0,0.0,0.0,0,0.0,True,0.0,0.0,12th Gen Intel(R) Core(TM) i7-1255U,12,15.68,Windows-10-10.0.26200-SP0,3.11.15,2.4.6,1.17.1,4.12.2,0.48.4,5.0.0,2.13.0+cpu,fd20710,10,False,,"(9, 6, 2)",2026-08-27T19:59:30+00:00
a8_rigging_quality,36,0,biped_capsule,biped,1,1,7,962,0.0,0.0,0.0,1.0,0.096528,0.0,2,15.0,481,0.0,0.039674,0,0.0,True,0.0,0.0,12th Gen Intel(R) Core(TM) i7-1255U,12,15.68,Windows-10-10.0.26200-SP0,3.11.15,2.4.6,1.17.1,4.12.2,0.48.4,5.0.0,2.13.0+cpu,fd20710,10,False,,"(9, 6, 2)",2026-08-27T19:59:30+00:00
a8_rigging_quality,37,0,biped_capsule,biped,1,1,7,962,0.0,0.0,0.0,1.0,0.096528,0.0,2,45.0,481,0.0,0.116319,0,0.0,True,0.0,0.0,12th Gen Intel(R) Core(TM) i7-1255U,12,15.68,Windows-10-10.0.26200-SP0,3.11.15,2.4.6,1.17.1,4.12.2,0.48.4,5.0.0,2.13.0+cpu,fd20710,10,False,,"(9, 6, 2)",2026-08-27T19:59:30+00:00
a8_rigging_quality,38,0,biped_capsule,biped,1,1,7,962,0.0,0.0,0.0,1.0,0.096528,0.0,2,90.0,481,0.0,0.21493,13,0.006771,True,0.0,0.0,12th Gen Intel(R) Core(TM) i7-1255U,12,15.68,Windows-10-10.0.26200-SP0,3.11.15,2.4.6,1.17.1,4.12.2,0.48.4,5.0.0,2.13.0+cpu,fd20710,10,False,,"(9, 6, 2)",2026-08-27T19:59:30+00:00
a8_rigging_quality,39,0,biped_capsule,biped,1,1,7,962,15.0,0.0,0.0,1.0,0.096528,0.0,2,15.0,481,0.0,0.039674,0,0.0,True,0.06939,0.130543,12th Gen Intel(R) Core(TM) i7-1255U,12,15.68,Windows-10-10.0.26200-SP0,3.11.15,2.4.6,1.17.1,4.12.2,0.48.4,5.0.0,2.13.0+cpu,fd20710,10,False,,"(9, 6, 2)",2026-08-27T19:59:30+00:00
a8_rigging_quality,40,0,biped_capsule,biped,1,1,7,962,15.0,0.0,0.0,1.0,0.096528,0.0,2,45.0,481,0.0,0.116319,0,0.0,True,0.06939,0.130543,12th Gen Intel(R) Core(TM) i7-1255U,12,15.68,Windows-10-10.0.26200-SP0,3.11.15,2.4.6,1.17.1,4.12.2,0.48.4,5.0.0,2.13.0+cpu,fd20710,10,False,,"(9, 6, 2)",2026-08-27T19:59:30+00:00
a8_rigging_quality,41,0,biped_capsule,biped,1,1,7,962,15.0,0.0,0.0,1.0,0.096528,0.0,2,90.0,481,0.0,0.21493,13,0.006771,True,0.06939,0.130543,12th Gen Intel(R) Core(TM) i7-1255U,12,15.68,Windows-10-10.0.26200-SP0,3.11.15,2.4.6,1.17.1,4.12.2,0.48.4,5.0.0,2.13.0+cpu,fd20710,10,False,,"(9, 6, 2)",2026-08-27T19:59:30+00:00
a8_rigging_quality,42,0,biped_capsule,biped,1,1,7,962,30.0,0.0,0.0,1.0,0.096528,0.0,2,15.0,481,0.0,0.039674,0,0.0,True,0.137761,0.258967,12th Gen Intel(R) Core(TM) i7-1255U,12,15.68,Windows-10-10.0.26200-SP0,3.11.15,2.4.6,1.17.1,4.12.2,0.48.4,5.0.0,2.13.0+cpu,fd20710,10,False,,"(9, 6, 2)",2026-08-27T19:59:30+00:00
a8_rigging_quality,43,0,biped_capsule,biped,1,1,7,962,30.0,0.0,0.0,1.0,0.096528,0.0,2,45.0,481,0.0,0.116319,0,0.0,True,0.137761,0.258967,12th Gen Intel(R) Core(TM) i7-1255U,12,15.68,Windows-10-10.0.26200-SP0,3.11.15,2.4.6,1.17.1,4.12.2,0.48.4,5.0.0,2.13.0+cpu,fd20710,10,False,,"(9, 6, 2)",2026-08-27T19:59:30+00:00
a8_rigging_quality,44,0,biped_capsule,biped,1,1,7,962,30.0,0.0,0.0,1.0,0.096528,0.0,2,90.0,481,0.0,0.21493,13,0.006771,True,0.137761,0.258967,12th Gen Intel(R) Core(TM) i7-1255U,12,15.68,Windows-10-10.0.26200-SP0,3.11.15,2.4.6,1.17.1,4.12.2,0.48.4,5.0.0,2.13.0+cpu,fd20710,10,False,,"(9, 6, 2)",2026-08-27T19:59:30+00:00
a8_rigging_quality,45,0,biped_capsule,biped,2,2,7,962,0.0,0.0,0.0,2.0,0.093863,0.166381,2,15.0,481,0.0,0.024915,0,0.0,True,0.0,0.0,12th Gen Intel(R) Core(TM) i7-1255U,12,15.68,Windows-10-10.0.26200-SP0,3.11.15,2.4.6,1.17.1,4.12.2,0.48.4,5.0.0,2.13.0+cpu,fd20710,10,False,,"(9, 6, 2)",2026-08-27T19:59:30+00:00
a8_rigging_quality,46,0,biped_capsule,biped,2,2,7,962,0.0,0.0,0.0,2.0,0.093863,0.166381,2,45.0,481,0.0,0.073048,0,0.0,True,0.0,0.0,12th Gen Intel(R) Core(TM) i7-1255U,12,15.68,Windows-10-10.0.26200-SP0,3.11.15,2.4.6,1.17.1,4.12.2,0.48.4,5.0.0,2.13.0+cpu,fd20710,10,False,,"(9, 6, 2)",2026-08-27T19:59:30+00:00
a8_rigging_quality,47,0,biped_capsule,biped,2,2,7,962,0.0,0.0,0.0,2.0,0.093863,0.166381,2,90.0,481,0.0,0.134975,0,0.0,True,0.0,0.0,12th Gen Intel(R) Core(TM) i7-1255U,12,15.68,Windows-10-10.0.26200-SP0,3.11.15,2.4.6,1.17.1,4.12.2,0.48.4,5.0.0,2.13.0+cpu,fd20710,10,False,,"(9, 6, 2)",2026-08-27T19:59:30+00:00
a8_rigging_quality,48,0,biped_capsule,biped,2,2,7,962,15.0,0.0,0.0,2.0,0.093863,0.166381,2,15.0,481,0.0,0.024915,0,0.0,True,0.06939,0.130543,12th Gen Intel(R) Core(TM) i7-1255U,12,15.68,Windows-10-10.0.26200-SP0,3.11.15,2.4.6,1.17.1,4.12.2,0.48.4,5.0.0,2.13.0+cpu,fd20710,10,False,,"(9, 6, 2)",2026-08-27T19:59:30+00:00
a8_rigging_quality,49,0,biped_capsule,biped,2,2,7,962,15.0,0.0,0.0,2.0,0.093863,0.166381,2,45.0,481,0.0,0.073048,0,0.0,True,0.06939,0.130543,12th Gen Intel(R) Core(TM) i7-1255U,12,15.68,Windows-10-10.0.26200-SP0,3.11.15,2.4.6,1.17.1,4.12.2,0.48.4,5.0.0,2.13.0+cpu,fd20710,10,False,,"(9, 6, 2)",2026-08-27T19:59:30+00:00
a8_rigging_quality,50,0,biped_capsule,biped,2,2,7,962,15.0,0.0,0.0,2.0,0.093863,0.166381,2,90.0,481,0.0,0.134975,0,0.0,True,0.06939,0.130543,12th Gen Intel(R) Core(TM) i7-1255U,12,15.68,Windows-10-10.0.26200-SP0,3.11.15,2.4.6,1.17.1,4.12.2,0.48.4,5.0.0,2.13.0+cpu,fd20710,10,False,,"(9, 6, 2)",2026-08-27T19:59:30+00:00
a8_rigging_quality,51,0,biped_capsule,biped,2,2,7,962,30.0,0.0,0.0,2.0,0.093863,0.166381,2,15.0,481,0.0,0.024915,0,0.0,True,0.137761,0.258967,12th Gen Intel(R) Core(TM) i7-1255U,12,15.68,Windows-10-10.0.26200-SP0,3.11.15,2.4.6,1.17.1,4.12.2,0.48.4,5.0.0,2.13.0+cpu,fd20710,10,False,,"(9, 6, 2)",2026-08-27T19:59:30+00:00
a8_rigging_quality,52,0,biped_capsule,biped,2,2,7,962,30.0,0.0,0.0,2.0,0.093863,0.166381,2,45.0,481,0.0,0.073048,0,0.0,True,0.137761,0.258967,12th Gen Intel(R) Core(TM) i7-1255U,12,15.68,Windows-10-10.0.26200-SP0,3.11.15,2.4.6,1.17.1,4.12.2,0.48.4,5.0.0,2.13.0+cpu,fd20710,10,False,,"(9, 6, 2)",2026-08-27T19:59:30+00:00
a8_rigging_quality,53,0,biped_capsule,biped,2,2,7,962,30.0,0.0,0.0,2.0,0.093863,0.166381,2,90.0,481,0.0,0.134975,0,0.0,True,0.137761,0.258967,12th Gen Intel(R) Core(TM) i7-1255U,12,15.68,Windows-10-10.0.26200-SP0,3.11.15,2.4.6,1.17.1,4.12.2,0.48.4,5.0.0,2.13.0+cpu,fd20710,10,False,,"(9, 6, 2)",2026-08-27T19:59:30+00:00
a8_rigging_quality,54,0,biped_capsule,biped,4,4,7,962,0.0,0.0,0.0,4.0,0.086734,0.177717,4,15.0,226,0.0,0.010865,0,0.0,True,0.0,0.0,12th Gen Intel(R) Core(TM) i7-1255U,12,15.68,Windows-10-10.0.26200-SP0,3.11.15,2.4.6,1.17.1,4.12.2,0.48.4,5.0.0,2.13.0+cpu,fd20710,10,False,,"(9, 6, 2)",2026-08-27T19:59:30+00:00
a8_rigging_quality,55,0,biped_capsule,biped,4,4,7,962,0.0,0.0,0.0,4.0,0.086734,0.177717,4,45.0,226,0.0,0.031853,0,0.0,True,0.0,0.0,12th Gen Intel(R) Core(TM) i7-1255U,12,15.68,Windows-10-10.0.26200-SP0,3.11.15,2.4.6,1.17.1,4.12.2,0.48.4,5.0.0,2.13.0+cpu,fd20710,10,False,,"(9, 6, 2)",2026-08-27T19:59:30+00:00
a8_rigging_quality,56,0,biped_capsule,biped,4,4,7,962,0.0,0.0,0.0,4.0,0.086734,0.177717,4,90.0,226,0.0,0.058857,0,0.0,True,0.0,0.0,12th Gen Intel(R) Core(TM) i7-1255U,12,15.68,Windows-10-10.0.26200-SP0,3.11.15,2.4.6,1.17.1,4.12.2,0.48.4,5.0.0,2.13.0+cpu,fd20710,10,False,,"(9, 6, 2)",2026-08-27T19:59:30+00:00
a8_rigging_quality,57,0,biped_capsule,biped,4,4,7,962,15.0,0.0,0.0,4.0,0.086734,0.177717,4,15.0,226,0.0,0.010865,0,0.0,True,0.06939,0.130543,12th Gen Intel(R) Core(TM) i7-1255U,12,15.68,Windows-10-10.0.26200-SP0,3.11.15,2.4.6,1.17.1,4.12.2,0.48.4,5.0.0,2.13.0+cpu,fd20710,10,False,,"(9, 6, 2)",2026-08-27T19:59:30+00:00
a8_rigging_quality,58,0,biped_capsule,biped,4,4,7,962,15.0,0.0,0.0,4.0,0.086734,0.177717,4,45.0,226,0.0,0.031853,0,0.0,True,0.06939,0.130543,12th Gen Intel(R) Core(TM) i7-1255U,12,15.68,Windows-10-10.0.26200-SP0,3.11.15,2.4.6,1.17.1,4.12.2,0.48.4,5.0.0,2.13.0+cpu,fd20710,10,False,,"(9, 6, 2)",2026-08-27T19:59:30+00:00
a8_rigging_quality,59,0,biped_capsule,biped,4,4,7,962,15.0,0.0,0.0,4.0,0.086734,0.177717,4,90.0,226,0.0,0.058857,0,0.0,True,0.06939,0.130543,12th Gen Intel(R) Core(TM) i7-1255U,12,15.68,Windows-10-10.0.26200-SP0,3.11.15,2.4.6,1.17.1,4.12.2,0.48.4,5.0.0,2.13.0+cpu,fd20710,10,False,,"(9, 6, 2)",2026-08-27T19:59:30+00:00
a8_rigging_quality,60,0,biped_capsule,biped,4,4,7,962,30.0,0.0,0.0,4.0,0.086734,0.177717,4,15.0,226,0.0,0.010865,0,0.0,True,0.137761,0.258967,12th Gen Intel(R) Core(TM) i7-1255U,12,15.68,Windows-10-10.0.26200-SP0,3.11.15,2.4.6,1.17.1,4.12.2,0.48.4,5.0.0,2.13.0+cpu,fd20710,10,False,,"(9, 6, 2)",2026-08-27T19:59:30+00:00
a8_rigging_quality,61,0,biped_capsule,biped,4,4,7,962,30.0,0.0,0.0,4.0,0.086734,0.177717,4,45.0,226,0.0,0.031853,0,0.0,True,0.137761,0.258967,12th Gen Intel(R) Core(TM) i7-1255U,12,15.68,Windows-10-10.0.26200-SP0,3.11.15,2.4.6,1.17.1,4.12.2,0.48.4,5.0.0,2.13.0+cpu,fd20710,10,False,,"(9, 6, 2)",2026-08-27T19:59:30+00:00
a8_rigging_quality,62,0,biped_capsule,biped,4,4,7,962,30.0,0.0,0.0,4.0,0.086734,0.177717,4,90.0,226,0.0,0.058857,0,0.0,True,0.137761,0.258967,12th Gen Intel(R) Core(TM) i7-1255U,12,15.68,Windows-10-10.0.26200-SP0,3.11.15,2.4.6,1.17.1,4.12.2,0.48.4,5.0.0,2.13.0+cpu,fd20710,10,False,,"(9, 6, 2)",2026-08-27T19:59:30+00:00
a8_rigging_quality,63,0,biped_capsule,biped,8,7,7,962,0.0,0.0,0.0,7.0,0.061886,0.145229,0,15.0,0,0.0,0.006159,0,0.0,True,0.0,0.0,12th Gen Intel(R) Core(TM) i7-1255U,12,15.68,Windows-10-10.0.26200-SP0,3.11.15,2.4.6,1.17.1,4.12.2,0.48.4,5.0.0,2.13.0+cpu,fd20710,10,False,,"(9, 6, 2)",2026-08-27T19:59:30+00:00
a8_rigging_quality,64,0,biped_capsule,biped,8,7,7,962,0.0,0.0,0.0,7.0,0.061886,0.145229,0,45.0,0,0.0,0.018057,0,0.0,True,0.0,0.0,12th Gen Intel(R) Core(TM) i7-1255U,12,15.68,Windows-10-10.0.26200-SP0,3.11.15,2.4.6,1.17.1,4.12.2,0.48.4,5.0.0,2.13.0+cpu,fd20710,10,False,,"(9, 6, 2)",2026-08-27T19:59:30+00:00
a8_rigging_quality,65,0,biped_capsule,biped,8,7,7,962,0.0,0.0,0.0,7.0,0.061886,0.145229,0,90.0,0,0.0,0.033365,0,0.0,True,0.0,0.0,12th Gen Intel(R) Core(TM) i7-1255U,12,15.68,Windows-10-10.0.26200-SP0,3.11.15,2.4.6,1.17.1,4.12.2,0.48.4,5.0.0,2.13.0+cpu,fd20710,10,False,,"(9, 6, 2)",2026-08-27T19:59:30+00:00
a8_rigging_quality,66,0,biped_capsule,biped,8,7,7,962,15.0,0.0,0.0,7.0,0.061886,0.145229,0,15.0,0,0.0,0.006159,0,0.0,True,0.06939,0.130543,12th Gen Intel(R) Core(TM) i7-1255U,12,15.68,Windows-10-10.0.26200-SP0,3.11.15,2.4.6,1.17.1,4.12.2,0.48.4,5.0.0,2.13.0+cpu,fd20710,10,False,,"(9, 6, 2)",2026-08-27T19:59:30+00:00
a8_rigging_quality,67,0,biped_capsule,biped,8,7,7,962,15.0,0.0,0.0,7.0,0.061886,0.145229,0,45.0,0,0.0,0.018057,0,0.0,True,0.06939,0.130543,12th Gen Intel(R) Core(TM) i7-1255U,12,15.68,Windows-10-10.0.26200-SP0,3.11.15,2.4.6,1.17.1,4.12.2,0.48.4,5.0.0,2.13.0+cpu,fd20710,10,False,,"(9, 6, 2)",2026-08-27T19:59:30+00:00
a8_rigging_quality,68,0,biped_capsule,biped,8,7,7,962,15.0,0.0,0.0,7.0,0.061886,0.145229,0,90.0,0,0.0,0.033365,0,0.0,True,0.06939,0.130543,12th Gen Intel(R) Core(TM) i7-1255U,12,15.68,Windows-10-10.0.26200-SP0,3.11.15,2.4.6,1.17.1,4.12.2,0.48.4,5.0.0,2.13.0+cpu,fd20710,10,False,,"(9, 6, 2)",2026-08-27T19:59:30+00:00
a8_rigging_quality,69,0,biped_capsule,biped,8,7,7,962,30.0,0.0,0.0,7.0,0.061886,0.145229,0,15.0,0,0.0,0.006159,0,0.0,True,0.137761,0.258967,12th Gen Intel(R) Core(TM) i7-1255U,12,15.68,Windows-10-10.0.26200-SP0,3.11.15,2.4.6,1.17.1,4.12.2,0.48.4,5.0.0,2.13.0+cpu,fd20710,10,False,,"(9, 6, 2)",2026-08-27T19:59:30+00:00
a8_rigging_quality,70,0,biped_capsule,biped,8,7,7,962,30.0,0.0,0.0,7.0,0.061886,0.145229,0,45.0,0,0.0,0.018057,0,0.0,True,0.137761,0.258967,12th Gen Intel(R) Core(TM) i7-1255U,12,15.68,Windows-10-10.0.26200-SP0,3.11.15,2.4.6,1.17.1,4.12.2,0.48.4,5.0.0,2.13.0+cpu,fd20710,10,False,,"(9, 6, 2)",2026-08-27T19:59:30+00:00
a8_rigging_quality,71,0,biped_capsule,biped,8,7,7,962,30.0,0.0,0.0,7.0,0.061886,0.145229,0,90.0,0,0.0,0.033365,0,0.0,True,0.137761,0.258967,12th Gen Intel(R) Core(TM) i7-1255U,12,15.68,Windows-10-10.0.26200-SP0,3.11.15,2.4.6,1.17.1,4.12.2,0.48.4,5.0.0,2.13.0+cpu,fd20710,10,False,,"(9, 6, 2)",2026-08-27T19:59:30+00:00
a8_rigging_quality,72,0,biped_capsule,quadruped,1,1,7,962,0.0,0.0,0.0,1.0,0.194444,2.0,2,15.0,653,0.0,0.053414,21,0.010937,True,0.0,0.0,12th Gen Intel(R) Core(TM) i7-1255U,12,15.68,Windows-10-10.0.26200-SP0,3.11.15,2.4.6,1.17.1,4.12.2,0.48.4,5.0.0,2.13.0+cpu,fd20710,10,False,,"(9, 6, 2)",2026-08-27T19:59:30+00:00
a8_rigging_quality,73,0,biped_capsule,quadruped,1,1,7,962,0.0,0.0,0.0,1.0,0.194444,2.0,2,45.0,653,0.0,0.156602,33,0.017188,True,0.0,0.0,12th Gen Intel(R) Core(TM) i7-1255U,12,15.68,Windows-10-10.0.26200-SP0,3.11.15,2.4.6,1.17.1,4.12.2,0.48.4,5.0.0,2.13.0+cpu,fd20710,10,False,,"(9, 6, 2)",2026-08-27T19:59:30+00:00
a8_rigging_quality,74,0,biped_capsule,quadruped,1,1,7,962,0.0,0.0,0.0,1.0,0.194444,2.0,2,90.0,653,0.0,0.289363,32,0.016667,True,0.0,0.0,12th Gen Intel(R) Core(TM) i7-1255U,12,15.68,Windows-10-10.0.26200-SP0,3.11.15,2.4.6,1.17.1,4.12.2,0.48.4,5.0.0,2.13.0+cpu,fd20710,10,False,,"(9, 6, 2)",2026-08-27T19:59:30+00:00
a8_rigging_quality,75,0,biped_capsule,quadruped,1,1,7,962,15.0,0.0,0.0,1.0,0.194444,2.0,2,15.0,653,0.0,0.053414,21,0.010937,True,0.101438,0.190346,12th Gen Intel(R) Core(TM) i7-1255U,12,15.68,Windows-10-10.0.26200-SP0,3.11.15,2.4.6,1.17.1,4.12.2,0.48.4,5.0.0,2.13.0+cpu,fd20710,10,False,,"(9, 6, 2)",2026-08-27T19:59:30+00:00
a8_rigging_quality,76,0,biped_capsule,quadruped,1,1,7,962,15.0,0.0,0.0,1.0,0.194444,2.0,2,45.0,653,0.0,0.156602,33,0.017188,True,0.101438,0.190346,12th Gen Intel(R) Core(TM) i7-1255U,12,15.68,Windows-10-10.0.26200-SP0,3.11.15,2.4.6,1.17.1,4.12.2,0.48.4,5.0.0,2.13.0+cpu,fd20710,10,False,,"(9, 6, 2)",2026-08-27T19:59:30+00:00
a8_rigging_quality,77,0,biped_capsule,quadruped,1,1,7,962,15.0,0.0,0.0,1.0,0.194444,2.0,2,90.0,653,0.0,0.289363,32,0.016667,True,0.101438,0.190346,12th Gen Intel(R) Core(TM) i7-1255U,12,15.68,Windows-10-10.0.26200-SP0,3.11.15,2.4.6,1.17.1,4.12.2,0.48.4,5.0.0,2.13.0+cpu,fd20710,10,False,,"(9, 6, 2)",2026-08-27T19:59:30+00:00
a8_rigging_quality,78,0,biped_capsule,quadruped,1,1,7,962,30.0,0.0,0.0,1.0,0.194444,2.0,2,15.0,653,0.0,0.053414,21,0.010937,True,0.204671,0.387489,12th Gen Intel(R) Core(TM) i7-1255U,12,15.68,Windows-10-10.0.26200-SP0,3.11.15,2.4.6,1.17.1,4.12.2,0.48.4,5.0.0,2.13.0+cpu,fd20710,10,False,,"(9, 6, 2)",2026-08-27T19:59:30+00:00
a8_rigging_quality,79,0,biped_capsule,quadruped,1,1,7,962,30.0,0.0,0.0,1.0,0.194444,2.0,2,45.0,653,0.0,0.156602,33,0.017188,True,0.204671,0.387489,12th Gen Intel(R) Core(TM) i7-1255U,12,15.68,Windows-10-10.0.26200-SP0,3.11.15,2.4.6,1.17.1,4.12.2,0.48.4,5.0.0,2.13.0+cpu,fd20710,10,False,,"(9, 6, 2)",2026-08-27T19:59:30+00:00
a8_rigging_quality,80,0,biped_capsule,quadruped,1,1,7,962,30.0,0.0,0.0,1.0,0.194444,2.0,2,90.0,653,0.0,0.289363,32,0.016667,True,0.204671,0.387489,12th Gen Intel(R) Core(TM) i7-1255U,12,15.68,Windows-10-10.0.26200-SP0,3.11.15,2.4.6,1.17.1,4.12.2,0.48.4,5.0.0,2.13.0+cpu,fd20710,10,False,,"(9, 6, 2)",2026-08-27T19:59:30+00:00
a8_rigging_quality,81,0,biped_capsule,quadruped,2,2,7,962,0.0,0.0,0.0,2.0,0.125357,0.734186,1,15.0,481,0.0,0.033693,0,0.0,True,0.0,0.0,12th Gen Intel(R) Core(TM) i7-1255U,12,15.68,Windows-10-10.0.26200-SP0,3.11.15,2.4.6,1.17.1,4.12.2,0.48.4,5.0.0,2.13.0+cpu,fd20710,10,False,,"(9, 6, 2)",2026-08-27T19:59:30+00:00
a8_rigging_quality,82,0,biped_capsule,quadruped,2,2,7,962,0.0,0.0,0.0,2.0,0.125357,0.734186,1,45.0,481,0.0,0.098784,0,0.0,True,0.0,0.0,12th Gen Intel(R) Core(TM) i7-1255U,12,15.68,Windows-10-10.0.26200-SP0,3.11.15,2.4.6,1.17.1,4.12.2,0.48.4,5.0.0,2.13.0+cpu,fd20710,10,False,,"(9, 6, 2)",2026-08-27T19:59:30+00:00
a8_rigging_quality,83,0,biped_capsule,quadruped,2,2,7,962,0.0,0.0,0.0,2.0,0.125357,0.734186,1,90.0,481,0.0,0.182529,0,0.0,True,0.0,0.0,12th Gen Intel(R) Core(TM) i7-1255U,12,15.68,Windows-10-10.0.26200-SP0,3.11.15,2.4.6,1.17.1,4.12.2,0.48.4,5.0.0,2.13.0+cpu,fd20710,10,False,,"(9, 6, 2)",2026-08-27T19:59:30+00:00
a8_rigging_quality,84,0,biped_capsule,quadruped,2,2,7,962,15.0,0.0,0.0,2.0,0.125357,0.734186,1,15.0,481,0.0,0.033693,0,0.0,True,0.101438,0.190346,12th Gen Intel(R) Core(TM) i7-1255U,12,15.68,Windows-10-10.0.26200-SP0,3.11.15,2.4.6,1.17.1,4.12.2,0.48.4,5.0.0,2.13.0+cpu,fd20710,10,False,,"(9, 6, 2)",2026-08-27T19:59:30+00:00
a8_rigging_quality,85,0,biped_capsule,quadruped,2,2,7,962,15.0,0.0,0.0,2.0,0.125357,0.734186,1,45.0,481,0.0,0.098784,0,0.0,True,0.101438,0.190346,12th Gen Intel(R) Core(TM) i7-1255U,12,15.68,Windows-10-10.0.26200-SP0,3.11.15,2.4.6,1.17.1,4.12.2,0.48.4,5.0.0,2.13.0+cpu,fd20710,10,False,,"(9, 6, 2)",2026-08-27T19:59:30+00:00
a8_rigging_quality,86,0,biped_capsule,quadruped,2,2,7,962,15.0,0.0,0.0,2.0,0.125357,0.734186,1,90.0,481,0.0,0.182529,0,0.0,True,0.101438,0.190346,12th Gen Intel(R) Core(TM) i7-1255U,12,15.68,Windows-10-10.0.26200-SP0,3.11.15,2.4.6,1.17.1,4.12.2,0.48.4,5.0.0,2.13.0+cpu,fd20710,10,False,,"(9, 6, 2)",2026-08-27T19:59:30+00:00
a8_rigging_quality,87,0,biped_capsule,quadruped,2,2,7,962,30.0,0.0,0.0,2.0,0.125357,0.734186,1,15.0,481,0.0,0.033693,0,0.0,True,0.204671,0.387489,12th Gen Intel(R) Core(TM) i7-1255U,12,15.68,Windows-10-10.0.26200-SP0,3.11.15,2.4.6,1.17.1,4.12.2,0.48.4,5.0.0,2.13.0+cpu,fd20710,10,False,,"(9, 6, 2)",2026-08-27T19:59:30+00:00
a8_rigging_quality,88,0,biped_capsule,quadruped,2,2,7,962,30.0,0.0,0.0,2.0,0.125357,0.734186,1,45.0,481,0.0,0.098784,0,0.0,True,0.204671,0.387489,12th Gen Intel(R) Core(TM) i7-1255U,12,15.68,Windows-10-10.0.26200-SP0,3.11.15,2.4.6,1.17.1,4.12.2,0.48.4,5.0.0,2.13.0+cpu,fd20710,10,False,,"(9, 6, 2)",2026-08-27T19:59:30+00:00
a8_rigging_quality,89,0,biped_capsule,quadruped,2,2,7,962,30.0,0.0,0.0,2.0,0.125357,0.734186,1,90.0,481,0.0,0.182529,0,0.0,True,0.204671,0.387489,12th Gen Intel(R) Core(TM) i7-1255U,12,15.68,Windows-10-10.0.26200-SP0,3.11.15,2.4.6,1.17.1,4.12.2,0.48.4,5.0.0,2.13.0+cpu,fd20710,10,False,,"(9, 6, 2)",2026-08-27T19:59:30+00:00
a8_rigging_quality,90,0,biped_capsule,quadruped,4,4,7,962,0.0,0.0,0.0,4.0,0.090055,0.184872,6,15.0,346,0.0,0.013408,0,0.0,True,0.0,0.0,12th Gen Intel(R) Core(TM) i7-1255U,12,15.68,Windows-10-10.0.26200-SP0,3.11.15,2.4.6,1.17.1,4.12.2,0.48.4,5.0.0,2.13.0+cpu,fd20710,10,False,,"(9, 6, 2)",2026-08-27T19:59:30+00:00
a8_rigging_quality,91,0,biped_capsule,quadruped,4,4,7,962,0.0,0.0,0.0,4.0,0.090055,0.184872,6,45.0,346,0.0,0.03931,1,0.000521,True,0.0,0.0,12th Gen Intel(R) Core(TM) i7-1255U,12,15.68,Windows-10-10.0.26200-SP0,3.11.15,2.4.6,1.17.1,4.12.2,0.48.4,5.0.0,2.13.0+cpu,fd20710,10,False,,"(9, 6, 2)",2026-08-27T19:59:30+00:00
a8_rigging_quality,92,0,biped_capsule,quadruped,4,4,7,962,0.0,0.0,0.0,4.0,0.090055,0.184872,6,90.0,346,0.0,0.072636,0,0.0,True,0.0,0.0,12th Gen Intel(R) Core(TM) i7-1255U,12,15.68,Windows-10-10.0.26200-SP0,3.11.15,2.4.6,1.17.1,4.12.2,0.48.4,5.0.0,2.13.0+cpu,fd20710,10,False,,"(9, 6, 2)",2026-08-27T19:59:30+00:00
a8_rigging_quality,93,0,biped_capsule,quadruped,4,4,7,962,15.0,0.0,0.0,4.0,0.090055,0.184872,6,15.0,346,0.0,0.013408,0,0.0,True,0.101438,0.190346,12th Gen Intel(R) Core(TM) i7-1255U,12,15.68,Windows-10-10.0.26200-SP0,3.11.15,2.4.6,1.17.1,4.12.2,0.48.4,5.0.0,2.13.0+cpu,fd20710,10,False,,"(9, 6, 2)",2026-08-27T19:59:30+00:00
a8_rigging_quality,94,0,biped_capsule,quadruped,4,4,7,962,15.0,0.0,0.0,4.0,0.090055,0.184872,6,45.0,346,0.0,0.03931,1,0.000521,True,0.101438,0.190346,12th Gen Intel(R) Core(TM) i7-1255U,12,15.68,Windows-10-10.0.26200-SP0,3.11.15,2.4.6,1.17.1,4.12.2,0.48.4,5.0.0,2.13.0+cpu,fd20710,10,False,,"(9, 6, 2)",2026-08-27T19:59:30+00:00
a8_rigging_quality,95,0,biped_capsule,quadruped,4,4,7,962,15.0,0.0,0.0,4.0,0.090055,0.184872,6,90.0,346,0.0,0.072636,0,0.0,True,0.101438,0.190346,12th Gen Intel(R) Core(TM) i7-1255U,12,15.68,Windows-10-10.0.26200-SP0,3.11.15,2.4.6,1.17.1,4.12.2,0.48.4,5.0.0,2.13.0+cpu,fd20710,10,False,,"(9, 6, 2)",2026-08-27T19:59:30+00:00
a8_rigging_quality,96,0,biped_capsule,quadruped,4,4,7,962,30.0,0.0,0.0,4.0,0.090055,0.184872,6,15.0,346,0.0,0.013408,0,0.0,True,0.204671,0.387489,12th Gen Intel(R) Core(TM) i7-1255U,12,15.68,Windows-10-10.0.26200-SP0,3.11.15,2.4.6,1.17.1,4.12.2,0.48.4,5.0.0,2.13.0+cpu,fd20710,10,False,,"(9, 6, 2)",2026-08-27T19:59:30+00:00
a8_rigging_quality,97,0,biped_capsule,quadruped,4,4,7,962,30.0,0.0,0.0,4.0,0.090055,0.184872,6,45.0,346,0.0,0.03931,1,0.000521,True,0.204671,0.387489,12th Gen Intel(R) Core(TM) i7-1255U,12,15.68,Windows-10-10.0.26200-SP0,3.11.15,2.4.6,1.17.1,4.12.2,0.48.4,5.0.0,2.13.0+cpu,fd20710,10,False,,"(9, 6, 2)",2026-08-27T19:59:30+00:00
a8_rigging_quality,98,0,biped_capsule,quadruped,4,4,7,962,30.0,0.0,0.0,4.0,0.090055,0.184872,6,90.0,346,0.0,0.072636,0,0.0,True,0.204671,0.387489,12th Gen Intel(R) Core(TM) i7-1255U,12,15.68,Windows-10-10.0.26200-SP0,3.11.15,2.4.6,1.17.1,4.12.2,0.48.4,5.0.0,2.13.0+cpu,fd20710,10,False,,"(9, 6, 2)",2026-08-27T19:59:30+00:00
a8_rigging_quality,99,0,biped_capsule,quadruped,8,7,7,962,0.0,0.0,0.0,7.0,0.063236,0.118046,0,15.0,0,0.0,0.008944,0,0.0,True,0.0,0.0,12th Gen Intel(R) Core(TM) i7-1255U,12,15.68,Windows-10-10.0.26200-SP0,3.11.15,2.4.6,1.17.1,4.12.2,0.48.4,5.0.0,2.13.0+cpu,fd20710,10,False,,"(9, 6, 2)",2026-08-27T19:59:30+00:00
a8_rigging_quality,100,0,biped_capsule,quadruped,8,7,7,962,0.0,0.0,0.0,7.0,0.063236,0.118046,0,45.0,0,0.0,0.026222,0,0.0,True,0.0,0.0,12th Gen Intel(R) Core(TM) i7-1255U,12,15.68,Windows-10-10.0.26200-SP0,3.11.15,2.4.6,1.17.1,4.12.2,0.48.4,5.0.0,2.13.0+cpu,fd20710,10,False,,"(9, 6, 2)",2026-08-27T19:59:30+00:00
a8_rigging_quality,101,0,biped_capsule,quadruped,8,7,7,962,0.0,0.0,0.0,7.0,0.063236,0.118046,0,90.0,0,0.0,0.048453,0,0.0,True,0.0,0.0,12th Gen Intel(R) Core(TM) i7-1255U,12,15.68,Windows-10-10.0.26200-SP0,3.11.15,2.4.6,1.17.1,4.12.2,0.48.4,5.0.0,2.13.0+cpu,fd20710,10,False,,"(9, 6, 2)",2026-08-27T19:59:30+00:00
a8_rigging_quality,102,0,biped_capsule,quadruped,8,7,7,962,15.0,0.0,0.0,7.0,0.063236,0.118046,0,15.0,0,0.0,0.008944,0,0.0,True,0.101438,0.190346,12th Gen Intel(R) Core(TM) i7-1255U,12,15.68,Windows-10-10.0.26200-SP0,3.11.15,2.4.6,1.17.1,4.12.2,0.48.4,5.0.0,2.13.0+cpu,fd20710,10,False,,"(9, 6, 2)",2026-08-27T19:59:30+00:00
a8_rigging_quality,103,0,biped_capsule,quadruped,8,7,7,962,15.0,0.0,0.0,7.0,0.063236,0.118046,0,45.0,0,0.0,0.026222,0,0.0,True,0.101438,0.190346,12th Gen Intel(R) Core(TM) i7-1255U,12,15.68,Windows-10-10.0.26200-SP0,3.11.15,2.4.6,1.17.1,4.12.2,0.48.4,5.0.0,2.13.0+cpu,fd20710,10,False,,"(9, 6, 2)",2026-08-27T19:59:30+00:00
a8_rigging_quality,104,0,biped_capsule,quadruped,8,7,7,962,15.0,0.0,0.0,7.0,0.063236,0.118046,0,90.0,0,0.0,0.048453,0,0.0,True,0.101438,0.190346,12th Gen Intel(R) Core(TM) i7-1255U,12,15.68,Windows-10-10.0.26200-SP0,3.11.15,2.4.6,1.17.1,4.12.2,0.48.4,5.0.0,2.13.0+cpu,fd20710,10,False,,"(9, 6, 2)",2026-08-27T19:59:30+00:00
a8_rigging_quality,105,0,biped_capsule,quadruped,8,7,7,962,30.0,0.0,0.0,7.0,0.063236,0.118046,0,15.0,0,0.0,0.008944,0,0.0,True,0.204671,0.387489,12th Gen Intel(R) Core(TM) i7-1255U,12,15.68,Windows-10-10.0.26200-SP0,3.11.15,2.4.6,1.17.1,4.12.2,0.48.4,5.0.0,2.13.0+cpu,fd20710,10,False,,"(9, 6, 2)",2026-08-27T19:59:30+00:00
a8_rigging_quality,106,0,biped_capsule,quadruped,8,7,7,962,30.0,0.0,0.0,7.0,0.063236,0.118046,0,45.0,0,0.0,0.026222,0,0.0,True,0.204671,0.387489,12th Gen Intel(R) Core(TM) i7-1255U,12,15.68,Windows-10-10.0.26200-SP0,3.11.15,2.4.6,1.17.1,4.12.2,0.48.4,5.0.0,2.13.0+cpu,fd20710,10,False,,"(9, 6, 2)",2026-08-27T19:59:30+00:00
a8_rigging_quality,107,0,biped_capsule,quadruped,8,7,7,962,30.0,0.0,0.0,7.0,0.063236,0.118046,0,90.0,0,0.0,0.048453,0,0.0,True,0.204671,0.387489,12th Gen Intel(R) Core(TM) i7-1255U,12,15.68,Windows-10-10.0.26200-SP0,3.11.15,2.4.6,1.17.1,4.12.2,0.48.4,5.0.0,2.13.0+cpu,fd20710,10,False,,"(9, 6, 2)",2026-08-27T19:59:30+00:00
a8_rigging_quality,108,0,biped_capsule,winged,1,1,5,962,0.0,0.0,0.0,1.0,0.044444,0.0,1,15.0,481,0.0,0.039674,0,0.0,True,0.0,0.0,12th Gen Intel(R) Core(TM) i7-1255U,12,15.68,Windows-10-10.0.26200-SP0,3.11.15,2.4.6,1.17.1,4.12.2,0.48.4,5.0.0,2.13.0+cpu,fd20710,10,False,,"(9, 6, 2)",2026-08-27T19:59:30+00:00
a8_rigging_quality,109,0,biped_capsule,winged,1,1,5,962,0.0,0.0,0.0,1.0,0.044444,0.0,1,45.0,481,0.0,0.116319,0,0.0,True,0.0,0.0,12th Gen Intel(R) Core(TM) i7-1255U,12,15.68,Windows-10-10.0.26200-SP0,3.11.15,2.4.6,1.17.1,4.12.2,0.48.4,5.0.0,2.13.0+cpu,fd20710,10,False,,"(9, 6, 2)",2026-08-27T19:59:30+00:00
a8_rigging_quality,110,0,biped_capsule,winged,1,1,5,962,0.0,0.0,0.0,1.0,0.044444,0.0,1,90.0,481,0.0,0.21493,13,0.006771,True,0.0,0.0,12th Gen Intel(R) Core(TM) i7-1255U,12,15.68,Windows-10-10.0.26200-SP0,3.11.15,2.4.6,1.17.1,4.12.2,0.48.4,5.0.0,2.13.0+cpu,fd20710,10,False,,"(9, 6, 2)",2026-08-27T19:59:30+00:00
a8_rigging_quality,111,0,biped_capsule,winged,1,1,5,962,15.0,0.0,0.0,1.0,0.044444,0.0,1,15.0,481,0.0,0.039674,0,0.0,True,0.039652,0.130526,12th Gen Intel(R) Core(TM) i7-1255U,12,15.68,Windows-10-10.0.26200-SP0,3.11.15,2.4.6,1.17.1,4.12.2,0.48.4,5.0.0,2.13.0+cpu,fd20710,10,False,,"(9, 6, 2)",2026-08-27T19:59:30+00:00
a8_rigging_quality,112,0,biped_capsule,winged,1,1,5,962,15.0,0.0,0.0,1.0,0.044444,0.0,1,45.0,481,0.0,0.116319,0,0.0,True,0.039652,0.130526,12th Gen Intel(R) Core(TM) i7-1255U,12,15.68,Windows-10-10.0.26200-SP0,3.11.15,2.4.6,1.17.1,4.12.2,0.48.4,5.0.0,2.13.0+cpu,fd20710,10,False,,"(9, 6, 2)",2026-08-27T19:59:30+00:00
a8_rigging_quality,113,0,biped_capsule,winged,1,1,5,962,15.0,0.0,0.0,1.0,0.044444,0.0,1,90.0,481,0.0,0.21493,13,0.006771,True,0.039652,0.130526,12th Gen Intel(R) Core(TM) i7-1255U,12,15.68,Windows-10-10.0.26200-SP0,3.11.15,2.4.6,1.17.1,4.12.2,0.48.4,5.0.0,2.13.0+cpu,fd20710,10,False,,"(9, 6, 2)",2026-08-27T19:59:30+00:00
a8_rigging_quality,114,0,biped_capsule,winged,1,1,5,962,30.0,0.0,0.0,1.0,0.044444,0.0,1,15.0,481,0.0,0.039674,0,0.0,True,0.088066,0.258819,12th Gen Intel(R) Core(TM) i7-1255U,12,15.68,Windows-10-10.0.26200-SP0,3.11.15,2.4.6,1.17.1,4.12.2,0.48.4,5.0.0,2.13.0+cpu,fd20710,10,False,,"(9, 6, 2)",2026-08-27T19:59:30+00:00
a8_rigging_quality,115,0,biped_capsule,winged,1,1,5,962,30.0,0.0,0.0,1.0,0.044444,0.0,1,45.0,481,0.0,0.116319,0,0.0,True,0.088066,0.258819,12th Gen Intel(R) Core(TM) i7-1255U,12,15.68,Windows-10-10.0.26200-SP0,3.11.15,2.4.6,1.17.1,4.12.2,0.48.4,5.0.0,2.13.0+cpu,fd20710,10,False,,"(9, 6, 2)",2026-08-27T19:59:30+00:00
a8_rigging_quality,116,0,biped_capsule,winged,1,1,5,962,30.0,0.0,0.0,1.0,0.044444,0.0,1,90.0,481,0.0,0.21493,13,0.006771,True,0.088066,0.258819,12th Gen Intel(R) Core(TM) i7-1255U,12,15.68,Windows-10-10.0.26200-SP0,3.11.15,2.4.6,1.17.1,4.12.2,0.48.4,5.0.0,2.13.0+cpu,fd20710,10,False,,"(9, 6, 2)",2026-08-27T19:59:30+00:00
a8_rigging_quality,117,0,biped_capsule,winged,2,2,5,962,0.0,0.0,0.0,2.0,0.097061,0.68563,0,15.0,368,0.0,0.01802,0,0.0,True,0.0,0.0,12th Gen Intel(R) Core(TM) i7-1255U,12,15.68,Windows-10-10.0.26200-SP0,3.11.15,2.4.6,1.17.1,4.12.2,0.48.4,5.0.0,2.13.0+cpu,fd20710,10,False,,"(9, 6, 2)",2026-08-27T19:59:30+00:00
a8_rigging_quality,118,0,biped_capsule,winged,2,2,5,962,0.0,0.0,0.0,2.0,0.097061,0.68563,0,45.0,368,0.0,0.052832,49,0.025521,True,0.0,0.0,12th Gen Intel(R) Core(TM) i7-1255U,12,15.68,Windows-10-10.0.26200-SP0,3.11.15,2.4.6,1.17.1,4.12.2,0.48.4,5.0.0,2.13.0+cpu,fd20710,10,False,,"(9, 6, 2)",2026-08-27T19:59:30+00:00
a8_rigging_quality,119,0,biped_capsule,winged,2,2,5,962,0.0,0.0,0.0,2.0,0.097061,0.68563,0,90.0,368,0.0,0.09762,72,0.0375,True,0.0,0.0,12th Gen Intel(R) Core(TM) i7-1255U,12,15.68,Windows-10-10.0.26200-SP0,3.11.15,2.4.6,1.17.1,4.12.2,0.48.4,5.0.0,2.13.0+cpu,fd20710,10,False,,"(9, 6, 2)",2026-08-27T19:59:30+00:00
a8_rigging_quality,120,0,biped_capsule,winged,2,2,5,962,15.0,0.0,0.0,2.0,0.097061,0.68563,0,15.0,368,0.0,0.01802,0,0.0,True,0.039652,0.130526,12th Gen Intel(R) Core(TM) i7-1255U,12,15.68,Windows-10-10.0.26200-SP0,3.11.15,2.4.6,1.17.1,4.12.2,0.48.4,5.0.0,2.13.0+cpu,fd20710,10,False,,"(9, 6, 2)",2026-08-27T19:59:30+00:00
a8_rigging_quality,121,0,biped_capsule,winged,2,2,5,962,15.0,0.0,0.0,2.0,0.097061,0.68563,0,45.0,368,0.0,0.052832,49,0.025521,True,0.039652,0.130526,12th Gen Intel(R) Core(TM) i7-1255U,12,15.68,Windows-10-10.0.26200-SP0,3.11.15,2.4.6,1.17.1,4.12.2,0.48.4,5.0.0,2.13.0+cpu,fd20710,10,False,,"(9, 6, 2)",2026-08-27T19:59:30+00:00
a8_rigging_quality,122,0,biped_capsule,winged,2,2,5,962,15.0,0.0,0.0,2.0,0.097061,0.68563,0,90.0,368,0.0,0.09762,72,0.0375,True,0.039652,0.130526,12th Gen Intel(R) Core(TM) i7-1255U,12,15.68,Windows-10-10.0.26200-SP0,3.11.15,2.4.6,1.17.1,4.12.2,0.48.4,5.0.0,2.13.0+cpu,fd20710,10,False,,"(9, 6, 2)",2026-08-27T19:59:30+00:00
a8_rigging_quality,123,0,biped_capsule,winged,2,2,5,962,30.0,0.0,0.0,2.0,0.097061,0.68563,0,15.0,368,0.0,0.01802,0,0.0,True,0.088066,0.258819,12th Gen Intel(R) Core(TM) i7-1255U,12,15.68,Windows-10-10.0.26200-SP0,3.11.15,2.4.6,1.17.1,4.12.2,0.48.4,5.0.0,2.13.0+cpu,fd20710,10,False,,"(9, 6, 2)",2026-08-27T19:59:30+00:00
a8_rigging_quality,124,0,biped_capsule,winged,2,2,5,962,30.0,0.0,0.0,2.0,0.097061,0.68563,0,45.0,368,0.0,0.052832,49,0.025521,True,0.088066,0.258819,12th Gen Intel(R) Core(TM) i7-1255U,12,15.68,Windows-10-10.0.26200-SP0,3.11.15,2.4.6,1.17.1,4.12.2,0.48.4,5.0.0,2.13.0+cpu,fd20710,10,False,,"(9, 6, 2)",2026-08-27T19:59:30+00:00
a8_rigging_quality,125,0,biped_capsule,winged,2,2,5,962,30.0,0.0,0.0,2.0,0.097061,0.68563,0,90.0,368,0.0,0.09762,72,0.0375,True,0.088066,0.258819,12th Gen Intel(R) Core(TM) i7-1255U,12,15.68,Windows-10-10.0.26200-SP0,3.11.15,2.4.6,1.17.1,4.12.2,0.48.4,5.0.0,2.13.0+cpu,fd20710,10,False,,"(9, 6, 2)",2026-08-27T19:59:30+00:00
a8_rigging_quality,126,0,biped_capsule,winged,4,4,5,962,0.0,0.0,0.0,4.0,0.052494,0.140323,0,15.0,0,0.0,0.009765,0,0.0,True,0.0,0.0,12th Gen Intel(R) Core(TM) i7-1255U,12,15.68,Windows-10-10.0.26200-SP0,3.11.15,2.4.6,1.17.1,4.12.2,0.48.4,5.0.0,2.13.0+cpu,fd20710,10,False,,"(9, 6, 2)",2026-08-27T19:59:30+00:00
a8_rigging_quality,127,0,biped_capsule,winged,4,4,5,962,0.0,0.0,0.0,4.0,0.052494,0.140323,0,45.0,0,0.0,0.028628,0,0.0,True,0.0,0.0,12th Gen Intel(R) Core(TM) i7-1255U,12,15.68,Windows-10-10.0.26200-SP0,3.11.15,2.4.6,1.17.1,4.12.2,0.48.4,5.0.0,2.13.0+cpu,fd20710,10,False,,"(9, 6, 2)",2026-08-27T19:59:30+00:00
a8_rigging_quality,128,0,biped_capsule,winged,4,4,5,962,0.0,0.0,0.0,4.0,0.052494,0.140323,0,90.0,0,0.0,0.052898,0,0.0,True,0.0,0.0,12th Gen Intel(R) Core(TM) i7-1255U,12,15.68,Windows-10-10.0.26200-SP0,3.11.15,2.4.6,1.17.1,4.12.2,0.48.4,5.0.0,2.13.0+cpu,fd20710,10,False,,"(9, 6, 2)",2026-08-27T19:59:30+00:00
a8_rigging_quality,129,0,biped_capsule,winged,4,4,5,962,15.0,0.0,0.0,4.0,0.052494,0.140323,0,15.0,0,0.0,0.009765,0,0.0,True,0.039652,0.130526,12th Gen Intel(R) Core(TM) i7-1255U,12,15.68,Windows-10-10.0.26200-SP0,3.11.15,2.4.6,1.17.1,4.12.2,0.48.4,5.0.0,2.13.0+cpu,fd20710,10,False,,"(9, 6, 2)",2026-08-27T19:59:30+00:00
a8_rigging_quality,130,0,biped_capsule,winged,4,4,5,962,15.0,0.0,0.0,4.0,0.052494,0.140323,0,45.0,0,0.0,0.028628,0,0.0,True,0.039652,0.130526,12th Gen Intel(R) Core(TM) i7-1255U,12,15.68,Windows-10-10.0.26200-SP0,3.11.15,2.4.6,1.17.1,4.12.2,0.48.4,5.0.0,2.13.0+cpu,fd20710,10,False,,"(9, 6, 2)",2026-08-27T19:59:30+00:00
a8_rigging_quality,131,0,biped_capsule,winged,4,4,5,962,15.0,0.0,0.0,4.0,0.052494,0.140323,0,90.0,0,0.0,0.052898,0,0.0,True,0.039652,0.130526,12th Gen Intel(R) Core(TM) i7-1255U,12,15.68,Windows-10-10.0.26200-SP0,3.11.15,2.4.6,1.17.1,4.12.2,0.48.4,5.0.0,2.13.0+cpu,fd20710,10,False,,"(9, 6, 2)",2026-08-27T19:59:30+00:00
a8_rigging_quality,132,0,biped_capsule,winged,4,4,5,962,30.0,0.0,0.0,4.0,0.052494,0.140323,0,15.0,0,0.0,0.009765,0,0.0,True,0.088066,0.258819,12th Gen Intel(R) Core(TM) i7-1255U,12,15.68,Windows-10-10.0.26200-SP0,3.11.15,2.4.6,1.17.1,4.12.2,0.48.4,5.0.0,2.13.0+cpu,fd20710,10,False,,"(9, 6, 2)",2026-08-27T19:59:30+00:00
a8_rigging_quality,133,0,biped_capsule,winged,4,4,5,962,30.0,0.0,0.0,4.0,0.052494,0.140323,0,45.0,0,0.0,0.028628,0,0.0,True,0.088066,0.258819,12th Gen Intel(R) Core(TM) i7-1255U,12,15.68,Windows-10-10.0.26200-SP0,3.11.15,2.4.6,1.17.1,4.12.2,0.48.4,5.0.0,2.13.0+cpu,fd20710,10,False,,"(9, 6, 2)",2026-08-27T19:59:30+00:00
a8_rigging_quality,134,0,biped_capsule,winged,4,4,5,962,30.0,0.0,0.0,4.0,0.052494,0.140323,0,90.0,0,0.0,0.052898,0,0.0,True,0.088066,0.258819,12th Gen Intel(R) Core(TM) i7-1255U,12,15.68,Windows-10-10.0.26200-SP0,3.11.15,2.4.6,1.17.1,4.12.2,0.48.4,5.0.0,2.13.0+cpu,fd20710,10,False,,"(9, 6, 2)",2026-08-27T19:59:30+00:00
a8_rigging_quality,135,0,biped_capsule,winged,8,5,5,962,0.0,0.0,0.0,5.0,0.04752,0.162852,0,15.0,0,0.0,0.008801,0,0.0,True,0.0,0.0,12th Gen Intel(R) Core(TM) i7-1255U,12,15.68,Windows-10-10.0.26200-SP0,3.11.15,2.4.6,1.17.1,4.12.2,0.48.4,5.0.0,2.13.0+cpu,fd20710,10,False,,"(9, 6, 2)",2026-08-27T19:59:30+00:00
a8_rigging_quality,136,0,biped_capsule,winged,8,5,5,962,0.0,0.0,0.0,5.0,0.04752,0.162852,0,45.0,0,0.0,0.025803,0,0.0,True,0.0,0.0,12th Gen Intel(R) Core(TM) i7-1255U,12,15.68,Windows-10-10.0.26200-SP0,3.11.15,2.4.6,1.17.1,4.12.2,0.48.4,5.0.0,2.13.0+cpu,fd20710,10,False,,"(9, 6, 2)",2026-08-27T19:59:30+00:00
a8_rigging_quality,137,0,biped_capsule,winged,8,5,5,962,0.0,0.0,0.0,5.0,0.04752,0.162852,0,90.0,0,0.0,0.047677,0,0.0,True,0.0,0.0,12th Gen Intel(R) Core(TM) i7-1255U,12,15.68,Windows-10-10.0.26200-SP0,3.11.15,2.4.6,1.17.1,4.12.2,0.48.4,5.0.0,2.13.0+cpu,fd20710,10,False,,"(9, 6, 2)",2026-08-27T19:59:30+00:00
a8_rigging_quality,138,0,biped_capsule,winged,8,5,5,962,15.0,0.0,0.0,5.0,0.04752,0.162852,0,15.0,0,0.0,0.008801,0,0.0,True,0.039652,0.130526,12th Gen Intel(R) Core(TM) i7-1255U,12,15.68,Windows-10-10.0.26200-SP0,3.11.15,2.4.6,1.17.1,4.12.2,0.48.4,5.0.0,2.13.0+cpu,fd20710,10,False,,"(9, 6, 2)",2026-08-27T19:59:30+00:00
a8_rigging_quality,139,0,biped_capsule,winged,8,5,5,962,15.0,0.0,0.0,5.0,0.04752,0.162852,0,45.0,0,0.0,0.025803,0,0.0,True,0.039652,0.130526,12th Gen Intel(R) Core(TM) i7-1255U,12,15.68,Windows-10-10.0.26200-SP0,3.11.15,2.4.6,1.17.1,4.12.2,0.48.4,5.0.0,2.13.0+cpu,fd20710,10,False,,"(9, 6, 2)",2026-08-27T19:59:30+00:00
a8_rigging_quality,140,0,biped_capsule,winged,8,5,5,962,15.0,0.0,0.0,5.0,0.04752,0.162852,0,90.0,0,0.0,0.047677,0,0.0,True,0.039652,0.130526,12th Gen Intel(R) Core(TM) i7-1255U,12,15.68,Windows-10-10.0.26200-SP0,3.11.15,2.4.6,1.17.1,4.12.2,0.48.4,5.0.0,2.13.0+cpu,fd20710,10,False,,"(9, 6, 2)",2026-08-27T19:59:30+00:00
a8_rigging_quality,141,0,biped_capsule,winged,8,5,5,962,30.0,0.0,0.0,5.0,0.04752,0.162852,0,15.0,0,0.0,0.008801,0,0.0,True,0.088066,0.258819,12th Gen Intel(R) Core(TM) i7-1255U,12,15.68,Windows-10-10.0.26200-SP0,3.11.15,2.4.6,1.17.1,4.12.2,0.48.4,5.0.0,2.13.0+cpu,fd20710,10,False,,"(9, 6, 2)",2026-08-27T19:59:30+00:00
a8_rigging_quality,142,0,biped_capsule,winged,8,5,5,962,30.0,0.0,0.0,5.0,0.04752,0.162852,0,45.0,0,0.0,0.025803,0,0.0,True,0.088066,0.258819,12th Gen Intel(R) Core(TM) i7-1255U,12,15.68,Windows-10-10.0.26200-SP0,3.11.15,2.4.6,1.17.1,4.12.2,0.48.4,5.0.0,2.13.0+cpu,fd20710,10,False,,"(9, 6, 2)",2026-08-27T19:59:30+00:00
a8_rigging_quality,143,0,biped_capsule,winged,8,5,5,962,30.0,0.0,0.0,5.0,0.04752,0.162852,0,90.0,0,0.0,0.047677,0,0.0,True,0.088066,0.258819,12th Gen Intel(R) Core(TM) i7-1255U,12,15.68,Windows-10-10.0.26200-SP0,3.11.15,2.4.6,1.17.1,4.12.2,0.48.4,5.0.0,2.13.0+cpu,fd20710,10,False,,"(9, 6, 2)",2026-08-27T19:59:30+00:00
a8_rigging_quality,144,0,quadruped_box,static,1,1,1,386,0.0,0.0,0.0,1.0,0.0,0.0,-1,15.0,0,0.0,0.0,0,0.0,True,0.0,0.0,12th Gen Intel(R) Core(TM) i7-1255U,12,15.68,Windows-10-10.0.26200-SP0,3.11.15,2.4.6,1.17.1,4.12.2,0.48.4,5.0.0,2.13.0+cpu,fd20710,10,False,,"(9, 6, 2)",2026-08-27T19:59:30+00:00
a8_rigging_quality,145,0,quadruped_box,static,1,1,1,386,0.0,0.0,0.0,1.0,0.0,0.0,-1,45.0,0,0.0,0.0,0,0.0,True,0.0,0.0,12th Gen Intel(R) Core(TM) i7-1255U,12,15.68,Windows-10-10.0.26200-SP0,3.11.15,2.4.6,1.17.1,4.12.2,0.48.4,5.0.0,2.13.0+cpu,fd20710,10,False,,"(9, 6, 2)",2026-08-27T19:59:30+00:00
a8_rigging_quality,146,0,quadruped_box,static,1,1,1,386,0.0,0.0,0.0,1.0,0.0,0.0,-1,90.0,0,0.0,0.0,0,0.0,True,0.0,0.0,12th Gen Intel(R) Core(TM) i7-1255U,12,15.68,Windows-10-10.0.26200-SP0,3.11.15,2.4.6,1.17.1,4.12.2,0.48.4,5.0.0,2.13.0+cpu,fd20710,10,False,,"(9, 6, 2)",2026-08-27T19:59:30+00:00
a8_rigging_quality,147,0,quadruped_box,static,1,1,1,386,15.0,0.0,0.0,1.0,0.0,0.0,-1,15.0,0,0.0,0.0,0,0.0,True,0.0,0.0,12th Gen Intel(R) Core(TM) i7-1255U,12,15.68,Windows-10-10.0.26200-SP0,3.11.15,2.4.6,1.17.1,4.12.2,0.48.4,5.0.0,2.13.0+cpu,fd20710,10,False,,"(9, 6, 2)",2026-08-27T19:59:30+00:00
a8_rigging_quality,148,0,quadruped_box,static,1,1,1,386,15.0,0.0,0.0,1.0,0.0,0.0,-1,45.0,0,0.0,0.0,0,0.0,True,0.0,0.0,12th Gen Intel(R) Core(TM) i7-1255U,12,15.68,Windows-10-10.0.26200-SP0,3.11.15,2.4.6,1.17.1,4.12.2,0.48.4,5.0.0,2.13.0+cpu,fd20710,10,False,,"(9, 6, 2)",2026-08-27T19:59:30+00:00
a8_rigging_quality,149,0,quadruped_box,static,1,1,1,386,15.0,0.0,0.0,1.0,0.0,0.0,-1,90.0,0,0.0,0.0,0,0.0,True,0.0,0.0,12th Gen Intel(R) Core(TM) i7-1255U,12,15.68,Windows-10-10.0.26200-SP0,3.11.15,2.4.6,1.17.1,4.12.2,0.48.4,5.0.0,2.13.0+cpu,fd20710,10,False,,"(9, 6, 2)",2026-08-27T19:59:30+00:00
a8_rigging_quality,150,0,quadruped_box,static,1,1,1,386,30.0,0.0,0.0,1.0,0.0,0.0,-1,15.0,0,0.0,0.0,0,0.0,True,0.0,0.0,12th Gen Intel(R) Core(TM) i7-1255U,12,15.68,Windows-10-10.0.26200-SP0,3.11.15,2.4.6,1.17.1,4.12.2,0.48.4,5.0.0,2.13.0+cpu,fd20710,10,False,,"(9, 6, 2)",2026-08-27T19:59:30+00:00
a8_rigging_quality,151,0,quadruped_box,static,1,1,1,386,30.0,0.0,0.0,1.0,0.0,0.0,-1,45.0,0,0.0,0.0,0,0.0,True,0.0,0.0,12th Gen Intel(R) Core(TM) i7-1255U,12,15.68,Windows-10-10.0.26200-SP0,3.11.15,2.4.6,1.17.1,4.12.2,0.48.4,5.0.0,2.13.0+cpu,fd20710,10,False,,"(9, 6, 2)",2026-08-27T19:59:30+00:00
a8_rigging_quality,152,0,quadruped_box,static,1,1,1,386,30.0,0.0,0.0,1.0,0.0,0.0,-1,90.0,0,0.0,0.0,0,0.0,True,0.0,0.0,12th Gen Intel(R) Core(TM) i7-1255U,12,15.68,Windows-10-10.0.26200-SP0,3.11.15,2.4.6,1.17.1,4.12.2,0.48.4,5.0.0,2.13.0+cpu,fd20710,10,False,,"(9, 6, 2)",2026-08-27T19:59:30+00:00
a8_rigging_quality,153,0,quadruped_box,static,2,1,1,386,0.0,0.0,0.0,1.0,0.0,0.0,-1,15.0,0,0.0,0.0,0,0.0,True,0.0,0.0,12th Gen Intel(R) Core(TM) i7-1255U,12,15.68,Windows-10-10.0.26200-SP0,3.11.15,2.4.6,1.17.1,4.12.2,0.48.4,5.0.0,2.13.0+cpu,fd20710,10,False,,"(9, 6, 2)",2026-08-27T19:59:30+00:00
a8_rigging_quality,154,0,quadruped_box,static,2,1,1,386,0.0,0.0,0.0,1.0,0.0,0.0,-1,45.0,0,0.0,0.0,0,0.0,True,0.0,0.0,12th Gen Intel(R) Core(TM) i7-1255U,12,15.68,Windows-10-10.0.26200-SP0,3.11.15,2.4.6,1.17.1,4.12.2,0.48.4,5.0.0,2.13.0+cpu,fd20710,10,False,,"(9, 6, 2)",2026-08-27T19:59:30+00:00
a8_rigging_quality,155,0,quadruped_box,static,2,1,1,386,0.0,0.0,0.0,1.0,0.0,0.0,-1,90.0,0,0.0,0.0,0,0.0,True,0.0,0.0,12th Gen Intel(R) Core(TM) i7-1255U,12,15.68,Windows-10-10.0.26200-SP0,3.11.15,2.4.6,1.17.1,4.12.2,0.48.4,5.0.0,2.13.0+cpu,fd20710,10,False,,"(9, 6, 2)",2026-08-27T19:59:30+00:00
a8_rigging_quality,156,0,quadruped_box,static,2,1,1,386,15.0,0.0,0.0,1.0,0.0,0.0,-1,15.0,0,0.0,0.0,0,0.0,True,0.0,0.0,12th Gen Intel(R) Core(TM) i7-1255U,12,15.68,Windows-10-10.0.26200-SP0,3.11.15,2.4.6,1.17.1,4.12.2,0.48.4,5.0.0,2.13.0+cpu,fd20710,10,False,,"(9, 6, 2)",2026-08-27T19:59:30+00:00
a8_rigging_quality,157,0,quadruped_box,static,2,1,1,386,15.0,0.0,0.0,1.0,0.0,0.0,-1,45.0,0,0.0,0.0,0,0.0,True,0.0,0.0,12th Gen Intel(R) Core(TM) i7-1255U,12,15.68,Windows-10-10.0.26200-SP0,3.11.15,2.4.6,1.17.1,4.12.2,0.48.4,5.0.0,2.13.0+cpu,fd20710,10,False,,"(9, 6, 2)",2026-08-27T19:59:30+00:00
a8_rigging_quality,158,0,quadruped_box,static,2,1,1,386,15.0,0.0,0.0,1.0,0.0,0.0,-1,90.0,0,0.0,0.0,0,0.0,True,0.0,0.0,12th Gen Intel(R) Core(TM) i7-1255U,12,15.68,Windows-10-10.0.26200-SP0,3.11.15,2.4.6,1.17.1,4.12.2,0.48.4,5.0.0,2.13.0+cpu,fd20710,10,False,,"(9, 6, 2)",2026-08-27T19:59:30+00:00
a8_rigging_quality,159,0,quadruped_box,static,2,1,1,386,30.0,0.0,0.0,1.0,0.0,0.0,-1,15.0,0,0.0,0.0,0,0.0,True,0.0,0.0,12th Gen Intel(R) Core(TM) i7-1255U,12,15.68,Windows-10-10.0.26200-SP0,3.11.15,2.4.6,1.17.1,4.12.2,0.48.4,5.0.0,2.13.0+cpu,fd20710,10,False,,"(9, 6, 2)",2026-08-27T19:59:30+00:00
a8_rigging_quality,160,0,quadruped_box,static,2,1,1,386,30.0,0.0,0.0,1.0,0.0,0.0,-1,45.0,0,0.0,0.0,0,0.0,True,0.0,0.0,12th Gen Intel(R) Core(TM) i7-1255U,12,15.68,Windows-10-10.0.26200-SP0,3.11.15,2.4.6,1.17.1,4.12.2,0.48.4,5.0.0,2.13.0+cpu,fd20710,10,False,,"(9, 6, 2)",2026-08-27T19:59:30+00:00
a8_rigging_quality,161,0,quadruped_box,static,2,1,1,386,30.0,0.0,0.0,1.0,0.0,0.0,-1,90.0,0,0.0,0.0,0,0.0,True,0.0,0.0,12th Gen Intel(R) Core(TM) i7-1255U,12,15.68,Windows-10-10.0.26200-SP0,3.11.15,2.4.6,1.17.1,4.12.2,0.48.4,5.0.0,2.13.0+cpu,fd20710,10,False,,"(9, 6, 2)",2026-08-27T19:59:30+00:00
a8_rigging_quality,162,0,quadruped_box,static,4,1,1,386,0.0,0.0,0.0,1.0,0.0,0.0,-1,15.0,0,0.0,0.0,0,0.0,True,0.0,0.0,12th Gen Intel(R) Core(TM) i7-1255U,12,15.68,Windows-10-10.0.26200-SP0,3.11.15,2.4.6,1.17.1,4.12.2,0.48.4,5.0.0,2.13.0+cpu,fd20710,10,False,,"(9, 6, 2)",2026-08-27T19:59:30+00:00
a8_rigging_quality,163,0,quadruped_box,static,4,1,1,386,0.0,0.0,0.0,1.0,0.0,0.0,-1,45.0,0,0.0,0.0,0,0.0,True,0.0,0.0,12th Gen Intel(R) Core(TM) i7-1255U,12,15.68,Windows-10-10.0.26200-SP0,3.11.15,2.4.6,1.17.1,4.12.2,0.48.4,5.0.0,2.13.0+cpu,fd20710,10,False,,"(9, 6, 2)",2026-08-27T19:59:30+00:00
a8_rigging_quality,164,0,quadruped_box,static,4,1,1,386,0.0,0.0,0.0,1.0,0.0,0.0,-1,90.0,0,0.0,0.0,0,0.0,True,0.0,0.0,12th Gen Intel(R) Core(TM) i7-1255U,12,15.68,Windows-10-10.0.26200-SP0,3.11.15,2.4.6,1.17.1,4.12.2,0.48.4,5.0.0,2.13.0+cpu,fd20710,10,False,,"(9, 6, 2)",2026-08-27T19:59:30+00:00
a8_rigging_quality,165,0,quadruped_box,static,4,1,1,386,15.0,0.0,0.0,1.0,0.0,0.0,-1,15.0,0,0.0,0.0,0,0.0,True,0.0,0.0,12th Gen Intel(R) Core(TM) i7-1255U,12,15.68,Windows-10-10.0.26200-SP0,3.11.15,2.4.6,1.17.1,4.12.2,0.48.4,5.0.0,2.13.0+cpu,fd20710,10,False,,"(9, 6, 2)",2026-08-27T19:59:30+00:00
a8_rigging_quality,166,0,quadruped_box,static,4,1,1,386,15.0,0.0,0.0,1.0,0.0,0.0,-1,45.0,0,0.0,0.0,0,0.0,True,0.0,0.0,12th Gen Intel(R) Core(TM) i7-1255U,12,15.68,Windows-10-10.0.26200-SP0,3.11.15,2.4.6,1.17.1,4.12.2,0.48.4,5.0.0,2.13.0+cpu,fd20710,10,False,,"(9, 6, 2)",2026-08-27T19:59:30+00:00
a8_rigging_quality,167,0,quadruped_box,static,4,1,1,386,15.0,0.0,0.0,1.0,0.0,0.0,-1,90.0,0,0.0,0.0,0,0.0,True,0.0,0.0,12th Gen Intel(R) Core(TM) i7-1255U,12,15.68,Windows-10-10.0.26200-SP0,3.11.15,2.4.6,1.17.1,4.12.2,0.48.4,5.0.0,2.13.0+cpu,fd20710,10,False,,"(9, 6, 2)",2026-08-27T19:59:30+00:00
a8_rigging_quality,168,0,quadruped_box,static,4,1,1,386,30.0,0.0,0.0,1.0,0.0,0.0,-1,15.0,0,0.0,0.0,0,0.0,True,0.0,0.0,12th Gen Intel(R) Core(TM) i7-1255U,12,15.68,Windows-10-10.0.26200-SP0,3.11.15,2.4.6,1.17.1,4.12.2,0.48.4,5.0.0,2.13.0+cpu,fd20710,10,False,,"(9, 6, 2)",2026-08-27T19:59:30+00:00
a8_rigging_quality,169,0,quadruped_box,static,4,1,1,386,30.0,0.0,0.0,1.0,0.0,0.0,-1,45.0,0,0.0,0.0,0,0.0,True,0.0,0.0,12th Gen Intel(R) Core(TM) i7-1255U,12,15.68,Windows-10-10.0.26200-SP0,3.11.15,2.4.6,1.17.1,4.12.2,0.48.4,5.0.0,2.13.0+cpu,fd20710,10,False,,"(9, 6, 2)",2026-08-27T19:59:30+00:00
a8_rigging_quality,170,0,quadruped_box,static,4,1,1,386,30.0,0.0,0.0,1.0,0.0,0.0,-1,90.0,0,0.0,0.0,0,0.0,True,0.0,0.0,12th Gen Intel(R) Core(TM) i7-1255U,12,15.68,Windows-10-10.0.26200-SP0,3.11.15,2.4.6,1.17.1,4.12.2,0.48.4,5.0.0,2.13.0+cpu,fd20710,10,False,,"(9, 6, 2)",2026-08-27T19:59:30+00:00
a8_rigging_quality,171,0,quadruped_box,static,8,1,1,386,0.0,0.0,0.0,1.0,0.0,0.0,-1,15.0,0,0.0,0.0,0,0.0,True,0.0,0.0,12th Gen Intel(R) Core(TM) i7-1255U,12,15.68,Windows-10-10.0.26200-SP0,3.11.15,2.4.6,1.17.1,4.12.2,0.48.4,5.0.0,2.13.0+cpu,fd20710,10,False,,"(9, 6, 2)",2026-08-27T19:59:30+00:00
a8_rigging_quality,172,0,quadruped_box,static,8,1,1,386,0.0,0.0,0.0,1.0,0.0,0.0,-1,45.0,0,0.0,0.0,0,0.0,True,0.0,0.0,12th Gen Intel(R) Core(TM) i7-1255U,12,15.68,Windows-10-10.0.26200-SP0,3.11.15,2.4.6,1.17.1,4.12.2,0.48.4,5.0.0,2.13.0+cpu,fd20710,10,False,,"(9, 6, 2)",2026-08-27T19:59:30+00:00
a8_rigging_quality,173,0,quadruped_box,static,8,1,1,386,0.0,0.0,0.0,1.0,0.0,0.0,-1,90.0,0,0.0,0.0,0,0.0,True,0.0,0.0,12th Gen Intel(R) Core(TM) i7-1255U,12,15.68,Windows-10-10.0.26200-SP0,3.11.15,2.4.6,1.17.1,4.12.2,0.48.4,5.0.0,2.13.0+cpu,fd20710,10,False,,"(9, 6, 2)",2026-08-27T19:59:30+00:00
a8_rigging_quality,174,0,quadruped_box,static,8,1,1,386,15.0,0.0,0.0,1.0,0.0,0.0,-1,15.0,0,0.0,0.0,0,0.0,True,0.0,0.0,12th Gen Intel(R) Core(TM) i7-1255U,12,15.68,Windows-10-10.0.26200-SP0,3.11.15,2.4.6,1.17.1,4.12.2,0.48.4,5.0.0,2.13.0+cpu,fd20710,10,False,,"(9, 6, 2)",2026-08-27T19:59:30+00:00
a8_rigging_quality,175,0,quadruped_box,static,8,1,1,386,15.0,0.0,0.0,1.0,0.0,0.0,-1,45.0,0,0.0,0.0,0,0.0,True,0.0,0.0,12th Gen Intel(R) Core(TM) i7-1255U,12,15.68,Windows-10-10.0.26200-SP0,3.11.15,2.4.6,1.17.1,4.12.2,0.48.4,5.0.0,2.13.0+cpu,fd20710,10,False,,"(9, 6, 2)",2026-08-27T19:59:30+00:00
a8_rigging_quality,176,0,quadruped_box,static,8,1,1,386,15.0,0.0,0.0,1.0,0.0,0.0,-1,90.0,0,0.0,0.0,0,0.0,True,0.0,0.0,12th Gen Intel(R) Core(TM) i7-1255U,12,15.68,Windows-10-10.0.26200-SP0,3.11.15,2.4.6,1.17.1,4.12.2,0.48.4,5.0.0,2.13.0+cpu,fd20710,10,False,,"(9, 6, 2)",2026-08-27T19:59:30+00:00
a8_rigging_quality,177,0,quadruped_box,static,8,1,1,386,30.0,0.0,0.0,1.0,0.0,0.0,-1,15.0,0,0.0,0.0,0,0.0,True,0.0,0.0,12th Gen Intel(R) Core(TM) i7-1255U,12,15.68,Windows-10-10.0.26200-SP0,3.11.15,2.4.6,1.17.1,4.12.2,0.48.4,5.0.0,2.13.0+cpu,fd20710,10,False,,"(9, 6, 2)",2026-08-27T19:59:30+00:00
a8_rigging_quality,178,0,quadruped_box,static,8,1,1,386,30.0,0.0,0.0,1.0,0.0,0.0,-1,45.0,0,0.0,0.0,0,0.0,True,0.0,0.0,12th Gen Intel(R) Core(TM) i7-1255U,12,15.68,Windows-10-10.0.26200-SP0,3.11.15,2.4.6,1.17.1,4.12.2,0.48.4,5.0.0,2.13.0+cpu,fd20710,10,False,,"(9, 6, 2)",2026-08-27T19:59:30+00:00
a8_rigging_quality,179,0,quadruped_box,static,8,1,1,386,30.0,0.0,0.0,1.0,0.0,0.0,-1,90.0,0,0.0,0.0,0,0.0,True,0.0,0.0,12th Gen Intel(R) Core(TM) i7-1255U,12,15.68,Windows-10-10.0.26200-SP0,3.11.15,2.4.6,1.17.1,4.12.2,0.48.4,5.0.0,2.13.0+cpu,fd20710,10,False,,"(9, 6, 2)",2026-08-27T19:59:30+00:00
a8_rigging_quality,180,0,quadruped_box,biped,1,1,7,386,0.0,0.0,0.0,1.0,0.350694,2.0,3,15.0,294,0.0,0.08099,0,0.0,True,0.0,0.0,12th Gen Intel(R) Core(TM) i7-1255U,12,15.68,Windows-10-10.0.26200-SP0,3.11.15,2.4.6,1.17.1,4.12.2,0.48.4,5.0.0,2.13.0+cpu,fd20710,10,False,,"(9, 6, 2)",2026-08-27T19:59:30+00:00
a8_rigging_quality,181,0,quadruped_box,biped,1,1,7,386,0.0,0.0,0.0,1.0,0.350694,2.0,3,45.0,294,0.0,0.237451,13,0.016927,True,0.0,0.0,12th Gen Intel(R) Core(TM) i7-1255U,12,15.68,Windows-10-10.0.26200-SP0,3.11.15,2.4.6,1.17.1,4.12.2,0.48.4,5.0.0,2.13.0+cpu,fd20710,10,False,,"(9, 6, 2)",2026-08-27T19:59:30+00:00
a8_rigging_quality,182,0,quadruped_box,biped,1,1,7,386,0.0,0.0,0.0,1.0,0.350694,2.0,3,90.0,294,0.0,0.438752,17,0.022135,True,0.0,0.0,12th Gen Intel(R) Core(TM) i7-1255U,12,15.68,Windows-10-10.0.26200-SP0,3.11.15,2.4.6,1.17.1,4.12.2,0.48.4,5.0.0,2.13.0+cpu,fd20710,10,False,,"(9, 6, 2)",2026-08-27T19:59:30+00:00
a8_rigging_quality,183,0,quadruped_box,biped,1,1,7,386,15.0,0.0,0.0,1.0,0.350694,2.0,3,15.0,294,0.0,0.08099,0,0.0,True,0.039628,0.074569,12th Gen Intel(R) Core(TM) i7-1255U,12,15.68,Windows-10-10.0.26200-SP0,3.11.15,2.4.6,1.17.1,4.12.2,0.48.4,5.0.0,2.13.0+cpu,fd20710,10,False,,"(9, 6, 2)",2026-08-27T19:59:30+00:00
a8_rigging_quality,184,0,quadruped_box,biped,1,1,7,386,15.0,0.0,0.0,1.0,0.350694,2.0,3,45.0,294,0.0,0.237451,13,0.016927,True,0.039628,0.074569,12th Gen Intel(R) Core(TM) i7-1255U,12,15.68,Windows-10-10.0.26200-SP0,3.11.15,2.4.6,1.17.1,4.12.2,0.48.4,5.0.0,2.13.0+cpu,fd20710,10,False,,"(9, 6, 2)",2026-08-27T19:59:30+00:00
a8_rigging_quality,185,0,quadruped_box,biped,1,1,7,386,15.0,0.0,0.0,1.0,0.350694,2.0,3,90.0,294,0.0,0.438752,17,0.022135,True,0.039628,0.074569,12th Gen Intel(R) Core(TM) i7-1255U,12,15.68,Windows-10-10.0.26200-SP0,3.11.15,2.4.6,1.17.1,4.12.2,0.48.4,5.0.0,2.13.0+cpu,fd20710,10,False,,"(9, 6, 2)",2026-08-27T19:59:30+00:00
a8_rigging_quality,186,0,quadruped_box,biped,1,1,7,386,30.0,0.0,0.0,1.0,0.350694,2.0,3,15.0,294,0.0,0.08099,0,0.0,True,0.076555,0.144055,12th Gen Intel(R) Core(TM) i7-1255U,12,15.68,Windows-10-10.0.26200-SP0,3.11.15,2.4.6,1.17.1,4.12.2,0.48.4,5.0.0,2.13.0+cpu,fd20710,10,False,,"(9, 6, 2)",2026-08-27T19:59:30+00:00
a8_rigging_quality,187,0,quadruped_box,biped,1,1,7,386,30.0,0.0,0.0,1.0,0.350694,2.0,3,45.0,294,0.0,0.237451,13,0.016927,True,0.076555,0.144055,12th Gen Intel(R) Core(TM) i7-1255U,12,15.68,Windows-10-10.0.26200-SP0,3.11.15,2.4.6,1.17.1,4.12.2,0.48.4,5.0.0,2.13.0+cpu,fd20710,10,False,,"(9, 6, 2)",2026-08-27T19:59:30+00:00
a8_rigging_quality,188,0,quadruped_box,biped,1,1,7,386,30.0,0.0,0.0,1.0,0.350694,2.0,3,90.0,294,0.0,0.438752,17,0.022135,True,0.076555,0.144055,12th Gen Intel(R) Core(TM) i7-1255U,12,15.68,Windows-10-10.0.26200-SP0,3.11.15,2.4.6,1.17.1,4.12.2,0.48.4,5.0.0,2.13.0+cpu,fd20710,10,False,,"(9, 6, 2)",2026-08-27T19:59:30+00:00
a8_rigging_quality,189,0,quadruped_box,biped,2,2,7,386,0.0,0.0,0.0,2.0,0.284953,1.160501,3,15.0,241,0.0,0.0476,0,0.0,True,0.0,0.0,12th Gen Intel(R) Core(TM) i7-1255U,12,15.68,Windows-10-10.0.26200-SP0,3.11.15,2.4.6,1.17.1,4.12.2,0.48.4,5.0.0,2.13.0+cpu,fd20710,10,False,,"(9, 6, 2)",2026-08-27T19:59:30+00:00
a8_rigging_quality,190,0,quadruped_box,biped,2,2,7,386,0.0,0.0,0.0,2.0,0.284953,1.160501,3,45.0,241,0.0,0.139556,0,0.0,True,0.0,0.0,12th Gen Intel(R) Core(TM) i7-1255U,12,15.68,Windows-10-10.0.26200-SP0,3.11.15,2.4.6,1.17.1,4.12.2,0.48.4,5.0.0,2.13.0+cpu,fd20710,10,False,,"(9, 6, 2)",2026-08-27T19:59:30+00:00
a8_rigging_quality,191,0,quadruped_box,biped,2,2,7,386,0.0,0.0,0.0,2.0,0.284953,1.160501,3,90.0,241,0.0,0.257866,4,0.005208,True,0.0,0.0,12th Gen Intel(R) Core(TM) i7-1255U,12,15.68,Windows-10-10.0.26200-SP0,3.11.15,2.4.6,1.17.1,4.12.2,0.48.4,5.0.0,2.13.0+cpu,fd20710,10,False,,"(9, 6, 2)",2026-08-27T19:59:30+00:00
a8_rigging_quality,192,0,quadruped_box,biped,2,2,7,386,15.0,0.0,0.0,2.0,0.284953,1.160501,3,15.0,241,0.0,0.0476,0,0.0,True,0.039628,0.074569,12th Gen Intel(R) Core(TM) i7-1255U,12,15.68,Windows-10-10.0.26200-SP0,3.11.15,2.4.6,1.17.1,4.12.2,0.48.4,5.0.0,2.13.0+cpu,fd20710,10,False,,"(9, 6, 2)",2026-08-27T19:59:30+00:00
a8_rigging_quality,193,0,quadruped_box,biped,2,2,7,386,15.0,0.0,0.0,2.0,0.284953,1.160501,3,45.0,241,0.0,0.139556,0,0.0,True,0.039628,0.074569,12th Gen Intel(R) Core(TM) i7-1255U,12,15.68,Windows-10-10.0.26200-SP0,3.11.15,2.4.6,1.17.1,4.12.2,0.48.4,5.0.0,2.13.0+cpu,fd20710,10,False,,"(9, 6, 2)",2026-08-27T19:59:30+00:00
a8_rigging_quality,194,0,quadruped_box,biped,2,2,7,386,15.0,0.0,0.0,2.0,0.284953,1.160501,3,90.0,241,0.0,0.257866,4,0.005208,True,0.039628,0.074569,12th Gen Intel(R) Core(TM) i7-1255U,12,15.68,Windows-10-10.0.26200-SP0,3.11.15,2.4.6,1.17.1,4.12.2,0.48.4,5.0.0,2.13.0+cpu,fd20710,10,False,,"(9, 6, 2)",2026-08-27T19:59:30+00:00
a8_rigging_quality,195,0,quadruped_box,biped,2,2,7,386,30.0,0.0,0.0,2.0,0.284953,1.160501,3,15.0,241,0.0,0.0476,0,0.0,True,0.076555,0.144055,12th Gen Intel(R) Core(TM) i7-1255U,12,15.68,Windows-10-10.0.26200-SP0,3.11.15,2.4.6,1.17.1,4.12.2,0.48.4,5.0.0,2.13.0+cpu,fd20710,10,False,,"(9, 6, 2)",2026-08-27T19:59:30+00:00
a8_rigging_quality,196,0,quadruped_box,biped,2,2,7,386,30.0,0.0,0.0,2.0,0.284953,1.160501,3,45.0,241,0.0,0.139556,0,0.0,True,0.076555,0.144055,12th Gen Intel(R) Core(TM) i7-1255U,12,15.68,Windows-10-10.0.26200-SP0,3.11.15,2.4.6,1.17.1,4.12.2,0.48.4,5.0.0,2.13.0+cpu,fd20710,10,False,,"(9, 6, 2)",2026-08-27T19:59:30+00:00
a8_rigging_quality,197,0,quadruped_box,biped,2,2,7,386,30.0,0.0,0.0,2.0,0.284953,1.160501,3,90.0,241,0.0,0.257866,4,0.005208,True,0.076555,0.144055,12th Gen Intel(R) Core(TM) i7-1255U,12,15.68,Windows-10-10.0.26200-SP0,3.11.15,2.4.6,1.17.1,4.12.2,0.48.4,5.0.0,2.13.0+cpu,fd20710,10,False,,"(9, 6, 2)",2026-08-27T19:59:30+00:00
a8_rigging_quality,198,0,quadruped_box,biped,4,4,7,386,0.0,0.0,0.0,4.0,0.171143,0.601114,1,15.0,0,0.0,0.029531,0,0.0,True,0.0,0.0,12th Gen Intel(R) Core(TM) i7-1255U,12,15.68,Windows-10-10.0.26200-SP0,3.11.15,2.4.6,1.17.1,4.12.2,0.48.4,5.0.0,2.13.0+cpu,fd20710,10,False,,"(9, 6, 2)",2026-08-27T19:59:30+00:00
a8_rigging_quality,199,0,quadruped_box,biped,4,4,7,386,0.0,0.0,0.0,4.0,0.171143,0.601114,1,45.0,0,0.0,0.086581,0,0.0,True,0.0,0.0,12th Gen Intel(R) Core(TM) i7-1255U,12,15.68,Windows-10-10.0.26200-SP0,3.11.15,2.4.6,1.17.1,4.12.2,0.48.4,5.0.0,2.13.0+cpu,fd20710,10,False,,"(9, 6, 2)",2026-08-27T19:59:30+00:00
a8_rigging_quality,200,0,quadruped_box,biped,4,4,7,386,0.0,0.0,0.0,4.0,0.171143,0.601114,1,90.0,0,0.0,0.159982,0,0.0,True,0.0,0.0,12th Gen Intel(R) Core(TM) i7-1255U,12,15.68,Windows-10-10.0.26200-SP0,3.11.15,2.4.6,1.17.1,4.12.2,0.48.4,5.0.0,2.13.0+cpu,fd20710,10,False,,"(9, 6, 2)",2026-08-27T19:59:30+00:00
a8_rigging_quality,201,0,quadruped_box,biped,4,4,7,386,15.0,0.0,0.0,4.0,0.171143,0.601114,1,15.0,0,0.0,0.029531,0,0.0,True,0.039628,0.074569,12th Gen Intel(R) Core(TM) i7-1255U,12,15.68,Windows-10-10.0.26200-SP0,3.11.15,2.4.6,1.17.1,4.12.2,0.48.4,5.0.0,2.13.0+cpu,fd20710,10,False,,"(9, 6, 2)",2026-08-27T19:59:30+00:00
a8_rigging_quality,202,0,quadruped_box,biped,4,4,7,386,15.0,0.0,0.0,4.0,0.171143,0.601114,1,45.0,0,0.0,0.086581,0,0.0,True,0.039628,0.074569,12th Gen Intel(R) Core(TM) i7-1255U,12,15.68,Windows-10-10.0.26200-SP0,3.11.15,2.4.6,1.17.1,4.12.2,0.48.4,5.0.0,2.13.0+cpu,fd20710,10,False,,"(9, 6, 2)",2026-08-27T19:59:30+00:00
a8_rigging_quality,203,0,quadruped_box,biped,4,4,7,386,15.0,0.0,0.0,4.0,0.171143,0.601114,1,90.0,0,0.0,0.159982,0,0.0,True,0.039628,0.074569,12th Gen Intel(R) Core(TM) i7-1255U,12,15.68,Windows-10-10.0.26200-SP0,3.11.15,2.4.6,1.17.1,4.12.2,0.48.4,5.0.0,2.13.0+cpu,fd20710,10,False,,"(9, 6, 2)",2026-08-27T19:59:30+00:00
a8_rigging_quality,204,0,quadruped_box,biped,4,4,7,386,30.0,0.0,0.0,4.0,0.171143,0.601114,1,15.0,0,0.0,0.029531,0,0.0,True,0.076555,0.144055,12th Gen Intel(R) Core(TM) i7-1255U,12,15.68,Windows-10-10.0.26200-SP0,3.11.15,2.4.6,1.17.1,4.12.2,0.48.4,5.0.0,2.13.0+cpu,fd20710,10,False,,"(9, 6, 2)",2026-08-27T19:59:30+00:00
a8_rigging_quality,205,0,quadruped_box,biped,4,4,7,386,30.0,0.0,0.0,4.0,0.171143,0.601114,1,45.0,0,0.0,0.086581,0,0.0,True,0.076555,0.144055,12th Gen Intel(R) Core(TM) i7-1255U,12,15.68,Windows-10-10.0.26200-SP0,3.11.15,2.4.6,1.17.1,4.12.2,0.48.4,5.0.0,2.13.0+cpu,fd20710,10,False,,"(9, 6, 2)",2026-08-27T19:59:30+00:00
a8_rigging_quality,206,0,quadruped_box,biped,4,4,7,386,30.0,0.0,0.0,4.0,0.171143,0.601114,1,90.0,0,0.0,0.159982,0,0.0,True,0.076555,0.144055,12th Gen Intel(R) Core(TM) i7-1255U,12,15.68,Windows-10-10.0.26200-SP0,3.11.15,2.4.6,1.17.1,4.12.2,0.48.4,5.0.0,2.13.0+cpu,fd20710,10,False,,"(9, 6, 2)",2026-08-27T19:59:30+00:00
a8_rigging_quality,207,0,quadruped_box,biped,8,7,7,386,0.0,0.0,0.0,7.0,0.091571,0.281383,0,15.0,0,0.0,0.019312,0,0.0,True,0.0,0.0,12th Gen Intel(R) Core(TM) i7-1255U,12,15.68,Windows-10-10.0.26200-SP0,3.11.15,2.4.6,1.17.1,4.12.2,0.48.4,5.0.0,2.13.0+cpu,fd20710,10,False,,"(9, 6, 2)",2026-08-27T19:59:30+00:00
a8_rigging_quality,208,0,quadruped_box,biped,8,7,7,386,0.0,0.0,0.0,7.0,0.091571,0.281383,0,45.0,0,0.0,0.05662,0,0.0,True,0.0,0.0,12th Gen Intel(R) Core(TM) i7-1255U,12,15.68,Windows-10-10.0.26200-SP0,3.11.15,2.4.6,1.17.1,4.12.2,0.48.4,5.0.0,2.13.0+cpu,fd20710,10,False,,"(9, 6, 2)",2026-08-27T19:59:30+00:00
a8_rigging_quality,209,0,quadruped_box,biped,8,7,7,386,0.0,0.0,0.0,7.0,0.091571,0.281383,0,90.0,0,0.0,0.10462,0,0.0,True,0.0,0.0,12th Gen Intel(R) Core(TM) i7-1255U,12,15.68,Windows-10-10.0.26200-SP0,3.11.15,2.4.6,1.17.1,4.12.2,0.48.4,5.0.0,2.13.0+cpu,fd20710,10,False,,"(9, 6, 2)",2026-08-27T19:59:30+00:00
a8_rigging_quality,210,0,quadruped_box,biped,8,7,7,386,15.0,0.0,0.0,7.0,0.091571,0.281383,0,15.0,0,0.0,0.019312,0,0.0,True,0.039628,0.074569,12th Gen Intel(R) Core(TM) i7-1255U,12,15.68,Windows-10-10.0.26200-SP0,3.11.15,2.4.6,1.17.1,4.12.2,0.48.4,5.0.0,2.13.0+cpu,fd20710,10,False,,"(9, 6, 2)",2026-08-27T19:59:30+00:00
a8_rigging_quality,211,0,quadruped_box,biped,8,7,7,386,15.0,0.0,0.0,7.0,0.091571,0.281383,0,45.0,0,0.0,0.05662,0,0.0,True,0.039628,0.074569,12th Gen Intel(R) Core(TM) i7-1255U,12,15.68,Windows-10-10.0.26200-SP0,3.11.15,2.4.6,1.17.1,4.12.2,0.48.4,5.0.0,2.13.0+cpu,fd20710,10,False,,"(9, 6, 2)",2026-08-27T19:59:30+00:00
a8_rigging_quality,212,0,quadruped_box,biped,8,7,7,386,15.0,0.0,0.0,7.0,0.091571,0.281383,0,90.0,0,0.0,0.10462,0,0.0,True,0.039628,0.074569,12th Gen Intel(R) Core(TM) i7-1255U,12,15.68,Windows-10-10.0.26200-SP0,3.11.15,2.4.6,1.17.1,4.12.2,0.48.4,5.0.0,2.13.0+cpu,fd20710,10,False,,"(9, 6, 2)",2026-08-27T19:59:30+00:00
a8_rigging_quality,213,0,quadruped_box,biped,8,7,7,386,30.0,0.0,0.0,7.0,0.091571,0.281383,0,15.0,0,0.0,0.019312,0,0.0,True,0.076555,0.144055,12th Gen Intel(R) Core(TM) i7-1255U,12,15.68,Windows-10-10.0.26200-SP0,3.11.15,2.4.6,1.17.1,4.12.2,0.48.4,5.0.0,2.13.0+cpu,fd20710,10,False,,"(9, 6, 2)",2026-08-27T19:59:30+00:00
a8_rigging_quality,214,0,quadruped_box,biped,8,7,7,386,30.0,0.0,0.0,7.0,0.091571,0.281383,0,45.0,0,0.0,0.05662,0,0.0,True,0.076555,0.144055,12th Gen Intel(R) Core(TM) i7-1255U,12,15.68,Windows-10-10.0.26200-SP0,3.11.15,2.4.6,1.17.1,4.12.2,0.48.4,5.0.0,2.13.0+cpu,fd20710,10,False,,"(9, 6, 2)",2026-08-27T19:59:30+00:00
a8_rigging_quality,215,0,quadruped_box,biped,8,7,7,386,30.0,0.0,0.0,7.0,0.091571,0.281383,0,90.0,0,0.0,0.10462,0,0.0,True,0.076555,0.144055,12th Gen Intel(R) Core(TM) i7-1255U,12,15.68,Windows-10-10.0.26200-SP0,3.11.15,2.4.6,1.17.1,4.12.2,0.48.4,5.0.0,2.13.0+cpu,fd20710,10,False,,"(9, 6, 2)",2026-08-27T19:59:30+00:00
a8_rigging_quality,216,0,quadruped_box,quadruped,1,1,7,386,0.0,0.0,0.0,1.0,0.401042,2.0,0,15.0,303,0.0,0.08672,0,0.0,True,0.0,0.0,12th Gen Intel(R) Core(TM) i7-1255U,12,15.68,Windows-10-10.0.26200-SP0,3.11.15,2.4.6,1.17.1,4.12.2,0.48.4,5.0.0,2.13.0+cpu,fd20710,10,False,,"(9, 6, 2)",2026-08-27T19:59:30+00:00
a8_rigging_quality,217,0,quadruped_box,quadruped,1,1,7,386,0.0,0.0,0.0,1.0,0.401042,2.0,0,45.0,303,0.0,0.254249,25,0.032552,True,0.0,0.0,12th Gen Intel(R) Core(TM) i7-1255U,12,15.68,Windows-10-10.0.26200-SP0,3.11.15,2.4.6,1.17.1,4.12.2,0.48.4,5.0.0,2.13.0+cpu,fd20710,10,False,,"(9, 6, 2)",2026-08-27T19:59:30+00:00
a8_rigging_quality,218,0,quadruped_box,quadruped,1,1,7,386,0.0,0.0,0.0,1.0,0.401042,2.0,0,90.0,303,0.0,0.469791,39,0.050781,True,0.0,0.0,12th Gen Intel(R) Core(TM) i7-1255U,12,15.68,Windows-10-10.0.26200-SP0,3.11.15,2.4.6,1.17.1,4.12.2,0.48.4,5.0.0,2.13.0+cpu,fd20710,10,False,,"(9, 6, 2)",2026-08-27T19:59:30+00:00
a8_rigging_quality,219,0,quadruped_box,quadruped,1,1,7,386,15.0,0.0,0.0,1.0,0.401042,2.0,0,15.0,303,0.0,0.08672,0,0.0,True,0.063427,0.092643,12th Gen Intel(R) Core(TM) i7-1255U,12,15.68,Windows-10-10.0.26200-SP0,3.11.15,2.4.6,1.17.1,4.12.2,0.48.4,5.0.0,2.13.0+cpu,fd20710,10,False,,"(9, 6, 2)",2026-08-27T19:59:30+00:00
a8_rigging_quality,220,0,quadruped_box,quadruped,1,1,7,386,15.0,0.0,0.0,1.0,0.401042,2.0,0,45.0,303,0.0,0.254249,25,0.032552,True,0.063427,0.092643,12th Gen Intel(R) Core(TM) i7-1255U,12,15.68,Windows-10-10.0.26200-SP0,3.11.15,2.4.6,1.17.1,4.12.2,0.48.4,5.0.0,2.13.0+cpu,fd20710,10,False,,"(9, 6, 2)",2026-08-27T19:59:30+00:00
a8_rigging_quality,221,0,quadruped_box,quadruped,1,1,7,386,15.0,0.0,0.0,1.0,0.401042,2.0,0,90.0,303,0.0,0.469791,39,0.050781,True,0.063427,0.092643,12th Gen Intel(R) Core(TM) i7-1255U,12,15.68,Windows-10-10.0.26200-SP0,3.11.15,2.4.6,1.17.1,4.12.2,0.48.4,5.0.0,2.13.0+cpu,fd20710,10,False,,"(9, 6, 2)",2026-08-27T19:59:30+00:00
a8_rigging_quality,222,0,quadruped_box,quadruped,1,1,7,386,30.0,0.0,0.0,1.0,0.401042,2.0,0,15.0,303,0.0,0.08672,0,0.0,True,0.122531,0.178973,12th Gen Intel(R) Core(TM) i7-1255U,12,15.68,Windows-10-10.0.26200-SP0,3.11.15,2.4.6,1.17.1,4.12.2,0.48.4,5.0.0,2.13.0+cpu,fd20710,10,False,,"(9, 6, 2)",2026-08-27T19:59:30+00:00
a8_rigging_quality,223,0,quadruped_box,quadruped,1,1,7,386,30.0,0.0,0.0,1.0,0.401042,2.0,0,45.0,303,0.0,0.254249,25,0.032552,True,0.122531,0.178973,12th Gen Intel(R) Core(TM) i7-1255U,12,15.68,Windows-10-10.0.26200-SP0,3.11.15,2.4.6,1.17.1,4.12.2,0.48.4,5.0.0,2.13.0+cpu,fd20710,10,False,,"(9, 6, 2)",2026-08-27T19:59:30+00:00
a8_rigging_quality,224,0,quadruped_box,quadruped,1,1,7,386,30.0,0.0,0.0,1.0,0.401042,2.0,0,90.0,303,0.0,0.469791,39,0.050781,True,0.122531,0.178973,12th Gen Intel(R) Core(TM) i7-1255U,12,15.68,Windows-10-10.0.26200-SP0,3.11.15,2.4.6,1.17.1,4.12.2,0.48.4,5.0.0,2.13.0+cpu,fd20710,10,False,,"(9, 6, 2)",2026-08-27T19:59:30+00:00
a8_rigging_quality,225,0,quadruped_box,quadruped,2,2,7,386,0.0,0.0,0.0,2.0,0.321738,1.021208,5,15.0,241,0.0,0.043347,0,0.0,True,0.0,0.0,12th Gen Intel(R) Core(TM) i7-1255U,12,15.68,Windows-10-10.0.26200-SP0,3.11.15,2.4.6,1.17.1,4.12.2,0.48.4,5.0.0,2.13.0+cpu,fd20710,10,False,,"(9, 6, 2)",2026-08-27T19:59:30+00:00
a8_rigging_quality,226,0,quadruped_box,quadruped,2,2,7,386,0.0,0.0,0.0,2.0,0.321738,1.021208,5,45.0,241,0.0,0.127088,4,0.005208,True,0.0,0.0,12th Gen Intel(R) Core(TM) i7-1255U,12,15.68,Windows-10-10.0.26200-SP0,3.11.15,2.4.6,1.17.1,4.12.2,0.48.4,5.0.0,2.13.0+cpu,fd20710,10,False,,"(9, 6, 2)",2026-08-27T19:59:30+00:00
a8_rigging_quality,227,0,quadruped_box,quadruped,2,2,7,386,0.0,0.0,0.0,2.0,0.321738,1.021208,5,90.0,241,0.0,0.234828,18,0.023438,True,0.0,0.0,12th Gen Intel(R) Core(TM) i7-1255U,12,15.68,Windows-10-10.0.26200-SP0,3.11.15,2.4.6,1.17.1,4.12.2,0.48.4,5.0.0,2.13.0+cpu,fd20710,10,False,,"(9, 6, 2)",2026-08-27T19:59:30+00:00
a8_rigging_quality,228,0,quadruped_box,quadruped,2,2,7,386,15.0,0.0,0.0,2.0,0.321738,1.021208,5,15.0,241,0.0,0.043347,0,0.0,True,0.063427,0.092643,12th Gen Intel(R) Core(TM) i7-1255U,12,15.68,Windows-10-10.0.26200-SP0,3.11.15,2.4.6,1.17.1,4.12.2,0.48.4,5.0.0,2.13.0+cpu,fd20710,10,False,,"(9, 6, 2)",2026-08-27T19:59:30+00:00
a8_rigging_quality,229,0,quadruped_box,quadruped,2,2,7,386,15.0,0.0,0.0,2.0,0.321738,1.021208,5,45.0,241,0.0,0.127088,4,0.005208,True,0.063427,0.092643,12th Gen Intel(R) Core(TM) i7-1255U,12,15.68,Windows-10-10.0.26200-SP0,3.11.15,2.4.6,1.17.1,4.12.2,0.48.4,5.0.0,2.13.0+cpu,fd20710,10,False,,"(9, 6, 2)",2026-08-27T19:59:30+00:00
a8_rigging_quality,230,0,quadruped_box,quadruped,2,2,7,386,15.0,0.0,0.0,2.0,0.321738,1.021208,5,90.0,241,0.0,0.234828,18,0.023438,True,0.063427,0.092643,12th Gen Intel(R) Core(TM) i7-1255U,12,15.68,Windows-10-10.0.26200-SP0,3.11.15,2.4.6,1.17.1,4.12.2,0.48.4,5.0.0,2.13.0+cpu,fd20710,10,False,,"(9, 6, 2)",2026-08-27T19:59:30+00:00
a8_rigging_quality,231,0,quadruped_box,quadruped,2,2,7,386,30.0,0.0,0.0,2.0,0.321738,1.021208,5,15.0,241,0.0,0.043347,0,0.0,True,0.122531,0.178973,12th Gen Intel(R) Core(TM) i7-1255U,12,15.68,Windows-10-10.0.26200-SP0,3.11.15,2.4.6,1.17.1,4.12.2,0.48.4,5.0.0,2.13.0+cpu,fd20710,10,False,,"(9, 6, 2)",2026-08-27T19:59:30+00:00
a8_rigging_quality,232,0,quadruped_box,quadruped,2,2,7,386,30.0,0.0,0.0,2.0,0.321738,1.021208,5,45.0,241,0.0,0.127088,4,0.005208,True,0.122531,0.178973,12th Gen Intel(R) Core(TM) i7-1255U,12,15.68,Windows-10-10.0.26200-SP0,3.11.15,2.4.6,1.17.1,4.12.2,0.48.4,5.0.0,2.13.0+cpu,fd20710,10,False,,"(9, 6, 2)",2026-08-27T19:59:30+00:00
a8_rigging_quality,233,0,quadruped_box,quadruped,2,2,7,386,30.0,0.0,0.0,2.0,0.321738,1.021208,5,90.0,241,0.0,0.234828,18,0.023438,True,0.122531,0.178973,12th Gen Intel(R) Core(TM) i7-1255U,12,15.68,Windows-10-10.0.26200-SP0,3.11.15,2.4.6,1.17.1,4.12.2,0.48.4,5.0.0,2.13.0+cpu,fd20710,10,False,,"(9, 6, 2)",2026-08-27T19:59:30+00:00
a8_rigging_quality,234,0,quadruped_box,quadruped,4,4,7,386,0.0,0.0,0.0,4.0,0.21371,0.597508,1,15.0,49,0.0,0.035751,0,0.0,True,0.0,0.0,12th Gen Intel(R) Core(TM) i7-1255U,12,15.68,Windows-10-10.0.26200-SP0,3.11.15,2.4.6,1.17.1,4.12.2,0.48.4,5.0.0,2.13.0+cpu,fd20710,10,False,,"(9, 6, 2)",2026-08-27T19:59:30+00:00
a8_rigging_quality,235,0,quadruped_box,quadruped,4,4,7,386,0.0,0.0,0.0,4.0,0.21371,0.597508,1,45.0,49,0.0,0.104816,1,0.001302,True,0.0,0.0,12th Gen Intel(R) Core(TM) i7-1255U,12,15.68,Windows-10-10.0.26200-SP0,3.11.15,2.4.6,1.17.1,4.12.2,0.48.4,5.0.0,2.13.0+cpu,fd20710,10,False,,"(9, 6, 2)",2026-08-27T19:59:30+00:00
a8_rigging_quality,236,0,quadruped_box,quadruped,4,4,7,386,0.0,0.0,0.0,4.0,0.21371,0.597508,1,90.0,49,0.0,0.193674,8,0.010417,True,0.0,0.0,12th Gen Intel(R) Core(TM) i7-1255U,12,15.68,Windows-10-10.0.26200-SP0,3.11.15,2.4.6,1.17.1,4.12.2,0.48.4,5.0.0,2.13.0+cpu,fd20710,10,False,,"(9, 6, 2)",2026-08-27T19:59:30+00:00
a8_rigging_quality,237,0,quadruped_box,quadruped,4,4,7,386,15.0,0.0,0.0,4.0,0.21371,0.597508,1,15.0,49,0.0,0.035751,0,0.0,True,0.063427,0.092643,12th Gen Intel(R) Core(TM) i7-1255U,12,15.68,Windows-10-10.0.26200-SP0,3.11.15,2.4.6,1.17.1,4.12.2,0.48.4,5.0.0,2.13.0+cpu,fd20710,10,False,,"(9, 6, 2)",2026-08-27T19:59:30+00:00
a8_rigging_quality,238,0,quadruped_box,quadruped,4,4,7,386,15.0,0.0,0.0,4.0,0.21371,0.597508,1,45.0,49,0.0,0.104816,1,0.001302,True,0.063427,0.092643,12th Gen Intel(R) Core(TM) i7-1255U,12,15.68,Windows-10-10.0.26200-SP0,3.11.15,2.4.6,1.17.1,4.12.2,0.48.4,5.0.0,2.13.0+cpu,fd20710,10,False,,"(9, 6, 2)",2026-08-27T19:59:30+00:00
a8_rigging_quality,239,0,quadruped_box,quadruped,4,4,7,386,15.0,0.0,0.0,4.0,0.21371,0.597508,1,90.0,49,0.0,0.193674,8,0.010417,True,0.063427,0.092643,12th Gen Intel(R) Core(TM) i7-1255U,12,15.68,Windows-10-10.0.26200-SP0,3.11.15,2.4.6,1.17.1,4.12.2,0.48.4,5.0.0,2.13.0+cpu,fd20710,10,False,,"(9, 6, 2)",2026-08-27T19:59:30+00:00
a8_rigging_quality,240,0,quadruped_box,quadruped,4,4,7,386,30.0,0.0,0.0,4.0,0.21371,0.597508,1,15.0,49,0.0,0.035751,0,0.0,True,0.122531,0.178973,12th Gen Intel(R) Core(TM) i7-1255U,12,15.68,Windows-10-10.0.26200-SP0,3.11.15,2.4.6,1.17.1,4.12.2,0.48.4,5.0.0,2.13.0+cpu,fd20710,10,False,,"(9, 6, 2)",2026-08-27T19:59:30+00:00
a8_rigging_quality,241,0,quadruped_box,quadruped,4,4,7,386,30.0,0.0,0.0,4.0,0.21371,0.597508,1,45.0,49,0.0,0.104816,1,0.001302,True,0.122531,0.178973,12th Gen Intel(R) Core(TM) i7-1255U,12,15.68,Windows-10-10.0.26200-SP0,3.11.15,2.4.6,1.17.1,4.12.2,0.48.4,5.0.0,2.13.0+cpu,fd20710,10,False,,"(9, 6, 2)",2026-08-27T19:59:30+00:00
a8_rigging_quality,242,0,quadruped_box,quadruped,4,4,7,386,30.0,0.0,0.0,4.0,0.21371,0.597508,1,90.0,49,0.0,0.193674,8,0.010417,True,0.122531,0.178973,12th Gen Intel(R) Core(TM) i7-1255U,12,15.68,Windows-10-10.0.26200-SP0,3.11.15,2.4.6,1.17.1,4.12.2,0.48.4,5.0.0,2.13.0+cpu,fd20710,10,False,,"(9, 6, 2)",2026-08-27T19:59:30+00:00
a8_rigging_quality,243,0,quadruped_box,quadruped,8,7,7,386,0.0,0.0,0.0,7.0,0.139104,0.363864,0,15.0,0,0.0,0.024417,0,0.0,True,0.0,0.0,12th Gen Intel(R) Core(TM) i7-1255U,12,15.68,Windows-10-10.0.26200-SP0,3.11.15,2.4.6,1.17.1,4.12.2,0.48.4,5.0.0,2.13.0+cpu,fd20710,10,False,,"(9, 6, 2)",2026-08-27T19:59:30+00:00
a8_rigging_quality,244,0,quadruped_box,quadruped,8,7,7,386,0.0,0.0,0.0,7.0,0.139104,0.363864,0,45.0,0,0.0,0.071588,0,0.0,True,0.0,0.0,12th Gen Intel(R) Core(TM) i7-1255U,12,15.68,Windows-10-10.0.26200-SP0,3.11.15,2.4.6,1.17.1,4.12.2,0.48.4,5.0.0,2.13.0+cpu,fd20710,10,False,,"(9, 6, 2)",2026-08-27T19:59:30+00:00
a8_rigging_quality,245,0,quadruped_box,quadruped,8,7,7,386,0.0,0.0,0.0,7.0,0.139104,0.363864,0,90.0,0,0.0,0.132277,0,0.0,True,0.0,0.0,12th Gen Intel(R) Core(TM) i7-1255U,12,15.68,Windows-10-10.0.26200-SP0,3.11.15,2.4.6,1.17.1,4.12.2,0.48.4,5.0.0,2.13.0+cpu,fd20710,10,False,,"(9, 6, 2)",2026-08-27T19:59:30+00:00
a8_rigging_quality,246,0,quadruped_box,quadruped,8,7,7,386,15.0,0.0,0.0,7.0,0.139104,0.363864,0,15.0,0,0.0,0.024417,0,0.0,True,0.063427,0.092643,12th Gen Intel(R) Core(TM) i7-1255U,12,15.68,Windows-10-10.0.26200-SP0,3.11.15,2.4.6,1.17.1,4.12.2,0.48.4,5.0.0,2.13.0+cpu,fd20710,10,False,,"(9, 6, 2)",2026-08-27T19:59:30+00:00
a8_rigging_quality,247,0,quadruped_box,quadruped,8,7,7,386,15.0,0.0,0.0,7.0,0.139104,0.363864,0,45.0,0,0.0,0.071588,0,0.0,True,0.063427,0.092643,12th Gen Intel(R) Core(TM) i7-1255U,12,15.68,Windows-10-10.0.26200-SP0,3.11.15,2.4.6,1.17.1,4.12.2,0.48.4,5.0.0,2.13.0+cpu,fd20710,10,False,,"(9, 6, 2)",2026-08-27T19:59:30+00:00
a8_rigging_quality,248,0,quadruped_box,quadruped,8,7,7,386,15.0,0.0,0.0,7.0,0.139104,0.363864,0,90.0,0,0.0,0.132277,0,0.0,True,0.063427,0.092643,12th Gen Intel(R) Core(TM) i7-1255U,12,15.68,Windows-10-10.0.26200-SP0,3.11.15,2.4.6,1.17.1,4.12.2,0.48.4,5.0.0,2.13.0+cpu,fd20710,10,False,,"(9, 6, 2)",2026-08-27T19:59:30+00:00
a8_rigging_quality,249,0,quadruped_box,quadruped,8,7,7,386,30.0,0.0,0.0,7.0,0.139104,0.363864,0,15.0,0,0.0,0.024417,0,0.0,True,0.122531,0.178973,12th Gen Intel(R) Core(TM) i7-1255U,12,15.68,Windows-10-10.0.26200-SP0,3.11.15,2.4.6,1.17.1,4.12.2,0.48.4,5.0.0,2.13.0+cpu,fd20710,10,False,,"(9, 6, 2)",2026-08-27T19:59:30+00:00
a8_rigging_quality,250,0,quadruped_box,quadruped,8,7,7,386,30.0,0.0,0.0,7.0,0.139104,0.363864,0,45.0,0,0.0,0.071588,0,0.0,True,0.122531,0.178973,12th Gen Intel(R) Core(TM) i7-1255U,12,15.68,Windows-10-10.0.26200-SP0,3.11.15,2.4.6,1.17.1,4.12.2,0.48.4,5.0.0,2.13.0+cpu,fd20710,10,False,,"(9, 6, 2)",2026-08-27T19:59:30+00:00
a8_rigging_quality,251,0,quadruped_box,quadruped,8,7,7,386,30.0,0.0,0.0,7.0,0.139104,0.363864,0,90.0,0,0.0,0.132277,0,0.0,True,0.122531,0.178973,12th Gen Intel(R) Core(TM) i7-1255U,12,15.68,Windows-10-10.0.26200-SP0,3.11.15,2.4.6,1.17.1,4.12.2,0.48.4,5.0.0,2.13.0+cpu,fd20710,10,False,,"(9, 6, 2)",2026-08-27T19:59:30+00:00
a8_rigging_quality,252,0,quadruped_box,winged,1,1,5,386,0.0,0.0,0.0,1.0,0.265625,2.0,2,15.0,262,0.0,0.08672,2,0.002604,True,0.0,0.0,12th Gen Intel(R) Core(TM) i7-1255U,12,15.68,Windows-10-10.0.26200-SP0,3.11.15,2.4.6,1.17.1,4.12.2,0.48.4,5.0.0,2.13.0+cpu,fd20710,10,False,,"(9, 6, 2)",2026-08-27T19:59:30+00:00
a8_rigging_quality,253,0,quadruped_box,winged,1,1,5,386,0.0,0.0,0.0,1.0,0.265625,2.0,2,45.0,262,0.0,0.254249,8,0.010417,True,0.0,0.0,12th Gen Intel(R) Core(TM) i7-1255U,12,15.68,Windows-10-10.0.26200-SP0,3.11.15,2.4.6,1.17.1,4.12.2,0.48.4,5.0.0,2.13.0+cpu,fd20710,10,False,,"(9, 6, 2)",2026-08-27T19:59:30+00:00
a8_rigging_quality,254,0,quadruped_box,winged,1,1,5,386,0.0,0.0,0.0,1.0,0.265625,2.0,2,90.0,262,0.0,0.469791,15,0.019531,True,0.0,0.0,12th Gen Intel(R) Core(TM) i7-1255U,12,15.68,Windows-10-10.0.26200-SP0,3.11.15,2.4.6,1.17.1,4.12.2,0.48.4,5.0.0,2.13.0+cpu,fd20710,10,False,,"(9, 6, 2)",2026-08-27T19:59:30+00:00
a8_rigging_quality,255,0,quadruped_box,winged,1,1,5,386,15.0,0.0,0.0,1.0,0.265625,2.0,2,15.0,262,0.0,0.08672,2,0.002604,True,0.032578,0.088323,12th Gen Intel(R) Core(TM) i7-1255U,12,15.68,Windows-10-10.0.26200-SP0,3.11.15,2.4.6,1.17.1,4.12.2,0.48.4,5.0.0,2.13.0+cpu,fd20710,10,False,,"(9, 6, 2)",2026-08-27T19:59:30+00:00
a8_rigging_quality,256,0,quadruped_box,winged,1,1,5,386,15.0,0.0,0.0,1.0,0.265625,2.0,2,45.0,262,0.0,0.254249,8,0.010417,True,0.032578,0.088323,12th Gen Intel(R) Core(TM) i7-1255U,12,15.68,Windows-10-10.0.26200-SP0,3.11.15,2.4.6,1.17.1,4.12.2,0.48.4,5.0.0,2.13.0+cpu,fd20710,10,False,,"(9, 6, 2)",2026-08-27T19:59:30+00:00
a8_rigging_quality,257,0,quadruped_box,winged,1,1,5,386,15.0,0.0,0.0,1.0,0.265625,2.0,2,90.0,262,0.0,0.469791,15,0.019531,True,0.032578,0.088323,12th Gen Intel(R) Core(TM) i7-1255U,12,15.68,Windows-10-10.0.26200-SP0,3.11.15,2.4.6,1.17.1,4.12.2,0.48.4,5.0.0,2.13.0+cpu,fd20710,10,False,,"(9, 6, 2)",2026-08-27T19:59:30+00:00
a8_rigging_quality,258,0,quadruped_box,winged,1,1,5,386,30.0,0.0,0.0,1.0,0.265625,2.0,2,15.0,262,0.0,0.08672,2,0.002604,True,0.062937,0.170628,12th Gen Intel(R) Core(TM) i7-1255U,12,15.68,Windows-10-10.0.26200-SP0,3.11.15,2.4.6,1.17.1,4.12.2,0.48.4,5.0.0,2.13.0+cpu,fd20710,10,False,,"(9, 6, 2)",2026-08-27T19:59:30+00:00
a8_rigging_quality,259,0,quadruped_box,winged,1,1,5,386,30.0,0.0,0.0,1.0,0.265625,2.0,2,45.0,262,0.0,0.254249,8,0.010417,True,0.062937,0.170628,12th Gen Intel(R) Core(TM) i7-1255U,12,15.68,Windows-10-10.0.26200-SP0,3.11.15,2.4.6,1.17.1,4.12.2,0.48.4,5.0.0,2.13.0+cpu,fd20710,10,False,,"(9, 6, 2)",2026-08-27T19:59:30+00:00
a8_rigging_quality,260,0,quadruped_box,winged,1,1,5,386,30.0,0.0,0.0,1.0,0.265625,2.0,2,90.0,262,0.0,0.469791,15,0.019531,True,0.062937,0.170628,12th Gen Intel(R) Core(TM) i7-1255U,12,15.68,Windows-10-10.0.26200-SP0,3.11.15,2.4.6,1.17.1,4.12.2,0.48.4,5.0.0,2.13.0+cpu,fd20710,10,False,,"(9, 6, 2)",2026-08-27T19:59:30+00:00
a8_rigging_quality,261,0,quadruped_box,winged,2,2,5,386,0.0,0.0,0.0,2.0,0.26498,1.010617,0,15.0,144,0.0,0.047444,0,0.0,True,0.0,0.0,12th Gen Intel(R) Core(TM) i7-1255U,12,15.68,Windows-10-10.0.26200-SP0,3.11.15,2.4.6,1.17.1,4.12.2,0.48.4,5.0.0,2.13.0+cpu,fd20710,10,False,,"(9, 6, 2)",2026-08-27T19:59:30+00:00
a8_rigging_quality,262,0,quadruped_box,winged,2,2,5,386,0.0,0.0,0.0,2.0,0.26498,1.010617,0,45.0,144,0.0,0.139099,17,0.022135,True,0.0,0.0,12th Gen Intel(R) Core(TM) i7-1255U,12,15.68,Windows-10-10.0.26200-SP0,3.11.15,2.4.6,1.17.1,4.12.2,0.48.4,5.0.0,2.13.0+cpu,fd20710,10,False,,"(9, 6, 2)",2026-08-27T19:59:30+00:00
a8_rigging_quality,263,0,quadruped_box,winged,2,2,5,386,0.0,0.0,0.0,2.0,0.26498,1.010617,0,90.0,144,0.0,0.257021,22,0.028646,True,0.0,0.0,12th Gen Intel(R) Core(TM) i7-1255U,12,15.68,Windows-10-10.0.26200-SP0,3.11.15,2.4.6,1.17.1,4.12.2,0.48.4,5.0.0,2.13.0+cpu,fd20710,10,False,,"(9, 6, 2)",2026-08-27T19:59:30+00:00
a8_rigging_quality,264,0,quadruped_box,winged,2,2,5,386,15.0,0.0,0.0,2.0,0.26498,1.010617,0,15.0,144,0.0,0.047444,0,0.0,True,0.032578,0.088323,12th Gen Intel(R) Core(TM) i7-1255U,12,15.68,Windows-10-10.0.26200-SP0,3.11.15,2.4.6,1.17.1,4.12.2,0.48.4,5.0.0,2.13.0+cpu,fd20710,10,False,,"(9, 6, 2)",2026-08-27T19:59:30+00:00
a8_rigging_quality,265,0,quadruped_box,winged,2,2,5,386,15.0,0.0,0.0,2.0,0.26498,1.010617,0,45.0,144,0.0,0.139099,17,0.022135,True,0.032578,0.088323,12th Gen Intel(R) Core(TM) i7-1255U,12,15.68,Windows-10-10.0.26200-SP0,3.11.15,2.4.6,1.17.1,4.12.2,0.48.4,5.0.0,2.13.0+cpu,fd20710,10,False,,"(9, 6, 2)",2026-08-27T19:59:30+00:00
a8_rigging_quality,266,0,quadruped_box,winged,2,2,5,386,15.0,0.0,0.0,2.0,0.26498,1.010617,0,90.0,144,0.0,0.257021,22,0.028646,True,0.032578,0.088323,12th Gen Intel(R) Core(TM) i7-1255U,12,15.68,Windows-10-10.0.26200-SP0,3.11.15,2.4.6,1.17.1,4.12.2,0.48.4,5.0.0,2.13.0+cpu,fd20710,10,False,,"(9, 6, 2)",2026-08-27T19:59:30+00:00
a8_rigging_quality,267,0,quadruped_box,winged,2,2,5,386,30.0,0.0,0.0,2.0,0.26498,1.010617,0,15.0,144,0.0,0.047444,0,0.0,True,0.062937,0.170628,12th Gen Intel(R) Core(TM) i7-1255U,12,15.68,Windows-10-10.0.26200-SP0,3.11.15,2.4.6,1.17.1,4.12.2,0.48.4,5.0.0,2.13.0+cpu,fd20710,10,False,,"(9, 6, 2)",2026-08-27T19:59:30+00:00
a8_rigging_quality,268,0,quadruped_box,winged,2,2,5,386,30.0,0.0,0.0,2.0,0.26498,1.010617,0,45.0,144,0.0,0.139099,17,0.022135,True,0.062937,0.170628,12th Gen Intel(R) Core(TM) i7-1255U,12,15.68,Windows-10-10.0.26200-SP0,3.11.15,2.4.6,1.17.1,4.12.2,0.48.4,5.0.0,2.13.0+cpu,fd20710,10,False,,"(9, 6, 2)",2026-08-27T19:59:30+00:00
a8_rigging_quality,269,0,quadruped_box,winged,2,2,5,386,30.0,0.0,0.0,2.0,0.26498,1.010617,0,90.0,144,0.0,0.257021,22,0.028646,True,0.062937,0.170628,12th Gen Intel(R) Core(TM) i7-1255U,12,15.68,Windows-10-10.0.26200-SP0,3.11.15,2.4.6,1.17.1,4.12.2,0.48.4,5.0.0,2.13.0+cpu,fd20710,10,False,,"(9, 6, 2)",2026-08-27T19:59:30+00:00
a8_rigging_quality,270,0,quadruped_box,winged,4,4,5,386,0.0,0.0,0.0,4.0,0.156425,0.403249,0,15.0,0,0.0,0.030092,0,0.0,True,0.0,0.0,12th Gen Intel(R) Core(TM) i7-1255U,12,15.68,Windows-10-10.0.26200-SP0,3.11.15,2.4.6,1.17.1,4.12.2,0.48.4,5.0.0,2.13.0+cpu,fd20710,10,False,,"(9, 6, 2)",2026-08-27T19:59:30+00:00
a8_rigging_quality,271,0,quadruped_box,winged,4,4,5,386,0.0,0.0,0.0,4.0,0.156425,0.403249,0,45.0,0,0.0,0.088226,0,0.0,True,0.0,0.0,12th Gen Intel(R) Core(TM) i7-1255U,12,15.68,Windows-10-10.0.26200-SP0,3.11.15,2.4.6,1.17.1,4.12.2,0.48.4,5.0.0,2.13.0+cpu,fd20710,10,False,,"(9, 6, 2)",2026-08-27T19:59:30+00:00
a8_rigging_quality,272,0,quadruped_box,winged,4,4,5,386,0.0,0.0,0.0,4.0,0.156425,0.403249,0,90.0,0,0.0,0.163021,0,0.0,True,0.0,0.0,12th Gen Intel(R) Core(TM) i7-1255U,12,15.68,Windows-10-10.0.26200-SP0,3.11.15,2.4.6,1.17.1,4.12.2,0.48.4,5.0.0,2.13.0+cpu,fd20710,10,False,,"(9, 6, 2)",2026-08-27T19:59:30+00:00
a8_rigging_quality,273,0,quadruped_box,winged,4,4,5,386,15.0,0.0,0.0,4.0,0.156425,0.403249,0,15.0,0,0.0,0.030092,0,0.0,True,0.032578,0.088323,12th Gen Intel(R) Core(TM) i7-1255U,12,15.68,Windows-10-10.0.26200-SP0,3.11.15,2.4.6,1.17.1,4.12.2,0.48.4,5.0.0,2.13.0+cpu,fd20710,10,False,,"(9, 6, 2)",2026-08-27T19:59:30+00:00
a8_rigging_quality,274,0,quadruped_box,winged,4,4,5,386,15.0,0.0,0.0,4.0,0.156425,0.403249,0,45.0,0,0.0,0.088226,0,0.0,True,0.032578,0.088323,12th Gen Intel(R) Core(TM) i7-1255U,12,15.68,Windows-10-10.0.26200-SP0,3.11.15,2.4.6,1.17.1,4.12.2,0.48.4,5.0.0,2.13.0+cpu,fd20710,10,False,,"(9, 6, 2)",2026-08-27T19:59:30+00:00
a8_rigging_quality,275,0,quadruped_box,winged,4,4,5,386,15.0,0.0,0.0,4.0,0.156425,0.403249,0,90.0,0,0.0,0.163021,0,0.0,True,0.032578,0.088323,12th Gen Intel(R) Core(TM) i7-1255U,12,15.68,Windows-10-10.0.26200-SP0,3.11.15,2.4.6,1.17.1,4.12.2,0.48.4,5.0.0,2.13.0+cpu,fd20710,10,False,,"(9, 6, 2)",2026-08-27T19:59:30+00:00
a8_rigging_quality,276,0,quadruped_box,winged,4,4,5,386,30.0,0.0,0.0,4.0,0.156425,0.403249,0,15.0,0,0.0,0.030092,0,0.0,True,0.062937,0.170628,12th Gen Intel(R) Core(TM) i7-1255U,12,15.68,Windows-10-10.0.26200-SP0,3.11.15,2.4.6,1.17.1,4.12.2,0.48.4,5.0.0,2.13.0+cpu,fd20710,10,False,,"(9, 6, 2)",2026-08-27T19:59:30+00:00
a8_rigging_quality,277,0,quadruped_box,winged,4,4,5,386,30.0,0.0,0.0,4.0,0.156425,0.403249,0,45.0,0,0.0,0.088226,0,0.0,True,0.062937,0.170628,12th Gen Intel(R) Core(TM) i7-1255U,12,15.68,Windows-10-10.0.26200-SP0,3.11.15,2.4.6,1.17.1,4.12.2,0.48.4,5.0.0,2.13.0+cpu,fd20710,10,False,,"(9, 6, 2)",2026-08-27T19:59:30+00:00
a8_rigging_quality,278,0,quadruped_box,winged,4,4,5,386,30.0,0.0,0.0,4.0,0.156425,0.403249,0,90.0,0,0.0,0.163021,0,0.0,True,0.062937,0.170628,12th Gen Intel(R) Core(TM) i7-1255U,12,15.68,Windows-10-10.0.26200-SP0,3.11.15,2.4.6,1.17.1,4.12.2,0.48.4,5.0.0,2.13.0+cpu,fd20710,10,False,,"(9, 6, 2)",2026-08-27T19:59:30+00:00
a8_rigging_quality,279,0,quadruped_box,winged,8,5,5,386,0.0,0.0,0.0,5.0,0.140521,0.305887,0,15.0,0,0.0,0.026937,0,0.0,True,0.0,0.0,12th Gen Intel(R) Core(TM) i7-1255U,12,15.68,Windows-10-10.0.26200-SP0,3.11.15,2.4.6,1.17.1,4.12.2,0.48.4,5.0.0,2.13.0+cpu,fd20710,10,False,,"(9, 6, 2)",2026-08-27T19:59:30+00:00
a8_rigging_quality,280,0,quadruped_box,winged,8,5,5,386,0.0,0.0,0.0,5.0,0.140521,0.305887,0,45.0,0,0.0,0.078976,0,0.0,True,0.0,0.0,12th Gen Intel(R) Core(TM) i7-1255U,12,15.68,Windows-10-10.0.26200-SP0,3.11.15,2.4.6,1.17.1,4.12.2,0.48.4,5.0.0,2.13.0+cpu,fd20710,10,False,,"(9, 6, 2)",2026-08-27T19:59:30+00:00
a8_rigging_quality,281,0,quadruped_box,winged,8,5,5,386,0.0,0.0,0.0,5.0,0.140521,0.305887,0,90.0,0,0.0,0.145929,0,0.0,True,0.0,0.0,12th Gen Intel(R) Core(TM) i7-1255U,12,15.68,Windows-10-10.0.26200-SP0,3.11.15,2.4.6,1.17.1,4.12.2,0.48.4,5.0.0,2.13.0+cpu,fd20710,10,False,,"(9, 6, 2)",2026-08-27T19:59:30+00:00
a8_rigging_quality,282,0,quadruped_box,winged,8,5,5,386,15.0,0.0,0.0,5.0,0.140521,0.305887,0,15.0,0,0.0,0.026937,0,0.0,True,0.032578,0.088323,12th Gen Intel(R) Core(TM) i7-1255U,12,15.68,Windows-10-10.0.26200-SP0,3.11.15,2.4.6,1.17.1,4.12.2,0.48.4,5.0.0,2.13.0+cpu,fd20710,10,False,,"(9, 6, 2)",2026-08-27T19:59:30+00:00
a8_rigging_quality,283,0,quadruped_box,winged,8,5,5,386,15.0,0.0,0.0,5.0,0.140521,0.305887,0,45.0,0,0.0,0.078976,0,0.0,True,0.032578,0.088323,12th Gen Intel(R) Core(TM) i7-1255U,12,15.68,Windows-10-10.0.26200-SP0,3.11.15,2.4.6,1.17.1,4.12.2,0.48.4,5.0.0,2.13.0+cpu,fd20710,10,False,,"(9, 6, 2)",2026-08-27T19:59:30+00:00
a8_rigging_quality,284,0,quadruped_box,winged,8,5,5,386,15.0,0.0,0.0,5.0,0.140521,0.305887,0,90.0,0,0.0,0.145929,0,0.0,True,0.032578,0.088323,12th Gen Intel(R) Core(TM) i7-1255U,12,15.68,Windows-10-10.0.26200-SP0,3.11.15,2.4.6,1.17.1,4.12.2,0.48.4,5.0.0,2.13.0+cpu,fd20710,10,False,,"(9, 6, 2)",2026-08-27T19:59:30+00:00
a8_rigging_quality,285,0,quadruped_box,winged,8,5,5,386,30.0,0.0,0.0,5.0,0.140521,0.305887,0,15.0,0,0.0,0.026937,0,0.0,True,0.062937,0.170628,12th Gen Intel(R) Core(TM) i7-1255U,12,15.68,Windows-10-10.0.26200-SP0,3.11.15,2.4.6,1.17.1,4.12.2,0.48.4,5.0.0,2.13.0+cpu,fd20710,10,False,,"(9, 6, 2)",2026-08-27T19:59:30+00:00
a8_rigging_quality,286,0,quadruped_box,winged,8,5,5,386,30.0,0.0,0.0,5.0,0.140521,0.305887,0,45.0,0,0.0,0.078976,0,0.0,True,0.062937,0.170628,12th Gen Intel(R) Core(TM) i7-1255U,12,15.68,Windows-10-10.0.26200-SP0,3.11.15,2.4.6,1.17.1,4.12.2,0.48.4,5.0.0,2.13.0+cpu,fd20710,10,False,,"(9, 6, 2)",2026-08-27T19:59:30+00:00
a8_rigging_quality,287,0,quadruped_box,winged,8,5,5,386,30.0,0.0,0.0,5.0,0.140521,0.305887,0,90.0,0,0.0,0.145929,0,0.0,True,0.062937,0.170628,12th Gen Intel(R) Core(TM) i7-1255U,12,15.68,Windows-10-10.0.26200-SP0,3.11.15,2.4.6,1.17.1,4.12.2,0.48.4,5.0.0,2.13.0+cpu,fd20710,10,False,,"(9, 6, 2)",2026-08-27T19:59:30+00:00
a8_rigging_quality,288,0,winged_slab,static,1,1,1,386,0.0,0.0,0.0,1.0,0.0,0.0,-1,15.0,0,0.0,0.0,0,0.0,True,0.0,0.0,12th Gen Intel(R) Core(TM) i7-1255U,12,15.68,Windows-10-10.0.26200-SP0,3.11.15,2.4.6,1.17.1,4.12.2,0.48.4,5.0.0,2.13.0+cpu,fd20710,10,False,,"(9, 6, 2)",2026-08-27T19:59:30+00:00
a8_rigging_quality,289,0,winged_slab,static,1,1,1,386,0.0,0.0,0.0,1.0,0.0,0.0,-1,45.0,0,0.0,0.0,0,0.0,True,0.0,0.0,12th Gen Intel(R) Core(TM) i7-1255U,12,15.68,Windows-10-10.0.26200-SP0,3.11.15,2.4.6,1.17.1,4.12.2,0.48.4,5.0.0,2.13.0+cpu,fd20710,10,False,,"(9, 6, 2)",2026-08-27T19:59:30+00:00
a8_rigging_quality,290,0,winged_slab,static,1,1,1,386,0.0,0.0,0.0,1.0,0.0,0.0,-1,90.0,0,0.0,0.0,0,0.0,True,0.0,0.0,12th Gen Intel(R) Core(TM) i7-1255U,12,15.68,Windows-10-10.0.26200-SP0,3.11.15,2.4.6,1.17.1,4.12.2,0.48.4,5.0.0,2.13.0+cpu,fd20710,10,False,,"(9, 6, 2)",2026-08-27T19:59:30+00:00
a8_rigging_quality,291,0,winged_slab,static,1,1,1,386,15.0,0.0,0.0,1.0,0.0,0.0,-1,15.0,0,0.0,0.0,0,0.0,True,0.0,0.0,12th Gen Intel(R) Core(TM) i7-1255U,12,15.68,Windows-10-10.0.26200-SP0,3.11.15,2.4.6,1.17.1,4.12.2,0.48.4,5.0.0,2.13.0+cpu,fd20710,10,False,,"(9, 6, 2)",2026-08-27T19:59:30+00:00
a8_rigging_quality,292,0,winged_slab,static,1,1,1,386,15.0,0.0,0.0,1.0,0.0,0.0,-1,45.0,0,0.0,0.0,0,0.0,True,0.0,0.0,12th Gen Intel(R) Core(TM) i7-1255U,12,15.68,Windows-10-10.0.26200-SP0,3.11.15,2.4.6,1.17.1,4.12.2,0.48.4,5.0.0,2.13.0+cpu,fd20710,10,False,,"(9, 6, 2)",2026-08-27T19:59:30+00:00
a8_rigging_quality,293,0,winged_slab,static,1,1,1,386,15.0,0.0,0.0,1.0,0.0,0.0,-1,90.0,0,0.0,0.0,0,0.0,True,0.0,0.0,12th Gen Intel(R) Core(TM) i7-1255U,12,15.68,Windows-10-10.0.26200-SP0,3.11.15,2.4.6,1.17.1,4.12.2,0.48.4,5.0.0,2.13.0+cpu,fd20710,10,False,,"(9, 6, 2)",2026-08-27T19:59:30+00:00
a8_rigging_quality,294,0,winged_slab,static,1,1,1,386,30.0,0.0,0.0,1.0,0.0,0.0,-1,15.0,0,0.0,0.0,0,0.0,True,0.0,0.0,12th Gen Intel(R) Core(TM) i7-1255U,12,15.68,Windows-10-10.0.26200-SP0,3.11.15,2.4.6,1.17.1,4.12.2,0.48.4,5.0.0,2.13.0+cpu,fd20710,10,False,,"(9, 6, 2)",2026-08-27T19:59:30+00:00
a8_rigging_quality,295,0,winged_slab,static,1,1,1,386,30.0,0.0,0.0,1.0,0.0,0.0,-1,45.0,0,0.0,0.0,0,0.0,True,0.0,0.0,12th Gen Intel(R) Core(TM) i7-1255U,12,15.68,Windows-10-10.0.26200-SP0,3.11.15,2.4.6,1.17.1,4.12.2,0.48.4,5.0.0,2.13.0+cpu,fd20710,10,False,,"(9, 6, 2)",2026-08-27T19:59:30+00:00
a8_rigging_quality,296,0,winged_slab,static,1,1,1,386,30.0,0.0,0.0,1.0,0.0,0.0,-1,90.0,0,0.0,0.0,0,0.0,True,0.0,0.0,12th Gen Intel(R) Core(TM) i7-1255U,12,15.68,Windows-10-10.0.26200-SP0,3.11.15,2.4.6,1.17.1,4.12.2,0.48.4,5.0.0,2.13.0+cpu,fd20710,10,False,,"(9, 6, 2)",2026-08-27T19:59:30+00:00
a8_rigging_quality,297,0,winged_slab,static,2,1,1,386,0.0,0.0,0.0,1.0,0.0,0.0,-1,15.0,0,0.0,0.0,0,0.0,True,0.0,0.0,12th Gen Intel(R) Core(TM) i7-1255U,12,15.68,Windows-10-10.0.26200-SP0,3.11.15,2.4.6,1.17.1,4.12.2,0.48.4,5.0.0,2.13.0+cpu,fd20710,10,False,,"(9, 6, 2)",2026-08-27T19:59:30+00:00
a8_rigging_quality,298,0,winged_slab,static,2,1,1,386,0.0,0.0,0.0,1.0,0.0,0.0,-1,45.0,0,0.0,0.0,0,0.0,True,0.0,0.0,12th Gen Intel(R) Core(TM) i7-1255U,12,15.68,Windows-10-10.0.26200-SP0,3.11.15,2.4.6,1.17.1,4.12.2,0.48.4,5.0.0,2.13.0+cpu,fd20710,10,False,,"(9, 6, 2)",2026-08-27T19:59:30+00:00
a8_rigging_quality,299,0,winged_slab,static,2,1,1,386,0.0,0.0,0.0,1.0,0.0,0.0,-1,90.0,0,0.0,0.0,0,0.0,True,0.0,0.0,12th Gen Intel(R) Core(TM) i7-1255U,12,15.68,Windows-10-10.0.26200-SP0,3.11.15,2.4.6,1.17.1,4.12.2,0.48.4,5.0.0,2.13.0+cpu,fd20710,10,False,,"(9, 6, 2)",2026-08-27T19:59:30+00:00
a8_rigging_quality,300,0,winged_slab,static,2,1,1,386,15.0,0.0,0.0,1.0,0.0,0.0,-1,15.0,0,0.0,0.0,0,0.0,True,0.0,0.0,12th Gen Intel(R) Core(TM) i7-1255U,12,15.68,Windows-10-10.0.26200-SP0,3.11.15,2.4.6,1.17.1,4.12.2,0.48.4,5.0.0,2.13.0+cpu,fd20710,10,False,,"(9, 6, 2)",2026-08-27T19:59:30+00:00
a8_rigging_quality,301,0,winged_slab,static,2,1,1,386,15.0,0.0,0.0,1.0,0.0,0.0,-1,45.0,0,0.0,0.0,0,0.0,True,0.0,0.0,12th Gen Intel(R) Core(TM) i7-1255U,12,15.68,Windows-10-10.0.26200-SP0,3.11.15,2.4.6,1.17.1,4.12.2,0.48.4,5.0.0,2.13.0+cpu,fd20710,10,False,,"(9, 6, 2)",2026-08-27T19:59:30+00:00
a8_rigging_quality,302,0,winged_slab,static,2,1,1,386,15.0,0.0,0.0,1.0,0.0,0.0,-1,90.0,0,0.0,0.0,0,0.0,True,0.0,0.0,12th Gen Intel(R) Core(TM) i7-1255U,12,15.68,Windows-10-10.0.26200-SP0,3.11.15,2.4.6,1.17.1,4.12.2,0.48.4,5.0.0,2.13.0+cpu,fd20710,10,False,,"(9, 6, 2)",2026-08-27T19:59:30+00:00
a8_rigging_quality,303,0,winged_slab,static,2,1,1,386,30.0,0.0,0.0,1.0,0.0,0.0,-1,15.0,0,0.0,0.0,0,0.0,True,0.0,0.0,12th Gen Intel(R) Core(TM) i7-1255U,12,15.68,Windows-10-10.0.26200-SP0,3.11.15,2.4.6,1.17.1,4.12.2,0.48.4,5.0.0,2.13.0+cpu,fd20710,10,False,,"(9, 6, 2)",2026-08-27T19:59:30+00:00
a8_rigging_quality,304,0,winged_slab,static,2,1,1,386,30.0,0.0,0.0,1.0,0.0,0.0,-1,45.0,0,0.0,0.0,0,0.0,True,0.0,0.0,12th Gen Intel(R) Core(TM) i7-1255U,12,15.68,Windows-10-10.0.26200-SP0,3.11.15,2.4.6,1.17.1,4.12.2,0.48.4,5.0.0,2.13.0+cpu,fd20710,10,False,,"(9, 6, 2)",2026-08-27T19:59:30+00:00
a8_rigging_quality,305,0,winged_slab,static,2,1,1,386,30.0,0.0,0.0,1.0,0.0,0.0,-1,90.0,0,0.0,0.0,0,0.0,True,0.0,0.0,12th Gen Intel(R) Core(TM) i7-1255U,12,15.68,Windows-10-10.0.26200-SP0,3.11.15,2.4.6,1.17.1,4.12.2,0.48.4,5.0.0,2.13.0+cpu,fd20710,10,False,,"(9, 6, 2)",2026-08-27T19:59:30+00:00
a8_rigging_quality,306,0,winged_slab,static,4,1,1,386,0.0,0.0,0.0,1.0,0.0,0.0,-1,15.0,0,0.0,0.0,0,0.0,True,0.0,0.0,12th Gen Intel(R) Core(TM) i7-1255U,12,15.68,Windows-10-10.0.26200-SP0,3.11.15,2.4.6,1.17.1,4.12.2,0.48.4,5.0.0,2.13.0+cpu,fd20710,10,False,,"(9, 6, 2)",2026-08-27T19:59:30+00:00
a8_rigging_quality,307,0,winged_slab,static,4,1,1,386,0.0,0.0,0.0,1.0,0.0,0.0,-1,45.0,0,0.0,0.0,0,0.0,True,0.0,0.0,12th Gen Intel(R) Core(TM) i7-1255U,12,15.68,Windows-10-10.0.26200-SP0,3.11.15,2.4.6,1.17.1,4.12.2,0.48.4,5.0.0,2.13.0+cpu,fd20710,10,False,,"(9, 6, 2)",2026-08-27T19:59:30+00:00
a8_rigging_quality,308,0,winged_slab,static,4,1,1,386,0.0,0.0,0.0,1.0,0.0,0.0,-1,90.0,0,0.0,0.0,0,0.0,True,0.0,0.0,12th Gen Intel(R) Core(TM) i7-1255U,12,15.68,Windows-10-10.0.26200-SP0,3.11.15,2.4.6,1.17.1,4.12.2,0.48.4,5.0.0,2.13.0+cpu,fd20710,10,False,,"(9, 6, 2)",2026-08-27T19:59:30+00:00
a8_rigging_quality,309,0,winged_slab,static,4,1,1,386,15.0,0.0,0.0,1.0,0.0,0.0,-1,15.0,0,0.0,0.0,0,0.0,True,0.0,0.0,12th Gen Intel(R) Core(TM) i7-1255U,12,15.68,Windows-10-10.0.26200-SP0,3.11.15,2.4.6,1.17.1,4.12.2,0.48.4,5.0.0,2.13.0+cpu,fd20710,10,False,,"(9, 6, 2)",2026-08-27T19:59:30+00:00
a8_rigging_quality,310,0,winged_slab,static,4,1,1,386,15.0,0.0,0.0,1.0,0.0,0.0,-1,45.0,0,0.0,0.0,0,0.0,True,0.0,0.0,12th Gen Intel(R) Core(TM) i7-1255U,12,15.68,Windows-10-10.0.26200-SP0,3.11.15,2.4.6,1.17.1,4.12.2,0.48.4,5.0.0,2.13.0+cpu,fd20710,10,False,,"(9, 6, 2)",2026-08-27T19:59:30+00:00
a8_rigging_quality,311,0,winged_slab,static,4,1,1,386,15.0,0.0,0.0,1.0,0.0,0.0,-1,90.0,0,0.0,0.0,0,0.0,True,0.0,0.0,12th Gen Intel(R) Core(TM) i7-1255U,12,15.68,Windows-10-10.0.26200-SP0,3.11.15,2.4.6,1.17.1,4.12.2,0.48.4,5.0.0,2.13.0+cpu,fd20710,10,False,,"(9, 6, 2)",2026-08-27T19:59:30+00:00
a8_rigging_quality,312,0,winged_slab,static,4,1,1,386,30.0,0.0,0.0,1.0,0.0,0.0,-1,15.0,0,0.0,0.0,0,0.0,True,0.0,0.0,12th Gen Intel(R) Core(TM) i7-1255U,12,15.68,Windows-10-10.0.26200-SP0,3.11.15,2.4.6,1.17.1,4.12.2,0.48.4,5.0.0,2.13.0+cpu,fd20710,10,False,,"(9, 6, 2)",2026-08-27T19:59:30+00:00
a8_rigging_quality,313,0,winged_slab,static,4,1,1,386,30.0,0.0,0.0,1.0,0.0,0.0,-1,45.0,0,0.0,0.0,0,0.0,True,0.0,0.0,12th Gen Intel(R) Core(TM) i7-1255U,12,15.68,Windows-10-10.0.26200-SP0,3.11.15,2.4.6,1.17.1,4.12.2,0.48.4,5.0.0,2.13.0+cpu,fd20710,10,False,,"(9, 6, 2)",2026-08-27T19:59:30+00:00
a8_rigging_quality,314,0,winged_slab,static,4,1,1,386,30.0,0.0,0.0,1.0,0.0,0.0,-1,90.0,0,0.0,0.0,0,0.0,True,0.0,0.0,12th Gen Intel(R) Core(TM) i7-1255U,12,15.68,Windows-10-10.0.26200-SP0,3.11.15,2.4.6,1.17.1,4.12.2,0.48.4,5.0.0,2.13.0+cpu,fd20710,10,False,,"(9, 6, 2)",2026-08-27T19:59:30+00:00
a8_rigging_quality,315,0,winged_slab,static,8,1,1,386,0.0,0.0,0.0,1.0,0.0,0.0,-1,15.0,0,0.0,0.0,0,0.0,True,0.0,0.0,12th Gen Intel(R) Core(TM) i7-1255U,12,15.68,Windows-10-10.0.26200-SP0,3.11.15,2.4.6,1.17.1,4.12.2,0.48.4,5.0.0,2.13.0+cpu,fd20710,10,False,,"(9, 6, 2)",2026-08-27T19:59:30+00:00
a8_rigging_quality,316,0,winged_slab,static,8,1,1,386,0.0,0.0,0.0,1.0,0.0,0.0,-1,45.0,0,0.0,0.0,0,0.0,True,0.0,0.0,12th Gen Intel(R) Core(TM) i7-1255U,12,15.68,Windows-10-10.0.26200-SP0,3.11.15,2.4.6,1.17.1,4.12.2,0.48.4,5.0.0,2.13.0+cpu,fd20710,10,False,,"(9, 6, 2)",2026-08-27T19:59:30+00:00
a8_rigging_quality,317,0,winged_slab,static,8,1,1,386,0.0,0.0,0.0,1.0,0.0,0.0,-1,90.0,0,0.0,0.0,0,0.0,True,0.0,0.0,12th Gen Intel(R) Core(TM) i7-1255U,12,15.68,Windows-10-10.0.26200-SP0,3.11.15,2.4.6,1.17.1,4.12.2,0.48.4,5.0.0,2.13.0+cpu,fd20710,10,False,,"(9, 6, 2)",2026-08-27T19:59:30+00:00
a8_rigging_quality,318,0,winged_slab,static,8,1,1,386,15.0,0.0,0.0,1.0,0.0,0.0,-1,15.0,0,0.0,0.0,0,0.0,True,0.0,0.0,12th Gen Intel(R) Core(TM) i7-1255U,12,15.68,Windows-10-10.0.26200-SP0,3.11.15,2.4.6,1.17.1,4.12.2,0.48.4,5.0.0,2.13.0+cpu,fd20710,10,False,,"(9, 6, 2)",2026-08-27T19:59:30+00:00
a8_rigging_quality,319,0,winged_slab,static,8,1,1,386,15.0,0.0,0.0,1.0,0.0,0.0,-1,45.0,0,0.0,0.0,0,0.0,True,0.0,0.0,12th Gen Intel(R) Core(TM) i7-1255U,12,15.68,Windows-10-10.0.26200-SP0,3.11.15,2.4.6,1.17.1,4.12.2,0.48.4,5.0.0,2.13.0+cpu,fd20710,10,False,,"(9, 6, 2)",2026-08-27T19:59:30+00:00
a8_rigging_quality,320,0,winged_slab,static,8,1,1,386,15.0,0.0,0.0,1.0,0.0,0.0,-1,90.0,0,0.0,0.0,0,0.0,True,0.0,0.0,12th Gen Intel(R) Core(TM) i7-1255U,12,15.68,Windows-10-10.0.26200-SP0,3.11.15,2.4.6,1.17.1,4.12.2,0.48.4,5.0.0,2.13.0+cpu,fd20710,10,False,,"(9, 6, 2)",2026-08-27T19:59:30+00:00
a8_rigging_quality,321,0,winged_slab,static,8,1,1,386,30.0,0.0,0.0,1.0,0.0,0.0,-1,15.0,0,0.0,0.0,0,0.0,True,0.0,0.0,12th Gen Intel(R) Core(TM) i7-1255U,12,15.68,Windows-10-10.0.26200-SP0,3.11.15,2.4.6,1.17.1,4.12.2,0.48.4,5.0.0,2.13.0+cpu,fd20710,10,False,,"(9, 6, 2)",2026-08-27T19:59:30+00:00
a8_rigging_quality,322,0,winged_slab,static,8,1,1,386,30.0,0.0,0.0,1.0,0.0,0.0,-1,45.0,0,0.0,0.0,0,0.0,True,0.0,0.0,12th Gen Intel(R) Core(TM) i7-1255U,12,15.68,Windows-10-10.0.26200-SP0,3.11.15,2.4.6,1.17.1,4.12.2,0.48.4,5.0.0,2.13.0+cpu,fd20710,10,False,,"(9, 6, 2)",2026-08-27T19:59:30+00:00
a8_rigging_quality,323,0,winged_slab,static,8,1,1,386,30.0,0.0,0.0,1.0,0.0,0.0,-1,90.0,0,0.0,0.0,0,0.0,True,0.0,0.0,12th Gen Intel(R) Core(TM) i7-1255U,12,15.68,Windows-10-10.0.26200-SP0,3.11.15,2.4.6,1.17.1,4.12.2,0.48.4,5.0.0,2.13.0+cpu,fd20710,10,False,,"(9, 6, 2)",2026-08-27T19:59:30+00:00
a8_rigging_quality,324,0,winged_slab,biped,1,1,7,386,0.0,0.0,0.0,1.0,0.34375,2.0,3,15.0,294,0.0,0.082149,0,0.0,True,0.0,0.0,12th Gen Intel(R) Core(TM) i7-1255U,12,15.68,Windows-10-10.0.26200-SP0,3.11.15,2.4.6,1.17.1,4.12.2,0.48.4,5.0.0,2.13.0+cpu,fd20710,10,False,,"(9, 6, 2)",2026-08-27T19:59:30+00:00
a8_rigging_quality,325,0,winged_slab,biped,1,1,7,386,0.0,0.0,0.0,1.0,0.34375,2.0,3,45.0,294,0.0,0.240847,13,0.016927,True,0.0,0.0,12th Gen Intel(R) Core(TM) i7-1255U,12,15.68,Windows-10-10.0.26200-SP0,3.11.15,2.4.6,1.17.1,4.12.2,0.48.4,5.0.0,2.13.0+cpu,fd20710,10,False,,"(9, 6, 2)",2026-08-27T19:59:30+00:00
a8_rigging_quality,326,0,winged_slab,biped,1,1,7,386,0.0,0.0,0.0,1.0,0.34375,2.0,3,90.0,294,0.0,0.445028,17,0.022135,True,0.0,0.0,12th Gen Intel(R) Core(TM) i7-1255U,12,15.68,Windows-10-10.0.26200-SP0,3.11.15,2.4.6,1.17.1,4.12.2,0.48.4,5.0.0,2.13.0+cpu,fd20710,10,False,,"(9, 6, 2)",2026-08-27T19:59:30+00:00
a8_rigging_quality,327,0,winged_slab,biped,1,1,7,386,15.0,0.0,0.0,1.0,0.34375,2.0,3,15.0,294,0.0,0.082149,0,0.0,True,0.032119,0.060439,12th Gen Intel(R) Core(TM) i7-1255U,12,15.68,Windows-10-10.0.26200-SP0,3.11.15,2.4.6,1.17.1,4.12.2,0.48.4,5.0.0,2.13.0+cpu,fd20710,10,False,,"(9, 6, 2)",2026-08-27T19:59:30+00:00
a8_rigging_quality,328,0,winged_slab,biped,1,1,7,386,15.0,0.0,0.0,1.0,0.34375,2.0,3,45.0,294,0.0,0.240847,13,0.016927,True,0.032119,0.060439,12th Gen Intel(R) Core(TM) i7-1255U,12,15.68,Windows-10-10.0.26200-SP0,3.11.15,2.4.6,1.17.1,4.12.2,0.48.4,5.0.0,2.13.0+cpu,fd20710,10,False,,"(9, 6, 2)",2026-08-27T19:59:30+00:00
a8_rigging_quality,329,0,winged_slab,biped,1,1,7,386,15.0,0.0,0.0,1.0,0.34375,2.0,3,90.0,294,0.0,0.445028,17,0.022135,True,0.032119,0.060439,12th Gen Intel(R) Core(TM) i7-1255U,12,15.68,Windows-10-10.0.26200-SP0,3.11.15,2.4.6,1.17.1,4.12.2,0.48.4,5.0.0,2.13.0+cpu,fd20710,10,False,,"(9, 6, 2)",2026-08-27T19:59:30+00:00
a8_rigging_quality,330,0,winged_slab,biped,1,1,7,386,30.0,0.0,0.0,1.0,0.34375,2.0,3,15.0,294,0.0,0.082149,0,0.0,True,0.062049,0.11676,12th Gen Intel(R) Core(TM) i7-1255U,12,15.68,Windows-10-10.0.26200-SP0,3.11.15,2.4.6,1.17.1,4.12.2,0.48.4,5.0.0,2.13.0+cpu,fd20710,10,False,,"(9, 6, 2)",2026-08-27T19:59:30+00:00
a8_rigging_quality,331,0,winged_slab,biped,1,1,7,386,30.0,0.0,0.0,1.0,0.34375,2.0,3,45.0,294,0.0,0.240847,13,0.016927,True,0.062049,0.11676,12th Gen Intel(R) Core(TM) i7-1255U,12,15.68,Windows-10-10.0.26200-SP0,3.11.15,2.4.6,1.17.1,4.12.2,0.48.4,5.0.0,2.13.0+cpu,fd20710,10,False,,"(9, 6, 2)",2026-08-27T19:59:30+00:00
a8_rigging_quality,332,0,winged_slab,biped,1,1,7,386,30.0,0.0,0.0,1.0,0.34375,2.0,3,90.0,294,0.0,0.445028,17,0.022135,True,0.062049,0.11676,12th Gen Intel(R) Core(TM) i7-1255U,12,15.68,Windows-10-10.0.26200-SP0,3.11.15,2.4.6,1.17.1,4.12.2,0.48.4,5.0.0,2.13.0+cpu,fd20710,10,False,,"(9, 6, 2)",2026-08-27T19:59:30+00:00
a8_rigging_quality,333,0,winged_slab,biped,2,2,7,386,0.0,0.0,0.0,2.0,0.251918,2.0,3,15.0,241,0.0,0.042347,0,0.0,True,0.0,0.0,12th Gen Intel(R) Core(TM) i7-1255U,12,15.68,Windows-10-10.0.26200-SP0,3.11.15,2.4.6,1.17.1,4.12.2,0.48.4,5.0.0,2.13.0+cpu,fd20710,10,False,,"(9, 6, 2)",2026-08-27T19:59:30+00:00
a8_rigging_quality,334,0,winged_slab,biped,2,2,7,386,0.0,0.0,0.0,2.0,0.251918,2.0,3,45.0,241,0.0,0.124155,0,0.0,True,0.0,0.0,12th Gen Intel(R) Core(TM) i7-1255U,12,15.68,Windows-10-10.0.26200-SP0,3.11.15,2.4.6,1.17.1,4.12.2,0.48.4,5.0.0,2.13.0+cpu,fd20710,10,False,,"(9, 6, 2)",2026-08-27T19:59:30+00:00
a8_rigging_quality,335,0,winged_slab,biped,2,2,7,386,0.0,0.0,0.0,2.0,0.251918,2.0,3,90.0,241,0.0,0.229409,4,0.005208,True,0.0,0.0,12th Gen Intel(R) Core(TM) i7-1255U,12,15.68,Windows-10-10.0.26200-SP0,3.11.15,2.4.6,1.17.1,4.12.2,0.48.4,5.0.0,2.13.0+cpu,fd20710,10,False,,"(9, 6, 2)",2026-08-27T19:59:30+00:00
a8_rigging_quality,336,0,winged_slab,biped,2,2,7,386,15.0,0.0,0.0,2.0,0.251918,2.0,3,15.0,241,0.0,0.042347,0,0.0,True,0.032119,0.060439,12th Gen Intel(R) Core(TM) i7-1255U,12,15.68,Windows-10-10.0.26200-SP0,3.11.15,2.4.6,1.17.1,4.12.2,0.48.4,5.0.0,2.13.0+cpu,fd20710,10,False,,"(9, 6, 2)",2026-08-27T19:59:30+00:00
a8_rigging_quality,337,0,winged_slab,biped,2,2,7,386,15.0,0.0,0.0,2.0,0.251918,2.0,3,45.0,241,0.0,0.124155,0,0.0,True,0.032119,0.060439,12th Gen Intel(R) Core(TM) i7-1255U,12,15.68,Windows-10-10.0.26200-SP0,3.11.15,2.4.6,1.17.1,4.12.2,0.48.4,5.0.0,2.13.0+cpu,fd20710,10,False,,"(9, 6, 2)",2026-08-27T19:59:30+00:00
a8_rigging_quality,338,0,winged_slab,biped,2,2,7,386,15.0,0.0,0.0,2.0,0.251918,2.0,3,90.0,241,0.0,0.229409,4,0.005208,True,0.032119,0.060439,12th Gen Intel(R) Core(TM) i7-1255U,12,15.68,Windows-10-10.0.26200-SP0,3.11.15,2.4.6,1.17.1,4.12.2,0.48.4,5.0.0,2.13.0+cpu,fd20710,10,False,,"(9, 6, 2)",2026-08-27T19:59:30+00:00
a8_rigging_quality,339,0,winged_slab,biped,2,2,7,386,30.0,0.0,0.0,2.0,0.251918,2.0,3,15.0,241,0.0,0.042347,0,0.0,True,0.062049,0.11676,12th Gen Intel(R) Core(TM) i7-1255U,12,15.68,Windows-10-10.0.26200-SP0,3.11.15,2.4.6,1.17.1,4.12.2,0.48.4,5.0.0,2.13.0+cpu,fd20710,10,False,,"(9, 6, 2)",2026-08-27T19:59:30+00:00
a8_rigging_quality,340,0,winged_slab,biped,2,2,7,386,30.0,0.0,0.0,2.0,0.251918,2.0,3,45.0,241,0.0,0.124155,0,0.0,True,0.062049,0.11676,12th Gen Intel(R) Core(TM) i7-1255U,12,15.68,Windows-10-10.0.26200-SP0,3.11.15,2.4.6,1.17.1,4.12.2,0.48.4,5.0.0,2.13.0+cpu,fd20710,10,False,,"(9, 6, 2)",2026-08-27T19:59:30+00:00
a8_rigging_quality,341,0,winged_slab,biped,2,2,7,386,30.0,0.0,0.0,2.0,0.251918,2.0,3,90.0,241,0.0,0.229409,4,0.005208,True,0.062049,0.11676,12th Gen Intel(R) Core(TM) i7-1255U,12,15.68,Windows-10-10.0.26200-SP0,3.11.15,2.4.6,1.17.1,4.12.2,0.48.4,5.0.0,2.13.0+cpu,fd20710,10,False,,"(9, 6, 2)",2026-08-27T19:59:30+00:00
a8_rigging_quality,342,0,winged_slab,biped,4,4,7,386,0.0,0.0,0.0,4.0,0.179536,0.746705,1,15.0,0,0.0,0.026725,0,0.0,True,0.0,0.0,12th Gen Intel(R) Core(TM) i7-1255U,12,15.68,Windows-10-10.0.26200-SP0,3.11.15,2.4.6,1.17.1,4.12.2,0.48.4,5.0.0,2.13.0+cpu,fd20710,10,False,,"(9, 6, 2)",2026-08-27T19:59:30+00:00
a8_rigging_quality,343,0,winged_slab,biped,4,4,7,386,0.0,0.0,0.0,4.0,0.179536,0.746705,1,45.0,0,0.0,0.078354,0,0.0,True,0.0,0.0,12th Gen Intel(R) Core(TM) i7-1255U,12,15.68,Windows-10-10.0.26200-SP0,3.11.15,2.4.6,1.17.1,4.12.2,0.48.4,5.0.0,2.13.0+cpu,fd20710,10,False,,"(9, 6, 2)",2026-08-27T19:59:30+00:00
a8_rigging_quality,344,0,winged_slab,biped,4,4,7,386,0.0,0.0,0.0,4.0,0.179536,0.746705,1,90.0,0,0.0,0.144779,0,0.0,True,0.0,0.0,12th Gen Intel(R) Core(TM) i7-1255U,12,15.68,Windows-10-10.0.26200-SP0,3.11.15,2.4.6,1.17.1,4.12.2,0.48.4,5.0.0,2.13.0+cpu,fd20710,10,False,,"(9, 6, 2)",2026-08-27T19:59:30+00:00
a8_rigging_quality,345,0,winged_slab,biped,4,4,7,386,15.0,0.0,0.0,4.0,0.179536,0.746705,1,15.0,0,0.0,0.026725,0,0.0,True,0.032119,0.060439,12th Gen Intel(R) Core(TM) i7-1255U,12,15.68,Windows-10-10.0.26200-SP0,3.11.15,2.4.6,1.17.1,4.12.2,0.48.4,5.0.0,2.13.0+cpu,fd20710,10,False,,"(9, 6, 2)",2026-08-27T19:59:30+00:00
a8_rigging_quality,346,0,winged_slab,biped,4,4,7,386,15.0,0.0,0.0,4.0,0.179536,0.746705,1,45.0,0,0.0,0.078354,0,0.0,True,0.032119,0.060439,12th Gen Intel(R) Core(TM) i7-1255U,12,15.68,Windows-10-10.0.26200-SP0,3.11.15,2.4.6,1.17.1,4.12.2,0.48.4,5.0.0,2.13.0+cpu,fd20710,10,False,,"(9, 6, 2)",2026-08-27T19:59:30+00:00
a8_rigging_quality,347,0,winged_slab,biped,4,4,7,386,15.0,0.0,0.0,4.0,0.179536,0.746705,1,90.0,0,0.0,0.144779,0,0.0,True,0.032119,0.060439,12th Gen Intel(R) Core(TM) i7-1255U,12,15.68,Windows-10-10.0.26200-SP0,3.11.15,2.4.6,1.17.1,4.12.2,0.48.4,5.0.0,2.13.0+cpu,fd20710,10,False,,"(9, 6, 2)",2026-08-27T19:59:30+00:00
a8_rigging_quality,348,0,winged_slab,biped,4,4,7,386,30.0,0.0,0.0,4.0,0.179536,0.746705,1,15.0,0,0.0,0.026725,0,0.0,True,0.062049,0.11676,12th Gen Intel(R) Core(TM) i7-1255U,12,15.68,Windows-10-10.0.26200-SP0,3.11.15,2.4.6,1.17.1,4.12.2,0.48.4,5.0.0,2.13.0+cpu,fd20710,10,False,,"(9, 6, 2)",2026-08-27T19:59:30+00:00
a8_rigging_quality,349,0,winged_slab,biped,4,4,7,386,30.0,0.0,0.0,4.0,0.179536,0.746705,1,45.0,0,0.0,0.078354,0,0.0,True,0.062049,0.11676,12th Gen Intel(R) Core(TM) i7-1255U,12,15.68,Windows-10-10.0.26200-SP0,3.11.15,2.4.6,1.17.1,4.12.2,0.48.4,5.0.0,2.13.0+cpu,fd20710,10,False,,"(9, 6, 2)",2026-08-27T19:59:30+00:00
a8_rigging_quality,350,0,winged_slab,biped,4,4,7,386,30.0,0.0,0.0,4.0,0.179536,0.746705,1,90.0,0,0.0,0.144779,0,0.0,True,0.062049,0.11676,12th Gen Intel(R) Core(TM) i7-1255U,12,15.68,Windows-10-10.0.26200-SP0,3.11.15,2.4.6,1.17.1,4.12.2,0.48.4,5.0.0,2.13.0+cpu,fd20710,10,False,,"(9, 6, 2)",2026-08-27T19:59:30+00:00
a8_rigging_quality,351,0,winged_slab,biped,8,7,7,386,0.0,0.0,0.0,7.0,0.100205,0.370209,0,15.0,0,0.0,0.01851,0,0.0,True,0.0,0.0,12th Gen Intel(R) Core(TM) i7-1255U,12,15.68,Windows-10-10.0.26200-SP0,3.11.15,2.4.6,1.17.1,4.12.2,0.48.4,5.0.0,2.13.0+cpu,fd20710,10,False,,"(9, 6, 2)",2026-08-27T19:59:30+00:00
a8_rigging_quality,352,0,winged_slab,biped,8,7,7,386,0.0,0.0,0.0,7.0,0.100205,0.370209,0,45.0,0,0.0,0.054267,0,0.0,True,0.0,0.0,12th Gen Intel(R) Core(TM) i7-1255U,12,15.68,Windows-10-10.0.26200-SP0,3.11.15,2.4.6,1.17.1,4.12.2,0.48.4,5.0.0,2.13.0+cpu,fd20710,10,False,,"(9, 6, 2)",2026-08-27T19:59:30+00:00
a8_rigging_quality,353,0,winged_slab,biped,8,7,7,386,0.0,0.0,0.0,7.0,0.100205,0.370209,0,90.0,0,0.0,0.100273,0,0.0,True,0.0,0.0,12th Gen Intel(R) Core(TM) i7-1255U,12,15.68,Windows-10-10.0.26200-SP0,3.11.15,2.4.6,1.17.1,4.12.2,0.48.4,5.0.0,2.13.0+cpu,fd20710,10,False,,"(9, 6, 2)",2026-08-27T19:59:30+00:00
a8_rigging_quality,354,0,winged_slab,biped,8,7,7,386,15.0,0.0,0.0,7.0,0.100205,0.370209,0,15.0,0,0.0,0.01851,0,0.0,True,0.032119,0.060439,12th Gen Intel(R) Core(TM) i7-1255U,12,15.68,Windows-10-10.0.26200-SP0,3.11.15,2.4.6,1.17.1,4.12.2,0.48.4,5.0.0,2.13.0+cpu,fd20710,10,False,,"(9, 6, 2)",2026-08-27T19:59:30+00:00
a8_rigging_quality,355,0,winged_slab,biped,8,7,7,386,15.0,0.0,0.0,7.0,0.100205,0.370209,0,45.0,0,0.0,0.054267,0,0.0,True,0.032119,0.060439,12th Gen Intel(R) Core(TM) i7-1255U,12,15.68,Windows-10-10.0.26200-SP0,3.11.15,2.4.6,1.17.1,4.12.2,0.48.4,5.0.0,2.13.0+cpu,fd20710,10,False,,"(9, 6, 2)",2026-08-27T19:59:30+00:00
a8_rigging_quality,356,0,winged_slab,biped,8,7,7,386,15.0,0.0,0.0,7.0,0.100205,0.370209,0,90.0,0,0.0,0.100273,0,0.0,True,0.032119,0.060439,12th Gen Intel(R) Core(TM) i7-1255U,12,15.68,Windows-10-10.0.26200-SP0,3.11.15,2.4.6,1.17.1,4.12.2,0.48.4,5.0.0,2.13.0+cpu,fd20710,10,False,,"(9, 6, 2)",2026-08-27T19:59:30+00:00
a8_rigging_quality,357,0,winged_slab,biped,8,7,7,386,30.0,0.0,0.0,7.0,0.100205,0.370209,0,15.0,0,0.0,0.01851,0,0.0,True,0.062049,0.11676,12th Gen Intel(R) Core(TM) i7-1255U,12,15.68,Windows-10-10.0.26200-SP0,3.11.15,2.4.6,1.17.1,4.12.2,0.48.4,5.0.0,2.13.0+cpu,fd20710,10,False,,"(9, 6, 2)",2026-08-27T19:59:30+00:00
a8_rigging_quality,358,0,winged_slab,biped,8,7,7,386,30.0,0.0,0.0,7.0,0.100205,0.370209,0,45.0,0,0.0,0.054267,0,0.0,True,0.062049,0.11676,12th Gen Intel(R) Core(TM) i7-1255U,12,15.68,Windows-10-10.0.26200-SP0,3.11.15,2.4.6,1.17.1,4.12.2,0.48.4,5.0.0,2.13.0+cpu,fd20710,10,False,,"(9, 6, 2)",2026-08-27T19:59:30+00:00
a8_rigging_quality,359,0,winged_slab,biped,8,7,7,386,30.0,0.0,0.0,7.0,0.100205,0.370209,0,90.0,0,0.0,0.100273,0,0.0,True,0.062049,0.11676,12th Gen Intel(R) Core(TM) i7-1255U,12,15.68,Windows-10-10.0.26200-SP0,3.11.15,2.4.6,1.17.1,4.12.2,0.48.4,5.0.0,2.13.0+cpu,fd20710,10,False,,"(9, 6, 2)",2026-08-27T19:59:30+00:00
a8_rigging_quality,360,0,winged_slab,quadruped,1,1,7,386,0.0,0.0,0.0,1.0,0.411458,2.0,6,15.0,301,0.0,0.063261,2,0.002604,True,0.0,0.0,12th Gen Intel(R) Core(TM) i7-1255U,12,15.68,Windows-10-10.0.26200-SP0,3.11.15,2.4.6,1.17.1,4.12.2,0.48.4,5.0.0,2.13.0+cpu,fd20710,10,False,,"(9, 6, 2)",2026-08-27T19:59:30+00:00
a8_rigging_quality,361,0,winged_slab,quadruped,1,1,7,386,0.0,0.0,0.0,1.0,0.411458,2.0,6,45.0,301,0.0,0.185473,4,0.005208,True,0.0,0.0,12th Gen Intel(R) Core(TM) i7-1255U,12,15.68,Windows-10-10.0.26200-SP0,3.11.15,2.4.6,1.17.1,4.12.2,0.48.4,5.0.0,2.13.0+cpu,fd20710,10,False,,"(9, 6, 2)",2026-08-27T19:59:30+00:00
a8_rigging_quality,362,0,winged_slab,quadruped,1,1,7,386,0.0,0.0,0.0,1.0,0.411458,2.0,6,90.0,301,0.0,0.34271,12,0.015625,True,0.0,0.0,12th Gen Intel(R) Core(TM) i7-1255U,12,15.68,Windows-10-10.0.26200-SP0,3.11.15,2.4.6,1.17.1,4.12.2,0.48.4,5.0.0,2.13.0+cpu,fd20710,10,False,,"(9, 6, 2)",2026-08-27T19:59:30+00:00
a8_rigging_quality,363,0,winged_slab,quadruped,1,1,7,386,15.0,0.0,0.0,1.0,0.411458,2.0,6,15.0,301,0.0,0.063261,2,0.002604,True,0.047859,0.093399,12th Gen Intel(R) Core(TM) i7-1255U,12,15.68,Windows-10-10.0.26200-SP0,3.11.15,2.4.6,1.17.1,4.12.2,0.48.4,5.0.0,2.13.0+cpu,fd20710,10,False,,"(9, 6, 2)",2026-08-27T19:59:30+00:00
a8_rigging_quality,364,0,winged_slab,quadruped,1,1,7,386,15.0,0.0,0.0,1.0,0.411458,2.0,6,45.0,301,0.0,0.185473,4,0.005208,True,0.047859,0.093399,12th Gen Intel(R) Core(TM) i7-1255U,12,15.68,Windows-10-10.0.26200-SP0,3.11.15,2.4.6,1.17.1,4.12.2,0.48.4,5.0.0,2.13.0+cpu,fd20710,10,False,,"(9, 6, 2)",2026-08-27T19:59:30+00:00
a8_rigging_quality,365,0,winged_slab,quadruped,1,1,7,386,15.0,0.0,0.0,1.0,0.411458,2.0,6,90.0,301,0.0,0.34271,12,0.015625,True,0.047859,0.093399,12th Gen Intel(R) Core(TM) i7-1255U,12,15.68,Windows-10-10.0.26200-SP0,3.11.15,2.4.6,1.17.1,4.12.2,0.48.4,5.0.0,2.13.0+cpu,fd20710,10,False,,"(9, 6, 2)",2026-08-27T19:59:30+00:00
a8_rigging_quality,366,0,winged_slab,quadruped,1,1,7,386,30.0,0.0,0.0,1.0,0.411458,2.0,6,15.0,301,0.0,0.063261,2,0.002604,True,0.092456,0.180434,12th Gen Intel(R) Core(TM) i7-1255U,12,15.68,Windows-10-10.0.26200-SP0,3.11.15,2.4.6,1.17.1,4.12.2,0.48.4,5.0.0,2.13.0+cpu,fd20710,10,False,,"(9, 6, 2)",2026-08-27T19:59:30+00:00
a8_rigging_quality,367,0,winged_slab,quadruped,1,1,7,386,30.0,0.0,0.0,1.0,0.411458,2.0,6,45.0,301,0.0,0.185473,4,0.005208,True,0.092456,0.180434,12th Gen Intel(R) Core(TM) i7-1255U,12,15.68,Windows-10-10.0.26200-SP0,3.11.15,2.4.6,1.17.1,4.12.2,0.48.4,5.0.0,2.13.0+cpu,fd20710,10,False,,"(9, 6, 2)",2026-08-27T19:59:30+00:00
a8_rigging_quality,368,0,winged_slab,quadruped,1,1,7,386,30.0,0.0,0.0,1.0,0.411458,2.0,6,90.0,301,0.0,0.34271,12,0.015625,True,0.092456,0.180434,12th Gen Intel(R) Core(TM) i7-1255U,12,15.68,Windows-10-10.0.26200-SP0,3.11.15,2.4.6,1.17.1,4.12.2,0.48.4,5.0.0,2.13.0+cpu,fd20710,10,False,,"(9, 6, 2)",2026-08-27T19:59:30+00:00
a8_rigging_quality,369,0,winged_slab,quadruped,2,2,7,386,0.0,0.0,0.0,2.0,0.345201,1.050473,5,15.0,236,0.0,0.035048,0,0.0,True,0.0,0.0,12th Gen Intel(R) Core(TM) i7-1255U,12,15.68,Windows-10-10.0.26200-SP0,3.11.15,2.4.6,1.17.1,4.12.2,0.48.4,5.0.0,2.13.0+cpu,fd20710,10,False,,"(9, 6, 2)",2026-08-27T19:59:30+00:00
a8_rigging_quality,370,0,winged_slab,quadruped,2,2,7,386,0.0,0.0,0.0,2.0,0.345201,1.050473,5,45.0,236,0.0,0.102757,0,0.0,True,0.0,0.0,12th Gen Intel(R) Core(TM) i7-1255U,12,15.68,Windows-10-10.0.26200-SP0,3.11.15,2.4.6,1.17.1,4.12.2,0.48.4,5.0.0,2.13.0+cpu,fd20710,10,False,,"(9, 6, 2)",2026-08-27T19:59:30+00:00
a8_rigging_quality,371,0,winged_slab,quadruped,2,2,7,386,0.0,0.0,0.0,2.0,0.345201,1.050473,5,90.0,236,0.0,0.18987,1,0.001302,True,0.0,0.0,12th Gen Intel(R) Core(TM) i7-1255U,12,15.68,Windows-10-10.0.26200-SP0,3.11.15,2.4.6,1.17.1,4.12.2,0.48.4,5.0.0,2.13.0+cpu,fd20710,10,False,,"(9, 6, 2)",2026-08-27T19:59:30+00:00
a8_rigging_quality,372,0,winged_slab,quadruped,2,2,7,386,15.0,0.0,0.0,2.0,0.345201,1.050473,5,15.0,236,0.0,0.035048,0,0.0,True,0.047859,0.093399,12th Gen Intel(R) Core(TM) i7-1255U,12,15.68,Windows-10-10.0.26200-SP0,3.11.15,2.4.6,1.17.1,4.12.2,0.48.4,5.0.0,2.13.0+cpu,fd20710,10,False,,"(9, 6, 2)",2026-08-27T19:59:30+00:00
a8_rigging_quality,373,0,winged_slab,quadruped,2,2,7,386,15.0,0.0,0.0,2.0,0.345201,1.050473,5,45.0,236,0.0,0.102757,0,0.0,True,0.047859,0.093399,12th Gen Intel(R) Core(TM) i7-1255U,12,15.68,Windows-10-10.0.26200-SP0,3.11.15,2.4.6,1.17.1,4.12.2,0.48.4,5.0.0,2.13.0+cpu,fd20710,10,False,,"(9, 6, 2)",2026-08-27T19:59:30+00:00
a8_rigging_quality,374,0,winged_slab,quadruped,2,2,7,386,15.0,0.0,0.0,2.0,0.345201,1.050473,5,90.0,236,0.0,0.18987,1,0.001302,True,0.047859,0.093399,12th Gen Intel(R) Core(TM) i7-1255U,12,15.68,Windows-10-10.0.26200-SP0,3.11.15,2.4.6,1.17.1,4.12.2,0.48.4,5.0.0,2.13.0+cpu,fd20710,10,False,,"(9, 6, 2)",2026-08-27T19:59:30+00:00
a8_rigging_quality,375,0,winged_slab,quadruped,2,2,7,386,30.0,0.0,0.0,2.0,0.345201,1.050473,5,15.0,236,0.0,0.035048,0,0.0,True,0.092456,0.180434,12th Gen Intel(R) Core(TM) i7-1255U,12,15.68,Windows-10-10.0.26200-SP0,3.11.15,2.4.6,1.17.1,4.12.2,0.48.4,5.0.0,2.13.0+cpu,fd20710,10,False,,"(9, 6, 2)",2026-08-27T19:59:30+00:00
a8_rigging_quality,376,0,winged_slab,quadruped,2,2,7,386,30.0,0.0,0.0,2.0,0.345201,1.050473,5,45.0,236,0.0,0.102757,0,0.0,True,0.092456,0.180434,12th Gen Intel(R) Core(TM) i7-1255U,12,15.68,Windows-10-10.0.26200-SP0,3.11.15,2.4.6,1.17.1,4.12.2,0.48.4,5.0.0,2.13.0+cpu,fd20710,10,False,,"(9, 6, 2)",2026-08-27T19:59:30+00:00
a8_rigging_quality,377,0,winged_slab,quadruped,2,2,7,386,30.0,0.0,0.0,2.0,0.345201,1.050473,5,90.0,236,0.0,0.18987,1,0.001302,True,0.092456,0.180434,12th Gen Intel(R) Core(TM) i7-1255U,12,15.68,Windows-10-10.0.26200-SP0,3.11.15,2.4.6,1.17.1,4.12.2,0.48.4,5.0.0,2.13.0+cpu,fd20710,10,False,,"(9, 6, 2)",2026-08-27T19:59:30+00:00
a8_rigging_quality,378,0,winged_slab,quadruped,4,4,7,386,0.0,0.0,0.0,4.0,0.243027,0.640088,1,15.0,6,0.0,0.025799,0,0.0,True,0.0,0.0,12th Gen Intel(R) Core(TM) i7-1255U,12,15.68,Windows-10-10.0.26200-SP0,3.11.15,2.4.6,1.17.1,4.12.2,0.48.4,5.0.0,2.13.0+cpu,fd20710,10,False,,"(9, 6, 2)",2026-08-27T19:59:30+00:00
a8_rigging_quality,379,0,winged_slab,quadruped,4,4,7,386,0.0,0.0,0.0,4.0,0.243027,0.640088,1,45.0,6,0.0,0.075638,0,0.0,True,0.0,0.0,12th Gen Intel(R) Core(TM) i7-1255U,12,15.68,Windows-10-10.0.26200-SP0,3.11.15,2.4.6,1.17.1,4.12.2,0.48.4,5.0.0,2.13.0+cpu,fd20710,10,False,,"(9, 6, 2)",2026-08-27T19:59:30+00:00
a8_rigging_quality,380,0,winged_slab,quadruped,4,4,7,386,0.0,0.0,0.0,4.0,0.243027,0.640088,1,90.0,6,0.0,0.139761,1,0.001302,True,0.0,0.0,12th Gen Intel(R) Core(TM) i7-1255U,12,15.68,Windows-10-10.0.26200-SP0,3.11.15,2.4.6,1.17.1,4.12.2,0.48.4,5.0.0,2.13.0+cpu,fd20710,10,False,,"(9, 6, 2)",2026-08-27T19:59:30+00:00
a8_rigging_quality,381,0,winged_slab,quadruped,4,4,7,386,15.0,0.0,0.0,4.0,0.243027,0.640088,1,15.0,6,0.0,0.025799,0,0.0,True,0.047859,0.093399,12th Gen Intel(R) Core(TM) i7-1255U,12,15.68,Windows-10-10.0.26200-SP0,3.11.15,2.4.6,1.17.1,4.12.2,0.48.4,5.0.0,2.13.0+cpu,fd20710,10,False,,"(9, 6, 2)",2026-08-27T19:59:30+00:00
a8_rigging_quality,382,0,winged_slab,quadruped,4,4,7,386,15.0,0.0,0.0,4.0,0.243027,0.640088,1,45.0,6,0.0,0.075638,0,0.0,True,0.047859,0.093399,12th Gen Intel(R) Core(TM) i7-1255U,12,15.68,Windows-10-10.0.26200-SP0,3.11.15,2.4.6,1.17.1,4.12.2,0.48.4,5.0.0,2.13.0+cpu,fd20710,10,False,,"(9, 6, 2)",2026-08-27T19:59:30+00:00
a8_rigging_quality,383,0,winged_slab,quadruped,4,4,7,386,15.0,0.0,0.0,4.0,0.243027,0.640088,1,90.0,6,0.0,0.139761,1,0.001302,True,0.047859,0.093399,12th Gen Intel(R) Core(TM) i7-1255U,12,15.68,Windows-10-10.0.26200-SP0,3.11.15,2.4.6,1.17.1,4.12.2,0.48.4,5.0.0,2.13.0+cpu,fd20710,10,False,,"(9, 6, 2)",2026-08-27T19:59:30+00:00
a8_rigging_quality,384,0,winged_slab,quadruped,4,4,7,386,30.0,0.0,0.0,4.0,0.243027,0.640088,1,15.0,6,0.0,0.025799,0,0.0,True,0.092456,0.180434,12th Gen Intel(R) Core(TM) i7-1255U,12,15.68,Windows-10-10.0.26200-SP0,3.11.15,2.4.6,1.17.1,4.12.2,0.48.4,5.0.0,2.13.0+cpu,fd20710,10,False,,"(9, 6, 2)",2026-08-27T19:59:30+00:00
a8_rigging_quality,385,0,winged_slab,quadruped,4,4,7,386,30.0,0.0,0.0,4.0,0.243027,0.640088,1,45.0,6,0.0,0.075638,0,0.0,True,0.092456,0.180434,12th Gen Intel(R) Core(TM) i7-1255U,12,15.68,Windows-10-10.0.26200-SP0,3.11.15,2.4.6,1.17.1,4.12.2,0.48.4,5.0.0,2.13.0+cpu,fd20710,10,False,,"(9, 6, 2)",2026-08-27T19:59:30+00:00
a8_rigging_quality,386,0,winged_slab,quadruped,4,4,7,386,30.0,0.0,0.0,4.0,0.243027,0.640088,1,90.0,6,0.0,0.139761,1,0.001302,True,0.092456,0.180434,12th Gen Intel(R) Core(TM) i7-1255U,12,15.68,Windows-10-10.0.26200-SP0,3.11.15,2.4.6,1.17.1,4.12.2,0.48.4,5.0.0,2.13.0+cpu,fd20710,10,False,,"(9, 6, 2)",2026-08-27T19:59:30+00:00
a8_rigging_quality,387,0,winged_slab,quadruped,8,7,7,386,0.0,0.0,0.0,7.0,0.168326,0.462709,0,15.0,0,0.0,0.01952,0,0.0,True,0.0,0.0,12th Gen Intel(R) Core(TM) i7-1255U,12,15.68,Windows-10-10.0.26200-SP0,3.11.15,2.4.6,1.17.1,4.12.2,0.48.4,5.0.0,2.13.0+cpu,fd20710,10,False,,"(9, 6, 2)",2026-08-27T19:59:30+00:00
a8_rigging_quality,388,0,winged_slab,quadruped,8,7,7,386,0.0,0.0,0.0,7.0,0.168326,0.462709,0,45.0,0,0.0,0.057231,0,0.0,True,0.0,0.0,12th Gen Intel(R) Core(TM) i7-1255U,12,15.68,Windows-10-10.0.26200-SP0,3.11.15,2.4.6,1.17.1,4.12.2,0.48.4,5.0.0,2.13.0+cpu,fd20710,10,False,,"(9, 6, 2)",2026-08-27T19:59:30+00:00
a8_rigging_quality,389,0,winged_slab,quadruped,8,7,7,386,0.0,0.0,0.0,7.0,0.168326,0.462709,0,90.0,0,0.0,0.105748,0,0.0,True,0.0,0.0,12th Gen Intel(R) Core(TM) i7-1255U,12,15.68,Windows-10-10.0.26200-SP0,3.11.15,2.4.6,1.17.1,4.12.2,0.48.4,5.0.0,2.13.0+cpu,fd20710,10,False,,"(9, 6, 2)",2026-08-27T19:59:30+00:00
a8_rigging_quality,390,0,winged_slab,quadruped,8,7,7,386,15.0,0.0,0.0,7.0,0.168326,0.462709,0,15.0,0,0.0,0.01952,0,0.0,True,0.047859,0.093399,12th Gen Intel(R) Core(TM) i7-1255U,12,15.68,Windows-10-10.0.26200-SP0,3.11.15,2.4.6,1.17.1,4.12.2,0.48.4,5.0.0,2.13.0+cpu,fd20710,10,False,,"(9, 6, 2)",2026-08-27T19:59:30+00:00
a8_rigging_quality,391,0,winged_slab,quadruped,8,7,7,386,15.0,0.0,0.0,7.0,0.168326,0.462709,0,45.0,0,0.0,0.057231,0,0.0,True,0.047859,0.093399,12th Gen Intel(R) Core(TM) i7-1255U,12,15.68,Windows-10-10.0.26200-SP0,3.11.15,2.4.6,1.17.1,4.12.2,0.48.4,5.0.0,2.13.0+cpu,fd20710,10,False,,"(9, 6, 2)",2026-08-27T19:59:30+00:00
a8_rigging_quality,392,0,winged_slab,quadruped,8,7,7,386,15.0,0.0,0.0,7.0,0.168326,0.462709,0,90.0,0,0.0,0.105748,0,0.0,True,0.047859,0.093399,12th Gen Intel(R) Core(TM) i7-1255U,12,15.68,Windows-10-10.0.26200-SP0,3.11.15,2.4.6,1.17.1,4.12.2,0.48.4,5.0.0,2.13.0+cpu,fd20710,10,False,,"(9, 6, 2)",2026-08-27T19:59:30+00:00
a8_rigging_quality,393,0,winged_slab,quadruped,8,7,7,386,30.0,0.0,0.0,7.0,0.168326,0.462709,0,15.0,0,0.0,0.01952,0,0.0,True,0.092456,0.180434,12th Gen Intel(R) Core(TM) i7-1255U,12,15.68,Windows-10-10.0.26200-SP0,3.11.15,2.4.6,1.17.1,4.12.2,0.48.4,5.0.0,2.13.0+cpu,fd20710,10,False,,"(9, 6, 2)",2026-08-27T19:59:30+00:00
a8_rigging_quality,394,0,winged_slab,quadruped,8,7,7,386,30.0,0.0,0.0,7.0,0.168326,0.462709,0,45.0,0,0.0,0.057231,0,0.0,True,0.092456,0.180434,12th Gen Intel(R) Core(TM) i7-1255U,12,15.68,Windows-10-10.0.26200-SP0,3.11.15,2.4.6,1.17.1,4.12.2,0.48.4,5.0.0,2.13.0+cpu,fd20710,10,False,,"(9, 6, 2)",2026-08-27T19:59:30+00:00
a8_rigging_quality,395,0,winged_slab,quadruped,8,7,7,386,30.0,0.0,0.0,7.0,0.168326,0.462709,0,90.0,0,0.0,0.105748,0,0.0,True,0.092456,0.180434,12th Gen Intel(R) Core(TM) i7-1255U,12,15.68,Windows-10-10.0.26200-SP0,3.11.15,2.4.6,1.17.1,4.12.2,0.48.4,5.0.0,2.13.0+cpu,fd20710,10,False,,"(9, 6, 2)",2026-08-27T19:59:30+00:00
a8_rigging_quality,396,0,winged_slab,winged,1,1,5,386,0.0,0.0,0.0,1.0,0.265625,2.0,2,15.0,261,0.0,0.087803,2,0.002604,True,0.0,0.0,12th Gen Intel(R) Core(TM) i7-1255U,12,15.68,Windows-10-10.0.26200-SP0,3.11.15,2.4.6,1.17.1,4.12.2,0.48.4,5.0.0,2.13.0+cpu,fd20710,10,False,,"(9, 6, 2)",2026-08-27T19:59:30+00:00
a8_rigging_quality,397,0,winged_slab,winged,1,1,5,386,0.0,0.0,0.0,1.0,0.265625,2.0,2,45.0,261,0.0,0.257424,8,0.010417,True,0.0,0.0,12th Gen Intel(R) Core(TM) i7-1255U,12,15.68,Windows-10-10.0.26200-SP0,3.11.15,2.4.6,1.17.1,4.12.2,0.48.4,5.0.0,2.13.0+cpu,fd20710,10,False,,"(9, 6, 2)",2026-08-27T19:59:30+00:00
a8_rigging_quality,398,0,winged_slab,winged,1,1,5,386,0.0,0.0,0.0,1.0,0.265625,2.0,2,90.0,261,0.0,0.475657,15,0.019531,True,0.0,0.0,12th Gen Intel(R) Core(TM) i7-1255U,12,15.68,Windows-10-10.0.26200-SP0,3.11.15,2.4.6,1.17.1,4.12.2,0.48.4,5.0.0,2.13.0+cpu,fd20710,10,False,,"(9, 6, 2)",2026-08-27T19:59:30+00:00
a8_rigging_quality,399,0,winged_slab,winged,1,1,5,386,15.0,0.0,0.0,1.0,0.265625,2.0,2,15.0,261,0.0,0.087803,2,0.002604,True,0.029633,0.087725,12th Gen Intel(R) Core(TM) i7-1255U,12,15.68,Windows-10-10.0.26200-SP0,3.11.15,2.4.6,1.17.1,4.12.2,0.48.4,5.0.0,2.13.0+cpu,fd20710,10,False,,"(9, 6, 2)",2026-08-27T19:59:30+00:00
a8_rigging_quality,400,0,winged_slab,winged,1,1,5,386,15.0,0.0,0.0,1.0,0.265625,2.0,2,45.0,261,0.0,0.257424,8,0.010417,True,0.029633,0.087725,12th Gen Intel(R) Core(TM) i7-1255U,12,15.68,Windows-10-10.0.26200-SP0,3.11.15,2.4.6,1.17.1,4.12.2,0.48.4,5.0.0,2.13.0+cpu,fd20710,10,False,,"(9, 6, 2)",2026-08-27T19:59:30+00:00
a8_rigging_quality,401,0,winged_slab,winged,1,1,5,386,15.0,0.0,0.0,1.0,0.265625,2.0,2,90.0,261,0.0,0.475657,15,0.019531,True,0.029633,0.087725,12th Gen Intel(R) Core(TM) i7-1255U,12,15.68,Windows-10-10.0.26200-SP0,3.11.15,2.4.6,1.17.1,4.12.2,0.48.4,5.0.0,2.13.0+cpu,fd20710,10,False,,"(9, 6, 2)",2026-08-27T19:59:30+00:00
a8_rigging_quality,402,0,winged_slab,winged,1,1,5,386,30.0,0.0,0.0,1.0,0.265625,2.0,2,15.0,261,0.0,0.087803,2,0.002604,True,0.057246,0.169472,12th Gen Intel(R) Core(TM) i7-1255U,12,15.68,Windows-10-10.0.26200-SP0,3.11.15,2.4.6,1.17.1,4.12.2,0.48.4,5.0.0,2.13.0+cpu,fd20710,10,False,,"(9, 6, 2)",2026-08-27T19:59:30+00:00
a8_rigging_quality,403,0,winged_slab,winged,1,1,5,386,30.0,0.0,0.0,1.0,0.265625,2.0,2,45.0,261,0.0,0.257424,8,0.010417,True,0.057246,0.169472,12th Gen Intel(R) Core(TM) i7-1255U,12,15.68,Windows-10-10.0.26200-SP0,3.11.15,2.4.6,1.17.1,4.12.2,0.48.4,5.0.0,2.13.0+cpu,fd20710,10,False,,"(9, 6, 2)",2026-08-27T19:59:30+00:00
a8_rigging_quality,404,0,winged_slab,winged,1,1,5,386,30.0,0.0,0.0,1.0,0.265625,2.0,2,90.0,261,0.0,0.475657,15,0.019531,True,0.057246,0.169472,12th Gen Intel(R) Core(TM) i7-1255U,12,15.68,Windows-10-10.0.26200-SP0,3.11.15,2.4.6,1.17.1,4.12.2,0.48.4,5.0.0,2.13.0+cpu,fd20710,10,False,,"(9, 6, 2)",2026-08-27T19:59:30+00:00
a8_rigging_quality,405,0,winged_slab,winged,2,2,5,386,0.0,0.0,0.0,2.0,0.273056,1.023853,0,15.0,145,0.0,0.043901,0,0.0,True,0.0,0.0,12th Gen Intel(R) Core(TM) i7-1255U,12,15.68,Windows-10-10.0.26200-SP0,3.11.15,2.4.6,1.17.1,4.12.2,0.48.4,5.0.0,2.13.0+cpu,fd20710,10,False,,"(9, 6, 2)",2026-08-27T19:59:30+00:00
a8_rigging_quality,406,0,winged_slab,winged,2,2,5,386,0.0,0.0,0.0,2.0,0.273056,1.023853,0,45.0,145,0.0,0.128712,11,0.014323,True,0.0,0.0,12th Gen Intel(R) Core(TM) i7-1255U,12,15.68,Windows-10-10.0.26200-SP0,3.11.15,2.4.6,1.17.1,4.12.2,0.48.4,5.0.0,2.13.0+cpu,fd20710,10,False,,"(9, 6, 2)",2026-08-27T19:59:30+00:00
a8_rigging_quality,407,0,winged_slab,winged,2,2,5,386,0.0,0.0,0.0,2.0,0.273056,1.023853,0,90.0,145,0.0,0.237829,15,0.019531,True,0.0,0.0,12th Gen Intel(R) Core(TM) i7-1255U,12,15.68,Windows-10-10.0.26200-SP0,3.11.15,2.4.6,1.17.1,4.12.2,0.48.4,5.0.0,2.13.0+cpu,fd20710,10,False,,"(9, 6, 2)",2026-08-27T19:59:30+00:00
a8_rigging_quality,408,0,winged_slab,winged,2,2,5,386,15.0,0.0,0.0,2.0,0.273056,1.023853,0,15.0,145,0.0,0.043901,0,0.0,True,0.029633,0.087725,12th Gen Intel(R) Core(TM) i7-1255U,12,15.68,Windows-10-10.0.26200-SP0,3.11.15,2.4.6,1.17.1,4.12.2,0.48.4,5.0.0,2.13.0+cpu,fd20710,10,False,,"(9, 6, 2)",2026-08-27T19:59:30+00:00
a8_rigging_quality,409,0,winged_slab,winged,2,2,5,386,15.0,0.0,0.0,2.0,0.273056,1.023853,0,45.0,145,0.0,0.128712,11,0.014323,True,0.029633,0.087725,12th Gen Intel(R) Core(TM) i7-1255U,12,15.68,Windows-10-10.0.26200-SP0,3.11.15,2.4.6,1.17.1,4.12.2,0.48.4,5.0.0,2.13.0+cpu,fd20710,10,False,,"(9, 6, 2)",2026-08-27T19:59:30+00:00
a8_rigging_quality,410,0,winged_slab,winged,2,2,5,386,15.0,0.0,0.0,2.0,0.273056,1.023853,0,90.0,145,0.0,0.237829,15,0.019531,True,0.029633,0.087725,12th Gen Intel(R) Core(TM) i7-1255U,12,15.68,Windows-10-10.0.26200-SP0,3.11.15,2.4.6,1.17.1,4.12.2,0.48.4,5.0.0,2.13.0+cpu,fd20710,10,False,,"(9, 6, 2)",2026-08-27T19:59:30+00:00
a8_rigging_quality,411,0,winged_slab,winged,2,2,5,386,30.0,0.0,0.0,2.0,0.273056,1.023853,0,15.0,145,0.0,0.043901,0,0.0,True,0.057246,0.169472,12th Gen Intel(R) Core(TM) i7-1255U,12,15.68,Windows-10-10.0.26200-SP0,3.11.15,2.4.6,1.17.1,4.12.2,0.48.4,5.0.0,2.13.0+cpu,fd20710,10,False,,"(9, 6, 2)",2026-08-27T19:59:30+00:00
a8_rigging_quality,412,0,winged_slab,winged,2,2,5,386,30.0,0.0,0.0,2.0,0.273056,1.023853,0,45.0,145,0.0,0.128712,11,0.014323,True,0.057246,0.169472,12th Gen Intel(R) Core(TM) i7-1255U,12,15.68,Windows-10-10.0.26200-SP0,3.11.15,2.4.6,1.17.1,4.12.2,0.48.4,5.0.0,2.13.0+cpu,fd20710,10,False,,"(9, 6, 2)",2026-08-27T19:59:30+00:00
a8_rigging_quality,413,0,winged_slab,winged,2,2,5,386,30.0,0.0,0.0,2.0,0.273056,1.023853,0,90.0,145,0.0,0.237829,15,0.019531,True,0.057246,0.169472,12th Gen Intel(R) Core(TM) i7-1255U,12,15.68,Windows-10-10.0.26200-SP0,3.11.15,2.4.6,1.17.1,4.12.2,0.48.4,5.0.0,2.13.0+cpu,fd20710,10,False,,"(9, 6, 2)",2026-08-27T19:59:30+00:00
a8_rigging_quality,414,0,winged_slab,winged,4,4,5,386,0.0,0.0,0.0,4.0,0.190976,0.454917,0,15.0,0,0.0,0.027718,0,0.0,True,0.0,0.0,12th Gen Intel(R) Core(TM) i7-1255U,12,15.68,Windows-10-10.0.26200-SP0,3.11.15,2.4.6,1.17.1,4.12.2,0.48.4,5.0.0,2.13.0+cpu,fd20710,10,False,,"(9, 6, 2)",2026-08-27T19:59:30+00:00
a8_rigging_quality,415,0,winged_slab,winged,4,4,5,386,0.0,0.0,0.0,4.0,0.190976,0.454917,0,45.0,0,0.0,0.081265,0,0.0,True,0.0,0.0,12th Gen Intel(R) Core(TM) i7-1255U,12,15.68,Windows-10-10.0.26200-SP0,3.11.15,2.4.6,1.17.1,4.12.2,0.48.4,5.0.0,2.13.0+cpu,fd20710,10,False,,"(9, 6, 2)",2026-08-27T19:59:30+00:00
a8_rigging_quality,416,0,winged_slab,winged,4,4,5,386,0.0,0.0,0.0,4.0,0.190976,0.454917,0,90.0,0,0.0,0.150157,0,0.0,True,0.0,0.0,12th Gen Intel(R) Core(TM) i7-1255U,12,15.68,Windows-10-10.0.26200-SP0,3.11.15,2.4.6,1.17.1,4.12.2,0.48.4,5.0.0,2.13.0+cpu,fd20710,10,False,,"(9, 6, 2)",2026-08-27T19:59:30+00:00
a8_rigging_quality,417,0,winged_slab,winged,4,4,5,386,15.0,0.0,0.0,4.0,0.190976,0.454917,0,15.0,0,0.0,0.027718,0,0.0,True,0.029633,0.087725,12th Gen Intel(R) Core(TM) i7-1255U,12,15.68,Windows-10-10.0.26200-SP0,3.11.15,2.4.6,1.17.1,4.12.2,0.48.4,5.0.0,2.13.0+cpu,fd20710,10,False,,"(9, 6, 2)",2026-08-27T19:59:30+00:00
a8_rigging_quality,418,0,winged_slab,winged,4,4,5,386,15.0,0.0,0.0,4.0,0.190976,0.454917,0,45.0,0,0.0,0.081265,0,0.0,True,0.029633,0.087725,12th Gen Intel(R) Core(TM) i7-1255U,12,15.68,Windows-10-10.0.26200-SP0,3.11.15,2.4.6,1.17.1,4.12.2,0.48.4,5.0.0,2.13.0+cpu,fd20710,10,False,,"(9, 6, 2)",2026-08-27T19:59:30+00:00
a8_rigging_quality,419,0,winged_slab,winged,4,4,5,386,15.0,0.0,0.0,4.0,0.190976,0.454917,0,90.0,0,0.0,0.150157,0,0.0,True,0.029633,0.087725,12th Gen Intel(R) Core(TM) i7-1255U,12,15.68,Windows-10-10.0.26200-SP0,3.11.15,2.4.6,1.17.1,4.12.2,0.48.4,5.0.0,2.13.0+cpu,fd20710,10,False,,"(9, 6, 2)",2026-08-27T19:59:30+00:00
a8_rigging_quality,420,0,winged_slab,winged,4,4,5,386,30.0,0.0,0.0,4.0,0.190976,0.454917,0,15.0,0,0.0,0.027718,0,0.0,True,0.057246,0.169472,12th Gen Intel(R) Core(TM) i7-1255U,12,15.68,Windows-10-10.0.26200-SP0,3.11.15,2.4.6,1.17.1,4.12.2,0.48.4,5.0.0,2.13.0+cpu,fd20710,10,False,,"(9, 6, 2)",2026-08-27T19:59:30+00:00
a8_rigging_quality,421,0,winged_slab,winged,4,4,5,386,30.0,0.0,0.0,4.0,0.190976,0.454917,0,45.0,0,0.0,0.081265,0,0.0,True,0.057246,0.169472,12th Gen Intel(R) Core(TM) i7-1255U,12,15.68,Windows-10-10.0.26200-SP0,3.11.15,2.4.6,1.17.1,4.12.2,0.48.4,5.0.0,2.13.0+cpu,fd20710,10,False,,"(9, 6, 2)",2026-08-27T19:59:30+00:00
a8_rigging_quality,422,0,winged_slab,winged,4,4,5,386,30.0,0.0,0.0,4.0,0.190976,0.454917,0,90.0,0,0.0,0.150157,0,0.0,True,0.057246,0.169472,12th Gen Intel(R) Core(TM) i7-1255U,12,15.68,Windows-10-10.0.26200-SP0,3.11.15,2.4.6,1.17.1,4.12.2,0.48.4,5.0.0,2.13.0+cpu,fd20710,10,False,,"(9, 6, 2)",2026-08-27T19:59:30+00:00
a8_rigging_quality,423,0,winged_slab,winged,8,5,5,386,0.0,0.0,0.0,5.0,0.179811,0.414981,0,15.0,0,0.0,0.025105,0,0.0,True,0.0,0.0,12th Gen Intel(R) Core(TM) i7-1255U,12,15.68,Windows-10-10.0.26200-SP0,3.11.15,2.4.6,1.17.1,4.12.2,0.48.4,5.0.0,2.13.0+cpu,fd20710,10,False,,"(9, 6, 2)",2026-08-27T19:59:30+00:00
a8_rigging_quality,424,0,winged_slab,winged,8,5,5,386,0.0,0.0,0.0,5.0,0.179811,0.414981,0,45.0,0,0.0,0.073605,0,0.0,True,0.0,0.0,12th Gen Intel(R) Core(TM) i7-1255U,12,15.68,Windows-10-10.0.26200-SP0,3.11.15,2.4.6,1.17.1,4.12.2,0.48.4,5.0.0,2.13.0+cpu,fd20710,10,False,,"(9, 6, 2)",2026-08-27T19:59:30+00:00
a8_rigging_quality,425,0,winged_slab,winged,8,5,5,386,0.0,0.0,0.0,5.0,0.179811,0.414981,0,90.0,0,0.0,0.136004,0,0.0,True,0.0,0.0,12th Gen Intel(R) Core(TM) i7-1255U,12,15.68,Windows-10-10.0.26200-SP0,3.11.15,2.4.6,1.17.1,4.12.2,0.48.4,5.0.0,2.13.0+cpu,fd20710,10,False,,"(9, 6, 2)",2026-08-27T19:59:30+00:00
a8_rigging_quality,426,0,winged_slab,winged,8,5,5,386,15.0,0.0,0.0,5.0,0.179811,0.414981,0,15.0,0,0.0,0.025105,0,0.0,True,0.029633,0.087725,12th Gen Intel(R) Core(TM) i7-1255U,12,15.68,Windows-10-10.0.26200-SP0,3.11.15,2.4.6,1.17.1,4.12.2,0.48.4,5.0.0,2.13.0+cpu,fd20710,10,False,,"(9, 6, 2)",2026-08-27T19:59:30+00:00
a8_rigging_quality,427,0,winged_slab,winged,8,5,5,386,15.0,0.0,0.0,5.0,0.179811,0.414981,0,45.0,0,0.0,0.073605,0,0.0,True,0.029633,0.087725,12th Gen Intel(R) Core(TM) i7-1255U,12,15.68,Windows-10-10.0.26200-SP0,3.11.15,2.4.6,1.17.1,4.12.2,0.48.4,5.0.0,2.13.0+cpu,fd20710,10,False,,"(9, 6, 2)",2026-08-27T19:59:30+00:00
a8_rigging_quality,428,0,winged_slab,winged,8,5,5,386,15.0,0.0,0.0,5.0,0.179811,0.414981,0,90.0,0,0.0,0.136004,0,0.0,True,0.029633,0.087725,12th Gen Intel(R) Core(TM) i7-1255U,12,15.68,Windows-10-10.0.26200-SP0,3.11.15,2.4.6,1.17.1,4.12.2,0.48.4,5.0.0,2.13.0+cpu,fd20710,10,False,,"(9, 6, 2)",2026-08-27T19:59:30+00:00
a8_rigging_quality,429,0,winged_slab,winged,8,5,5,386,30.0,0.0,0.0,5.0,0.179811,0.414981,0,15.0,0,0.0,0.025105,0,0.0,True,0.057246,0.169472,12th Gen Intel(R) Core(TM) i7-1255U,12,15.68,Windows-10-10.0.26200-SP0,3.11.15,2.4.6,1.17.1,4.12.2,0.48.4,5.0.0,2.13.0+cpu,fd20710,10,False,,"(9, 6, 2)",2026-08-27T19:59:30+00:00
a8_rigging_quality,430,0,winged_slab,winged,8,5,5,386,30.0,0.0,0.0,5.0,0.179811,0.414981,0,45.0,0,0.0,0.073605,0,0.0,True,0.057246,0.169472,12th Gen Intel(R) Core(TM) i7-1255U,12,15.68,Windows-10-10.0.26200-SP0,3.11.15,2.4.6,1.17.1,4.12.2,0.48.4,5.0.0,2.13.0+cpu,fd20710,10,False,,"(9, 6, 2)",2026-08-27T19:59:30+00:00
a8_rigging_quality,431,0,winged_slab,winged,8,5,5,386,30.0,0.0,0.0,5.0,0.179811,0.414981,0,90.0,0,0.0,0.136004,0,0.0,True,0.057246,0.169472,12th Gen Intel(R) Core(TM) i7-1255U,12,15.68,Windows-10-10.0.26200-SP0,3.11.15,2.4.6,1.17.1,4.12.2,0.48.4,5.0.0,2.13.0+cpu,fd20710,10,False,,"(9, 6, 2)",2026-08-27T19:59:30+00:00
a8_rigging_quality,432,0,pointmap_sheet,static,1,1,1,16384,0.0,0.0,0.0,1.0,0.0,0.0,-1,15.0,0,0.0,0.0,0,0.0,False,0.0,0.0,12th Gen Intel(R) Core(TM) i7-1255U,12,15.68,Windows-10-10.0.26200-SP0,3.11.15,2.4.6,1.17.1,4.12.2,0.48.4,5.0.0,2.13.0+cpu,fd20710,10,False,,"(9, 6, 2)",2026-08-27T19:59:30+00:00
a8_rigging_quality,433,0,pointmap_sheet,static,1,1,1,16384,0.0,0.0,0.0,1.0,0.0,0.0,-1,45.0,0,0.0,0.0,0,0.0,False,0.0,0.0,12th Gen Intel(R) Core(TM) i7-1255U,12,15.68,Windows-10-10.0.26200-SP0,3.11.15,2.4.6,1.17.1,4.12.2,0.48.4,5.0.0,2.13.0+cpu,fd20710,10,False,,"(9, 6, 2)",2026-08-27T19:59:30+00:00
a8_rigging_quality,434,0,pointmap_sheet,static,1,1,1,16384,0.0,0.0,0.0,1.0,0.0,0.0,-1,90.0,0,0.0,0.0,0,0.0,False,0.0,0.0,12th Gen Intel(R) Core(TM) i7-1255U,12,15.68,Windows-10-10.0.26200-SP0,3.11.15,2.4.6,1.17.1,4.12.2,0.48.4,5.0.0,2.13.0+cpu,fd20710,10,False,,"(9, 6, 2)",2026-08-27T19:59:30+00:00
a8_rigging_quality,435,0,pointmap_sheet,static,1,1,1,16384,15.0,0.0,0.0,1.0,0.0,0.0,-1,15.0,0,0.0,0.0,0,0.0,False,0.0,0.0,12th Gen Intel(R) Core(TM) i7-1255U,12,15.68,Windows-10-10.0.26200-SP0,3.11.15,2.4.6,1.17.1,4.12.2,0.48.4,5.0.0,2.13.0+cpu,fd20710,10,False,,"(9, 6, 2)",2026-08-27T19:59:30+00:00
a8_rigging_quality,436,0,pointmap_sheet,static,1,1,1,16384,15.0,0.0,0.0,1.0,0.0,0.0,-1,45.0,0,0.0,0.0,0,0.0,False,0.0,0.0,12th Gen Intel(R) Core(TM) i7-1255U,12,15.68,Windows-10-10.0.26200-SP0,3.11.15,2.4.6,1.17.1,4.12.2,0.48.4,5.0.0,2.13.0+cpu,fd20710,10,False,,"(9, 6, 2)",2026-08-27T19:59:30+00:00
a8_rigging_quality,437,0,pointmap_sheet,static,1,1,1,16384,15.0,0.0,0.0,1.0,0.0,0.0,-1,90.0,0,0.0,0.0,0,0.0,False,0.0,0.0,12th Gen Intel(R) Core(TM) i7-1255U,12,15.68,Windows-10-10.0.26200-SP0,3.11.15,2.4.6,1.17.1,4.12.2,0.48.4,5.0.0,2.13.0+cpu,fd20710,10,False,,"(9, 6, 2)",2026-08-27T19:59:30+00:00
a8_rigging_quality,438,0,pointmap_sheet,static,1,1,1,16384,30.0,0.0,0.0,1.0,0.0,0.0,-1,15.0,0,0.0,0.0,0,0.0,False,0.0,0.0,12th Gen Intel(R) Core(TM) i7-1255U,12,15.68,Windows-10-10.0.26200-SP0,3.11.15,2.4.6,1.17.1,4.12.2,0.48.4,5.0.0,2.13.0+cpu,fd20710,10,False,,"(9, 6, 2)",2026-08-27T19:59:30+00:00
a8_rigging_quality,439,0,pointmap_sheet,static,1,1,1,16384,30.0,0.0,0.0,1.0,0.0,0.0,-1,45.0,0,0.0,0.0,0,0.0,False,0.0,0.0,12th Gen Intel(R) Core(TM) i7-1255U,12,15.68,Windows-10-10.0.26200-SP0,3.11.15,2.4.6,1.17.1,4.12.2,0.48.4,5.0.0,2.13.0+cpu,fd20710,10,False,,"(9, 6, 2)",2026-08-27T19:59:30+00:00
a8_rigging_quality,440,0,pointmap_sheet,static,1,1,1,16384,30.0,0.0,0.0,1.0,0.0,0.0,-1,90.0,0,0.0,0.0,0,0.0,False,0.0,0.0,12th Gen Intel(R) Core(TM) i7-1255U,12,15.68,Windows-10-10.0.26200-SP0,3.11.15,2.4.6,1.17.1,4.12.2,0.48.4,5.0.0,2.13.0+cpu,fd20710,10,False,,"(9, 6, 2)",2026-08-27T19:59:30+00:00
a8_rigging_quality,441,0,pointmap_sheet,static,2,1,1,16384,0.0,0.0,0.0,1.0,0.0,0.0,-1,15.0,0,0.0,0.0,0,0.0,False,0.0,0.0,12th Gen Intel(R) Core(TM) i7-1255U,12,15.68,Windows-10-10.0.26200-SP0,3.11.15,2.4.6,1.17.1,4.12.2,0.48.4,5.0.0,2.13.0+cpu,fd20710,10,False,,"(9, 6, 2)",2026-08-27T19:59:30+00:00
a8_rigging_quality,442,0,pointmap_sheet,static,2,1,1,16384,0.0,0.0,0.0,1.0,0.0,0.0,-1,45.0,0,0.0,0.0,0,0.0,False,0.0,0.0,12th Gen Intel(R) Core(TM) i7-1255U,12,15.68,Windows-10-10.0.26200-SP0,3.11.15,2.4.6,1.17.1,4.12.2,0.48.4,5.0.0,2.13.0+cpu,fd20710,10,False,,"(9, 6, 2)",2026-08-27T19:59:30+00:00
a8_rigging_quality,443,0,pointmap_sheet,static,2,1,1,16384,0.0,0.0,0.0,1.0,0.0,0.0,-1,90.0,0,0.0,0.0,0,0.0,False,0.0,0.0,12th Gen Intel(R) Core(TM) i7-1255U,12,15.68,Windows-10-10.0.26200-SP0,3.11.15,2.4.6,1.17.1,4.12.2,0.48.4,5.0.0,2.13.0+cpu,fd20710,10,False,,"(9, 6, 2)",2026-08-27T19:59:30+00:00
a8_rigging_quality,444,0,pointmap_sheet,static,2,1,1,16384,15.0,0.0,0.0,1.0,0.0,0.0,-1,15.0,0,0.0,0.0,0,0.0,False,0.0,0.0,12th Gen Intel(R) Core(TM) i7-1255U,12,15.68,Windows-10-10.0.26200-SP0,3.11.15,2.4.6,1.17.1,4.12.2,0.48.4,5.0.0,2.13.0+cpu,fd20710,10,False,,"(9, 6, 2)",2026-08-27T19:59:30+00:00
a8_rigging_quality,445,0,pointmap_sheet,static,2,1,1,16384,15.0,0.0,0.0,1.0,0.0,0.0,-1,45.0,0,0.0,0.0,0,0.0,False,0.0,0.0,12th Gen Intel(R) Core(TM) i7-1255U,12,15.68,Windows-10-10.0.26200-SP0,3.11.15,2.4.6,1.17.1,4.12.2,0.48.4,5.0.0,2.13.0+cpu,fd20710,10,False,,"(9, 6, 2)",2026-08-27T19:59:30+00:00
a8_rigging_quality,446,0,pointmap_sheet,static,2,1,1,16384,15.0,0.0,0.0,1.0,0.0,0.0,-1,90.0,0,0.0,0.0,0,0.0,False,0.0,0.0,12th Gen Intel(R) Core(TM) i7-1255U,12,15.68,Windows-10-10.0.26200-SP0,3.11.15,2.4.6,1.17.1,4.12.2,0.48.4,5.0.0,2.13.0+cpu,fd20710,10,False,,"(9, 6, 2)",2026-08-27T19:59:30+00:00
a8_rigging_quality,447,0,pointmap_sheet,static,2,1,1,16384,30.0,0.0,0.0,1.0,0.0,0.0,-1,15.0,0,0.0,0.0,0,0.0,False,0.0,0.0,12th Gen Intel(R) Core(TM) i7-1255U,12,15.68,Windows-10-10.0.26200-SP0,3.11.15,2.4.6,1.17.1,4.12.2,0.48.4,5.0.0,2.13.0+cpu,fd20710,10,False,,"(9, 6, 2)",2026-08-27T19:59:30+00:00
a8_rigging_quality,448,0,pointmap_sheet,static,2,1,1,16384,30.0,0.0,0.0,1.0,0.0,0.0,-1,45.0,0,0.0,0.0,0,0.0,False,0.0,0.0,12th Gen Intel(R) Core(TM) i7-1255U,12,15.68,Windows-10-10.0.26200-SP0,3.11.15,2.4.6,1.17.1,4.12.2,0.48.4,5.0.0,2.13.0+cpu,fd20710,10,False,,"(9, 6, 2)",2026-08-27T19:59:30+00:00
a8_rigging_quality,449,0,pointmap_sheet,static,2,1,1,16384,30.0,0.0,0.0,1.0,0.0,0.0,-1,90.0,0,0.0,0.0,0,0.0,False,0.0,0.0,12th Gen Intel(R) Core(TM) i7-1255U,12,15.68,Windows-10-10.0.26200-SP0,3.11.15,2.4.6,1.17.1,4.12.2,0.48.4,5.0.0,2.13.0+cpu,fd20710,10,False,,"(9, 6, 2)",2026-08-27T19:59:30+00:00
a8_rigging_quality,450,0,pointmap_sheet,static,4,1,1,16384,0.0,0.0,0.0,1.0,0.0,0.0,-1,15.0,0,0.0,0.0,0,0.0,False,0.0,0.0,12th Gen Intel(R) Core(TM) i7-1255U,12,15.68,Windows-10-10.0.26200-SP0,3.11.15,2.4.6,1.17.1,4.12.2,0.48.4,5.0.0,2.13.0+cpu,fd20710,10,False,,"(9, 6, 2)",2026-08-27T19:59:30+00:00
a8_rigging_quality,451,0,pointmap_sheet,static,4,1,1,16384,0.0,0.0,0.0,1.0,0.0,0.0,-1,45.0,0,0.0,0.0,0,0.0,False,0.0,0.0,12th Gen Intel(R) Core(TM) i7-1255U,12,15.68,Windows-10-10.0.26200-SP0,3.11.15,2.4.6,1.17.1,4.12.2,0.48.4,5.0.0,2.13.0+cpu,fd20710,10,False,,"(9, 6, 2)",2026-08-27T19:59:30+00:00
a8_rigging_quality,452,0,pointmap_sheet,static,4,1,1,16384,0.0,0.0,0.0,1.0,0.0,0.0,-1,90.0,0,0.0,0.0,0,0.0,False,0.0,0.0,12th Gen Intel(R) Core(TM) i7-1255U,12,15.68,Windows-10-10.0.26200-SP0,3.11.15,2.4.6,1.17.1,4.12.2,0.48.4,5.0.0,2.13.0+cpu,fd20710,10,False,,"(9, 6, 2)",2026-08-27T19:59:30+00:00
a8_rigging_quality,453,0,pointmap_sheet,static,4,1,1,16384,15.0,0.0,0.0,1.0,0.0,0.0,-1,15.0,0,0.0,0.0,0,0.0,False,0.0,0.0,12th Gen Intel(R) Core(TM) i7-1255U,12,15.68,Windows-10-10.0.26200-SP0,3.11.15,2.4.6,1.17.1,4.12.2,0.48.4,5.0.0,2.13.0+cpu,fd20710,10,False,,"(9, 6, 2)",2026-08-27T19:59:30+00:00
a8_rigging_quality,454,0,pointmap_sheet,static,4,1,1,16384,15.0,0.0,0.0,1.0,0.0,0.0,-1,45.0,0,0.0,0.0,0,0.0,False,0.0,0.0,12th Gen Intel(R) Core(TM) i7-1255U,12,15.68,Windows-10-10.0.26200-SP0,3.11.15,2.4.6,1.17.1,4.12.2,0.48.4,5.0.0,2.13.0+cpu,fd20710,10,False,,"(9, 6, 2)",2026-08-27T19:59:30+00:00
a8_rigging_quality,455,0,pointmap_sheet,static,4,1,1,16384,15.0,0.0,0.0,1.0,0.0,0.0,-1,90.0,0,0.0,0.0,0,0.0,False,0.0,0.0,12th Gen Intel(R) Core(TM) i7-1255U,12,15.68,Windows-10-10.0.26200-SP0,3.11.15,2.4.6,1.17.1,4.12.2,0.48.4,5.0.0,2.13.0+cpu,fd20710,10,False,,"(9, 6, 2)",2026-08-27T19:59:30+00:00
a8_rigging_quality,456,0,pointmap_sheet,static,4,1,1,16384,30.0,0.0,0.0,1.0,0.0,0.0,-1,15.0,0,0.0,0.0,0,0.0,False,0.0,0.0,12th Gen Intel(R) Core(TM) i7-1255U,12,15.68,Windows-10-10.0.26200-SP0,3.11.15,2.4.6,1.17.1,4.12.2,0.48.4,5.0.0,2.13.0+cpu,fd20710,10,False,,"(9, 6, 2)",2026-08-27T19:59:30+00:00
a8_rigging_quality,457,0,pointmap_sheet,static,4,1,1,16384,30.0,0.0,0.0,1.0,0.0,0.0,-1,45.0,0,0.0,0.0,0,0.0,False,0.0,0.0,12th Gen Intel(R) Core(TM) i7-1255U,12,15.68,Windows-10-10.0.26200-SP0,3.11.15,2.4.6,1.17.1,4.12.2,0.48.4,5.0.0,2.13.0+cpu,fd20710,10,False,,"(9, 6, 2)",2026-08-27T19:59:30+00:00
a8_rigging_quality,458,0,pointmap_sheet,static,4,1,1,16384,30.0,0.0,0.0,1.0,0.0,0.0,-1,90.0,0,0.0,0.0,0,0.0,False,0.0,0.0,12th Gen Intel(R) Core(TM) i7-1255U,12,15.68,Windows-10-10.0.26200-SP0,3.11.15,2.4.6,1.17.1,4.12.2,0.48.4,5.0.0,2.13.0+cpu,fd20710,10,False,,"(9, 6, 2)",2026-08-27T19:59:30+00:00
a8_rigging_quality,459,0,pointmap_sheet,static,8,1,1,16384,0.0,0.0,0.0,1.0,0.0,0.0,-1,15.0,0,0.0,0.0,0,0.0,False,0.0,0.0,12th Gen Intel(R) Core(TM) i7-1255U,12,15.68,Windows-10-10.0.26200-SP0,3.11.15,2.4.6,1.17.1,4.12.2,0.48.4,5.0.0,2.13.0+cpu,fd20710,10,False,,"(9, 6, 2)",2026-08-27T19:59:30+00:00
a8_rigging_quality,460,0,pointmap_sheet,static,8,1,1,16384,0.0,0.0,0.0,1.0,0.0,0.0,-1,45.0,0,0.0,0.0,0,0.0,False,0.0,0.0,12th Gen Intel(R) Core(TM) i7-1255U,12,15.68,Windows-10-10.0.26200-SP0,3.11.15,2.4.6,1.17.1,4.12.2,0.48.4,5.0.0,2.13.0+cpu,fd20710,10,False,,"(9, 6, 2)",2026-08-27T19:59:30+00:00
a8_rigging_quality,461,0,pointmap_sheet,static,8,1,1,16384,0.0,0.0,0.0,1.0,0.0,0.0,-1,90.0,0,0.0,0.0,0,0.0,False,0.0,0.0,12th Gen Intel(R) Core(TM) i7-1255U,12,15.68,Windows-10-10.0.26200-SP0,3.11.15,2.4.6,1.17.1,4.12.2,0.48.4,5.0.0,2.13.0+cpu,fd20710,10,False,,"(9, 6, 2)",2026-08-27T19:59:30+00:00
a8_rigging_quality,462,0,pointmap_sheet,static,8,1,1,16384,15.0,0.0,0.0,1.0,0.0,0.0,-1,15.0,0,0.0,0.0,0,0.0,False,0.0,0.0,12th Gen Intel(R) Core(TM) i7-1255U,12,15.68,Windows-10-10.0.26200-SP0,3.11.15,2.4.6,1.17.1,4.12.2,0.48.4,5.0.0,2.13.0+cpu,fd20710,10,False,,"(9, 6, 2)",2026-08-27T19:59:30+00:00
a8_rigging_quality,463,0,pointmap_sheet,static,8,1,1,16384,15.0,0.0,0.0,1.0,0.0,0.0,-1,45.0,0,0.0,0.0,0,0.0,False,0.0,0.0,12th Gen Intel(R) Core(TM) i7-1255U,12,15.68,Windows-10-10.0.26200-SP0,3.11.15,2.4.6,1.17.1,4.12.2,0.48.4,5.0.0,2.13.0+cpu,fd20710,10,False,,"(9, 6, 2)",2026-08-27T19:59:30+00:00
a8_rigging_quality,464,0,pointmap_sheet,static,8,1,1,16384,15.0,0.0,0.0,1.0,0.0,0.0,-1,90.0,0,0.0,0.0,0,0.0,False,0.0,0.0,12th Gen Intel(R) Core(TM) i7-1255U,12,15.68,Windows-10-10.0.26200-SP0,3.11.15,2.4.6,1.17.1,4.12.2,0.48.4,5.0.0,2.13.0+cpu,fd20710,10,False,,"(9, 6, 2)",2026-08-27T19:59:30+00:00
a8_rigging_quality,465,0,pointmap_sheet,static,8,1,1,16384,30.0,0.0,0.0,1.0,0.0,0.0,-1,15.0,0,0.0,0.0,0,0.0,False,0.0,0.0,12th Gen Intel(R) Core(TM) i7-1255U,12,15.68,Windows-10-10.0.26200-SP0,3.11.15,2.4.6,1.17.1,4.12.2,0.48.4,5.0.0,2.13.0+cpu,fd20710,10,False,,"(9, 6, 2)",2026-08-27T19:59:30+00:00
a8_rigging_quality,466,0,pointmap_sheet,static,8,1,1,16384,30.0,0.0,0.0,1.0,0.0,0.0,-1,45.0,0,0.0,0.0,0,0.0,False,0.0,0.0,12th Gen Intel(R) Core(TM) i7-1255U,12,15.68,Windows-10-10.0.26200-SP0,3.11.15,2.4.6,1.17.1,4.12.2,0.48.4,5.0.0,2.13.0+cpu,fd20710,10,False,,"(9, 6, 2)",2026-08-27T19:59:30+00:00
a8_rigging_quality,467,0,pointmap_sheet,static,8,1,1,16384,30.0,0.0,0.0,1.0,0.0,0.0,-1,90.0,0,0.0,0.0,0,0.0,False,0.0,0.0,12th Gen Intel(R) Core(TM) i7-1255U,12,15.68,Windows-10-10.0.26200-SP0,3.11.15,2.4.6,1.17.1,4.12.2,0.48.4,5.0.0,2.13.0+cpu,fd20710,10,False,,"(9, 6, 2)",2026-08-27T19:59:30+00:00
a8_rigging_quality,468,0,pointmap_sheet,biped,1,1,7,16384,0.0,0.0,0.0,1.0,0.038445,0.0,3,15.0,13046,0.0,0.05783,13,0.000403,False,0.0,0.0,12th Gen Intel(R) Core(TM) i7-1255U,12,15.68,Windows-10-10.0.26200-SP0,3.11.15,2.4.6,1.17.1,4.12.2,0.48.4,5.0.0,2.13.0+cpu,fd20710,10,False,,"(9, 6, 2)",2026-08-27T19:59:30+00:00
a8_rigging_quality,469,0,pointmap_sheet,biped,1,1,7,16384,0.0,0.0,0.0,1.0,0.038445,0.0,3,45.0,13046,0.0,0.169548,47,0.001457,False,0.0,0.0,12th Gen Intel(R) Core(TM) i7-1255U,12,15.68,Windows-10-10.0.26200-SP0,3.11.15,2.4.6,1.17.1,4.12.2,0.48.4,5.0.0,2.13.0+cpu,fd20710,10,False,,"(9, 6, 2)",2026-08-27T19:59:30+00:00
a8_rigging_quality,470,0,pointmap_sheet,biped,1,1,7,16384,0.0,0.0,0.0,1.0,0.038445,0.0,3,90.0,13046,0.0,0.313283,56,0.001736,False,0.0,0.0,12th Gen Intel(R) Core(TM) i7-1255U,12,15.68,Windows-10-10.0.26200-SP0,3.11.15,2.4.6,1.17.1,4.12.2,0.48.4,5.0.0,2.13.0+cpu,fd20710,10,False,,"(9, 6, 2)",2026-08-27T19:59:30+00:00
a8_rigging_quality,471,0,pointmap_sheet,biped,1,1,7,16384,15.0,0.0,0.0,1.0,0.038445,0.0,3,15.0,13046,0.0,0.05783,13,0.000403,False,0.068836,0.129531,12th Gen Intel(R) Core(TM) i7-1255U,12,15.68,Windows-10-10.0.26200-SP0,3.11.15,2.4.6,1.17.1,4.12.2,0.48.4,5.0.0,2.13.0+cpu,fd20710,10,False,,"(9, 6, 2)",2026-08-27T19:59:30+00:00
a8_rigging_quality,472,0,pointmap_sheet,biped,1,1,7,16384,15.0,0.0,0.0,1.0,0.038445,0.0,3,45.0,13046,0.0,0.169548,47,0.001457,False,0.068836,0.129531,12th Gen Intel(R) Core(TM) i7-1255U,12,15.68,Windows-10-10.0.26200-SP0,3.11.15,2.4.6,1.17.1,4.12.2,0.48.4,5.0.0,2.13.0+cpu,fd20710,10,False,,"(9, 6, 2)",2026-08-27T19:59:30+00:00
a8_rigging_quality,473,0,pointmap_sheet,biped,1,1,7,16384,15.0,0.0,0.0,1.0,0.038445,0.0,3,90.0,13046,0.0,0.313283,56,0.001736,False,0.068836,0.129531,12th Gen Intel(R) Core(TM) i7-1255U,12,15.68,Windows-10-10.0.26200-SP0,3.11.15,2.4.6,1.17.1,4.12.2,0.48.4,5.0.0,2.13.0+cpu,fd20710,10,False,,"(9, 6, 2)",2026-08-27T19:59:30+00:00
a8_rigging_quality,474,0,pointmap_sheet,biped,1,1,7,16384,30.0,0.0,0.0,1.0,0.038445,0.0,3,15.0,13046,0.0,0.05783,13,0.000403,False,0.132982,0.250234,12th Gen Intel(R) Core(TM) i7-1255U,12,15.68,Windows-10-10.0.26200-SP0,3.11.15,2.4.6,1.17.1,4.12.2,0.48.4,5.0.0,2.13.0+cpu,fd20710,10,False,,"(9, 6, 2)",2026-08-27T19:59:30+00:00
a8_rigging_quality,475,0,pointmap_sheet,biped,1,1,7,16384,30.0,0.0,0.0,1.0,0.038445,0.0,3,45.0,13046,0.0,0.169548,47,0.001457,False,0.132982,0.250234,12th Gen Intel(R) Core(TM) i7-1255U,12,15.68,Windows-10-10.0.26200-SP0,3.11.15,2.4.6,1.17.1,4.12.2,0.48.4,5.0.0,2.13.0+cpu,fd20710,10,False,,"(9, 6, 2)",2026-08-27T19:59:30+00:00
a8_rigging_quality,476,0,pointmap_sheet,biped,1,1,7,16384,30.0,0.0,0.0,1.0,0.038445,0.0,3,90.0,13046,0.0,0.313283,56,0.001736,False,0.132982,0.250234,12th Gen Intel(R) Core(TM) i7-1255U,12,15.68,Windows-10-10.0.26200-SP0,3.11.15,2.4.6,1.17.1,4.12.2,0.48.4,5.0.0,2.13.0+cpu,fd20710,10,False,,"(9, 6, 2)",2026-08-27T19:59:30+00:00
a8_rigging_quality,477,0,pointmap_sheet,biped,2,2,7,16384,0.0,0.0,0.0,2.0,0.039901,0.057898,0,15.0,9408,0.0,0.046257,3,9.3e-05,False,0.0,0.0,12th Gen Intel(R) Core(TM) i7-1255U,12,15.68,Windows-10-10.0.26200-SP0,3.11.15,2.4.6,1.17.1,4.12.2,0.48.4,5.0.0,2.13.0+cpu,fd20710,10,False,,"(9, 6, 2)",2026-08-27T19:59:30+00:00
a8_rigging_quality,478,0,pointmap_sheet,biped,2,2,7,16384,0.0,0.0,0.0,2.0,0.039901,0.057898,0,45.0,9408,0.0,0.135617,33,0.001023,False,0.0,0.0,12th Gen Intel(R) Core(TM) i7-1255U,12,15.68,Windows-10-10.0.26200-SP0,3.11.15,2.4.6,1.17.1,4.12.2,0.48.4,5.0.0,2.13.0+cpu,fd20710,10,False,,"(9, 6, 2)",2026-08-27T19:59:30+00:00
a8_rigging_quality,479,0,pointmap_sheet,biped,2,2,7,16384,0.0,0.0,0.0,2.0,0.039901,0.057898,0,90.0,9408,0.0,0.250588,99,0.003069,False,0.0,0.0,12th Gen Intel(R) Core(TM) i7-1255U,12,15.68,Windows-10-10.0.26200-SP0,3.11.15,2.4.6,1.17.1,4.12.2,0.48.4,5.0.0,2.13.0+cpu,fd20710,10,False,,"(9, 6, 2)",2026-08-27T19:59:30+00:00
a8_rigging_quality,480,0,pointmap_sheet,biped,2,2,7,16384,15.0,0.0,0.0,2.0,0.039901,0.057898,0,15.0,9408,0.0,0.046257,3,9.3e-05,False,0.068836,0.129531,12th Gen Intel(R) Core(TM) i7-1255U,12,15.68,Windows-10-10.0.26200-SP0,3.11.15,2.4.6,1.17.1,4.12.2,0.48.4,5.0.0,2.13.0+cpu,fd20710,10,False,,"(9, 6, 2)",2026-08-27T19:59:30+00:00
a8_rigging_quality,481,0,pointmap_sheet,biped,2,2,7,16384,15.0,0.0,0.0,2.0,0.039901,0.057898,0,45.0,9408,0.0,0.135617,33,0.001023,False,0.068836,0.129531,12th Gen Intel(R) Core(TM) i7-1255U,12,15.68,Windows-10-10.0.26200-SP0,3.11.15,2.4.6,1.17.1,4.12.2,0.48.4,5.0.0,2.13.0+cpu,fd20710,10,False,,"(9, 6, 2)",2026-08-27T19:59:30+00:00
a8_rigging_quality,482,0,pointmap_sheet,biped,2,2,7,16384,15.0,0.0,0.0,2.0,0.039901,0.057898,0,90.0,9408,0.0,0.250588,99,0.003069,False,0.068836,0.129531,12th Gen Intel(R) Core(TM) i7-1255U,12,15.68,Windows-10-10.0.26200-SP0,3.11.15,2.4.6,1.17.1,4.12.2,0.48.4,5.0.0,2.13.0+cpu,fd20710,10,False,,"(9, 6, 2)",2026-08-27T19:59:30+00:00
a8_rigging_quality,483,0,pointmap_sheet,biped,2,2,7,16384,30.0,0.0,0.0,2.0,0.039901,0.057898,0,15.0,9408,0.0,0.046257,3,9.3e-05,False,0.132982,0.250234,12th Gen Intel(R) Core(TM) i7-1255U,12,15.68,Windows-10-10.0.26200-SP0,3.11.15,2.4.6,1.17.1,4.12.2,0.48.4,5.0.0,2.13.0+cpu,fd20710,10,False,,"(9, 6, 2)",2026-08-27T19:59:30+00:00
a8_rigging_quality,484,0,pointmap_sheet,biped,2,2,7,16384,30.0,0.0,0.0,2.0,0.039901,0.057898,0,45.0,9408,0.0,0.135617,33,0.001023,False,0.132982,0.250234,12th Gen Intel(R) Core(TM) i7-1255U,12,15.68,Windows-10-10.0.26200-SP0,3.11.15,2.4.6,1.17.1,4.12.2,0.48.4,5.0.0,2.13.0+cpu,fd20710,10,False,,"(9, 6, 2)",2026-08-27T19:59:30+00:00
a8_rigging_quality,485,0,pointmap_sheet,biped,2,2,7,16384,30.0,0.0,0.0,2.0,0.039901,0.057898,0,90.0,9408,0.0,0.250588,99,0.003069,False,0.132982,0.250234,12th Gen Intel(R) Core(TM) i7-1255U,12,15.68,Windows-10-10.0.26200-SP0,3.11.15,2.4.6,1.17.1,4.12.2,0.48.4,5.0.0,2.13.0+cpu,fd20710,10,False,,"(9, 6, 2)",2026-08-27T19:59:30+00:00
a8_rigging_quality,486,0,pointmap_sheet,biped,4,4,7,16384,0.0,0.0,0.0,4.0,0.027416,0.064261,0,15.0,556,0.0,0.028564,0,0.0,False,0.0,0.0,12th Gen Intel(R) Core(TM) i7-1255U,12,15.68,Windows-10-10.0.26200-SP0,3.11.15,2.4.6,1.17.1,4.12.2,0.48.4,5.0.0,2.13.0+cpu,fd20710,10,False,,"(9, 6, 2)",2026-08-27T19:59:30+00:00
a8_rigging_quality,487,0,pointmap_sheet,biped,4,4,7,16384,0.0,0.0,0.0,4.0,0.027416,0.064261,0,45.0,556,0.0,0.083745,0,0.0,False,0.0,0.0,12th Gen Intel(R) Core(TM) i7-1255U,12,15.68,Windows-10-10.0.26200-SP0,3.11.15,2.4.6,1.17.1,4.12.2,0.48.4,5.0.0,2.13.0+cpu,fd20710,10,False,,"(9, 6, 2)",2026-08-27T19:59:30+00:00
a8_rigging_quality,488,0,pointmap_sheet,biped,4,4,7,16384,0.0,0.0,0.0,4.0,0.027416,0.064261,0,90.0,556,0.0,0.15474,52,0.001612,False,0.0,0.0,12th Gen Intel(R) Core(TM) i7-1255U,12,15.68,Windows-10-10.0.26200-SP0,3.11.15,2.4.6,1.17.1,4.12.2,0.48.4,5.0.0,2.13.0+cpu,fd20710,10,False,,"(9, 6, 2)",2026-08-27T19:59:30+00:00
a8_rigging_quality,489,0,pointmap_sheet,biped,4,4,7,16384,15.0,0.0,0.0,4.0,0.027416,0.064261,0,15.0,556,0.0,0.028564,0,0.0,False,0.068836,0.129531,12th Gen Intel(R) Core(TM) i7-1255U,12,15.68,Windows-10-10.0.26200-SP0,3.11.15,2.4.6,1.17.1,4.12.2,0.48.4,5.0.0,2.13.0+cpu,fd20710,10,False,,"(9, 6, 2)",2026-08-27T19:59:30+00:00
a8_rigging_quality,490,0,pointmap_sheet,biped,4,4,7,16384,15.0,0.0,0.0,4.0,0.027416,0.064261,0,45.0,556,0.0,0.083745,0,0.0,False,0.068836,0.129531,12th Gen Intel(R) Core(TM) i7-1255U,12,15.68,Windows-10-10.0.26200-SP0,3.11.15,2.4.6,1.17.1,4.12.2,0.48.4,5.0.0,2.13.0+cpu,fd20710,10,False,,"(9, 6, 2)",2026-08-27T19:59:30+00:00
a8_rigging_quality,491,0,pointmap_sheet,biped,4,4,7,16384,15.0,0.0,0.0,4.0,0.027416,0.064261,0,90.0,556,0.0,0.15474,52,0.001612,False,0.068836,0.129531,12th Gen Intel(R) Core(TM) i7-1255U,12,15.68,Windows-10-10.0.26200-SP0,3.11.15,2.4.6,1.17.1,4.12.2,0.48.4,5.0.0,2.13.0+cpu,fd20710,10,False,,"(9, 6, 2)",2026-08-27T19:59:30+00:00
a8_rigging_quality,492,0,pointmap_sheet,biped,4,4,7,16384,30.0,0.0,0.0,4.0,0.027416,0.064261,0,15.0,556,0.0,0.028564,0,0.0,False,0.132982,0.250234,12th Gen Intel(R) Core(TM) i7-1255U,12,15.68,Windows-10-10.0.26200-SP0,3.11.15,2.4.6,1.17.1,4.12.2,0.48.4,5.0.0,2.13.0+cpu,fd20710,10,False,,"(9, 6, 2)",2026-08-27T19:59:30+00:00
a8_rigging_quality,493,0,pointmap_sheet,biped,4,4,7,16384,30.0,0.0,0.0,4.0,0.027416,0.064261,0,45.0,556,0.0,0.083745,0,0.0,False,0.132982,0.250234,12th Gen Intel(R) Core(TM) i7-1255U,12,15.68,Windows-10-10.0.26200-SP0,3.11.15,2.4.6,1.17.1,4.12.2,0.48.4,5.0.0,2.13.0+cpu,fd20710,10,False,,"(9, 6, 2)",2026-08-27T19:59:30+00:00
a8_rigging_quality,494,0,pointmap_sheet,biped,4,4,7,16384,30.0,0.0,0.0,4.0,0.027416,0.064261,0,90.0,556,0.0,0.15474,52,0.001612,False,0.132982,0.250234,12th Gen Intel(R) Core(TM) i7-1255U,12,15.68,Windows-10-10.0.26200-SP0,3.11.15,2.4.6,1.17.1,4.12.2,0.48.4,5.0.0,2.13.0+cpu,fd20710,10,False,,"(9, 6, 2)",2026-08-27T19:59:30+00:00
a8_rigging_quality,495,0,pointmap_sheet,biped,8,7,7,16384,0.0,0.0,0.0,7.0,0.02061,0.056491,0,15.0,0,0.0,0.020216,0,0.0,False,0.0,0.0,12th Gen Intel(R) Core(TM) i7-1255U,12,15.68,Windows-10-10.0.26200-SP0,3.11.15,2.4.6,1.17.1,4.12.2,0.48.4,5.0.0,2.13.0+cpu,fd20710,10,False,,"(9, 6, 2)",2026-08-27T19:59:30+00:00
a8_rigging_quality,496,0,pointmap_sheet,biped,8,7,7,16384,0.0,0.0,0.0,7.0,0.02061,0.056491,0,45.0,0,0.0,0.059271,0,0.0,False,0.0,0.0,12th Gen Intel(R) Core(TM) i7-1255U,12,15.68,Windows-10-10.0.26200-SP0,3.11.15,2.4.6,1.17.1,4.12.2,0.48.4,5.0.0,2.13.0+cpu,fd20710,10,False,,"(9, 6, 2)",2026-08-27T19:59:30+00:00
a8_rigging_quality,497,0,pointmap_sheet,biped,8,7,7,16384,0.0,0.0,0.0,7.0,0.02061,0.056491,0,90.0,0,0.0,0.109519,0,0.0,False,0.0,0.0,12th Gen Intel(R) Core(TM) i7-1255U,12,15.68,Windows-10-10.0.26200-SP0,3.11.15,2.4.6,1.17.1,4.12.2,0.48.4,5.0.0,2.13.0+cpu,fd20710,10,False,,"(9, 6, 2)",2026-08-27T19:59:30+00:00
a8_rigging_quality,498,0,pointmap_sheet,biped,8,7,7,16384,15.0,0.0,0.0,7.0,0.02061,0.056491,0,15.0,0,0.0,0.020216,0,0.0,False,0.068836,0.129531,12th Gen Intel(R) Core(TM) i7-1255U,12,15.68,Windows-10-10.0.26200-SP0,3.11.15,2.4.6,1.17.1,4.12.2,0.48.4,5.0.0,2.13.0+cpu,fd20710,10,False,,"(9, 6, 2)",2026-08-27T19:59:30+00:00
a8_rigging_quality,499,0,pointmap_sheet,biped,8,7,7,16384,15.0,0.0,0.0,7.0,0.02061,0.056491,0,45.0,0,0.0,0.059271,0,0.0,False,0.068836,0.129531,12th Gen Intel(R) Core(TM) i7-1255U,12,15.68,Windows-10-10.0.26200-SP0,3.11.15,2.4.6,1.17.1,4.12.2,0.48.4,5.0.0,2.13.0+cpu,fd20710,10,False,,"(9, 6, 2)",2026-08-27T19:59:30+00:00
a8_rigging_quality,500,0,pointmap_sheet,biped,8,7,7,16384,15.0,0.0,0.0,7.0,0.02061,0.056491,0,90.0,0,0.0,0.109519,0,0.0,False,0.068836,0.129531,12th Gen Intel(R) Core(TM) i7-1255U,12,15.68,Windows-10-10.0.26200-SP0,3.11.15,2.4.6,1.17.1,4.12.2,0.48.4,5.0.0,2.13.0+cpu,fd20710,10,False,,"(9, 6, 2)",2026-08-27T19:59:30+00:00
a8_rigging_quality,501,0,pointmap_sheet,biped,8,7,7,16384,30.0,0.0,0.0,7.0,0.02061,0.056491,0,15.0,0,0.0,0.020216,0,0.0,False,0.132982,0.250234,12th Gen Intel(R) Core(TM) i7-1255U,12,15.68,Windows-10-10.0.26200-SP0,3.11.15,2.4.6,1.17.1,4.12.2,0.48.4,5.0.0,2.13.0+cpu,fd20710,10,False,,"(9, 6, 2)",2026-08-27T19:59:30+00:00
a8_rigging_quality,502,0,pointmap_sheet,biped,8,7,7,16384,30.0,0.0,0.0,7.0,0.02061,0.056491,0,45.0,0,0.0,0.059271,0,0.0,False,0.132982,0.250234,12th Gen Intel(R) Core(TM) i7-1255U,12,15.68,Windows-10-10.0.26200-SP0,3.11.15,2.4.6,1.17.1,4.12.2,0.48.4,5.0.0,2.13.0+cpu,fd20710,10,False,,"(9, 6, 2)",2026-08-27T19:59:30+00:00
a8_rigging_quality,503,0,pointmap_sheet,biped,8,7,7,16384,30.0,0.0,0.0,7.0,0.02061,0.056491,0,90.0,0,0.0,0.109519,0,0.0,False,0.132982,0.250234,12th Gen Intel(R) Core(TM) i7-1255U,12,15.68,Windows-10-10.0.26200-SP0,3.11.15,2.4.6,1.17.1,4.12.2,0.48.4,5.0.0,2.13.0+cpu,fd20710,10,False,,"(9, 6, 2)",2026-08-27T19:59:30+00:00
a8_rigging_quality,504,0,pointmap_sheet,quadruped,1,1,7,16384,0.0,0.0,0.0,1.0,0.040542,0.0,0,15.0,9165,0.0,0.130702,79,0.002449,False,0.0,0.0,12th Gen Intel(R) Core(TM) i7-1255U,12,15.68,Windows-10-10.0.26200-SP0,3.11.15,2.4.6,1.17.1,4.12.2,0.48.4,5.0.0,2.13.0+cpu,fd20710,10,False,,"(9, 6, 2)",2026-08-27T19:59:30+00:00
a8_rigging_quality,505,0,pointmap_sheet,quadruped,1,1,7,16384,0.0,0.0,0.0,1.0,0.040542,0.0,0,45.0,9165,0.0,0.383198,99,0.003069,False,0.0,0.0,12th Gen Intel(R) Core(TM) i7-1255U,12,15.68,Windows-10-10.0.26200-SP0,3.11.15,2.4.6,1.17.1,4.12.2,0.48.4,5.0.0,2.13.0+cpu,fd20710,10,False,,"(9, 6, 2)",2026-08-27T19:59:30+00:00
a8_rigging_quality,506,0,pointmap_sheet,quadruped,1,1,7,16384,0.0,0.0,0.0,1.0,0.040542,0.0,0,90.0,9165,0.0,0.708058,95,0.002945,False,0.0,0.0,12th Gen Intel(R) Core(TM) i7-1255U,12,15.68,Windows-10-10.0.26200-SP0,3.11.15,2.4.6,1.17.1,4.12.2,0.48.4,5.0.0,2.13.0+cpu,fd20710,10,False,,"(9, 6, 2)",2026-08-27T19:59:30+00:00
a8_rigging_quality,507,0,pointmap_sheet,quadruped,1,1,7,16384,15.0,0.0,0.0,1.0,0.040542,0.0,0,15.0,9165,0.0,0.130702,79,0.002449,False,0.098308,0.19788,12th Gen Intel(R) Core(TM) i7-1255U,12,15.68,Windows-10-10.0.26200-SP0,3.11.15,2.4.6,1.17.1,4.12.2,0.48.4,5.0.0,2.13.0+cpu,fd20710,10,False,,"(9, 6, 2)",2026-08-27T19:59:30+00:00
a8_rigging_quality,508,0,pointmap_sheet,quadruped,1,1,7,16384,15.0,0.0,0.0,1.0,0.040542,0.0,0,45.0,9165,0.0,0.383198,99,0.003069,False,0.098308,0.19788,12th Gen Intel(R) Core(TM) i7-1255U,12,15.68,Windows-10-10.0.26200-SP0,3.11.15,2.4.6,1.17.1,4.12.2,0.48.4,5.0.0,2.13.0+cpu,fd20710,10,False,,"(9, 6, 2)",2026-08-27T19:59:30+00:00
a8_rigging_quality,509,0,pointmap_sheet,quadruped,1,1,7,16384,15.0,0.0,0.0,1.0,0.040542,0.0,0,90.0,9165,0.0,0.708058,95,0.002945,False,0.098308,0.19788,12th Gen Intel(R) Core(TM) i7-1255U,12,15.68,Windows-10-10.0.26200-SP0,3.11.15,2.4.6,1.17.1,4.12.2,0.48.4,5.0.0,2.13.0+cpu,fd20710,10,False,,"(9, 6, 2)",2026-08-27T19:59:30+00:00
a8_rigging_quality,510,0,pointmap_sheet,quadruped,1,1,7,16384,30.0,0.0,0.0,1.0,0.040542,0.0,0,15.0,9165,0.0,0.130702,79,0.002449,False,0.189966,0.391774,12th Gen Intel(R) Core(TM) i7-1255U,12,15.68,Windows-10-10.0.26200-SP0,3.11.15,2.4.6,1.17.1,4.12.2,0.48.4,5.0.0,2.13.0+cpu,fd20710,10,False,,"(9, 6, 2)",2026-08-27T19:59:30+00:00
a8_rigging_quality,511,0,pointmap_sheet,quadruped,1,1,7,16384,30.0,0.0,0.0,1.0,0.040542,0.0,0,45.0,9165,0.0,0.383198,99,0.003069,False,0.189966,0.391774,12th Gen Intel(R) Core(TM) i7-1255U,12,15.68,Windows-10-10.0.26200-SP0,3.11.15,2.4.6,1.17.1,4.12.2,0.48.4,5.0.0,2.13.0+cpu,fd20710,10,False,,"(9, 6, 2)",2026-08-27T19:59:30+00:00
a8_rigging_quality,512,0,pointmap_sheet,quadruped,1,1,7,16384,30.0,0.0,0.0,1.0,0.040542,0.0,0,90.0,9165,0.0,0.708058,95,0.002945,False,0.189966,0.391774,12th Gen Intel(R) Core(TM) i7-1255U,12,15.68,Windows-10-10.0.26200-SP0,3.11.15,2.4.6,1.17.1,4.12.2,0.48.4,5.0.0,2.13.0+cpu,fd20710,10,False,,"(9, 6, 2)",2026-08-27T19:59:30+00:00
a8_rigging_quality,513,0,pointmap_sheet,quadruped,2,2,7,16384,0.0,0.0,0.0,2.0,0.027558,0.039229,1,15.0,7719,0.0,0.090451,4,0.000124,False,0.0,0.0,12th Gen Intel(R) Core(TM) i7-1255U,12,15.68,Windows-10-10.0.26200-SP0,3.11.15,2.4.6,1.17.1,4.12.2,0.48.4,5.0.0,2.13.0+cpu,fd20710,10,False,,"(9, 6, 2)",2026-08-27T19:59:30+00:00
a8_rigging_quality,514,0,pointmap_sheet,quadruped,2,2,7,16384,0.0,0.0,0.0,2.0,0.027558,0.039229,1,45.0,7719,0.0,0.265189,17,0.000527,False,0.0,0.0,12th Gen Intel(R) Core(TM) i7-1255U,12,15.68,Windows-10-10.0.26200-SP0,3.11.15,2.4.6,1.17.1,4.12.2,0.48.4,5.0.0,2.13.0+cpu,fd20710,10,False,,"(9, 6, 2)",2026-08-27T19:59:30+00:00
a8_rigging_quality,515,0,pointmap_sheet,quadruped,2,2,7,16384,0.0,0.0,0.0,2.0,0.027558,0.039229,1,90.0,7719,0.0,0.490006,19,0.000589,False,0.0,0.0,12th Gen Intel(R) Core(TM) i7-1255U,12,15.68,Windows-10-10.0.26200-SP0,3.11.15,2.4.6,1.17.1,4.12.2,0.48.4,5.0.0,2.13.0+cpu,fd20710,10,False,,"(9, 6, 2)",2026-08-27T19:59:30+00:00
a8_rigging_quality,516,0,pointmap_sheet,quadruped,2,2,7,16384,15.0,0.0,0.0,2.0,0.027558,0.039229,1,15.0,7719,0.0,0.090451,4,0.000124,False,0.098308,0.19788,12th Gen Intel(R) Core(TM) i7-1255U,12,15.68,Windows-10-10.0.26200-SP0,3.11.15,2.4.6,1.17.1,4.12.2,0.48.4,5.0.0,2.13.0+cpu,fd20710,10,False,,"(9, 6, 2)",2026-08-27T19:59:30+00:00
a8_rigging_quality,517,0,pointmap_sheet,quadruped,2,2,7,16384,15.0,0.0,0.0,2.0,0.027558,0.039229,1,45.0,7719,0.0,0.265189,17,0.000527,False,0.098308,0.19788,12th Gen Intel(R) Core(TM) i7-1255U,12,15.68,Windows-10-10.0.26200-SP0,3.11.15,2.4.6,1.17.1,4.12.2,0.48.4,5.0.0,2.13.0+cpu,fd20710,10,False,,"(9, 6, 2)",2026-08-27T19:59:30+00:00
a8_rigging_quality,518,0,pointmap_sheet,quadruped,2,2,7,16384,15.0,0.0,0.0,2.0,0.027558,0.039229,1,90.0,7719,0.0,0.490006,19,0.000589,False,0.098308,0.19788,12th Gen Intel(R) Core(TM) i7-1255U,12,15.68,Windows-10-10.0.26200-SP0,3.11.15,2.4.6,1.17.1,4.12.2,0.48.4,5.0.0,2.13.0+cpu,fd20710,10,False,,"(9, 6, 2)",2026-08-27T19:59:30+00:00
a8_rigging_quality,519,0,pointmap_sheet,quadruped,2,2,7,16384,30.0,0.0,0.0,2.0,0.027558,0.039229,1,15.0,7719,0.0,0.090451,4,0.000124,False,0.189966,0.391774,12th Gen Intel(R) Core(TM) i7-1255U,12,15.68,Windows-10-10.0.26200-SP0,3.11.15,2.4.6,1.17.1,4.12.2,0.48.4,5.0.0,2.13.0+cpu,fd20710,10,False,,"(9, 6, 2)",2026-08-27T19:59:30+00:00
a8_rigging_quality,520,0,pointmap_sheet,quadruped,2,2,7,16384,30.0,0.0,0.0,2.0,0.027558,0.039229,1,45.0,7719,0.0,0.265189,17,0.000527,False,0.189966,0.391774,12th Gen Intel(R) Core(TM) i7-1255U,12,15.68,Windows-10-10.0.26200-SP0,3.11.15,2.4.6,1.17.1,4.12.2,0.48.4,5.0.0,2.13.0+cpu,fd20710,10,False,,"(9, 6, 2)",2026-08-27T19:59:30+00:00
a8_rigging_quality,521,0,pointmap_sheet,quadruped,2,2,7,16384,30.0,0.0,0.0,2.0,0.027558,0.039229,1,90.0,7719,0.0,0.490006,19,0.000589,False,0.189966,0.391774,12th Gen Intel(R) Core(TM) i7-1255U,12,15.68,Windows-10-10.0.26200-SP0,3.11.15,2.4.6,1.17.1,4.12.2,0.48.4,5.0.0,2.13.0+cpu,fd20710,10,False,,"(9, 6, 2)",2026-08-27T19:59:30+00:00
a8_rigging_quality,522,0,pointmap_sheet,quadruped,4,4,7,16384,0.0,0.0,0.0,4.0,0.024768,0.053817,0,15.0,1589,0.0,0.043684,0,0.0,False,0.0,0.0,12th Gen Intel(R) Core(TM) i7-1255U,12,15.68,Windows-10-10.0.26200-SP0,3.11.15,2.4.6,1.17.1,4.12.2,0.48.4,5.0.0,2.13.0+cpu,fd20710,10,False,,"(9, 6, 2)",2026-08-27T19:59:30+00:00
a8_rigging_quality,523,0,pointmap_sheet,quadruped,4,4,7,16384,0.0,0.0,0.0,4.0,0.024768,0.053817,0,45.0,1589,0.0,0.128074,0,0.0,False,0.0,0.0,12th Gen Intel(R) Core(TM) i7-1255U,12,15.68,Windows-10-10.0.26200-SP0,3.11.15,2.4.6,1.17.1,4.12.2,0.48.4,5.0.0,2.13.0+cpu,fd20710,10,False,,"(9, 6, 2)",2026-08-27T19:59:30+00:00
a8_rigging_quality,524,0,pointmap_sheet,quadruped,4,4,7,16384,0.0,0.0,0.0,4.0,0.024768,0.053817,0,90.0,1589,0.0,0.23665,83,0.002573,False,0.0,0.0,12th Gen Intel(R) Core(TM) i7-1255U,12,15.68,Windows-10-10.0.26200-SP0,3.11.15,2.4.6,1.17.1,4.12.2,0.48.4,5.0.0,2.13.0+cpu,fd20710,10,False,,"(9, 6, 2)",2026-08-27T19:59:30+00:00
a8_rigging_quality,525,0,pointmap_sheet,quadruped,4,4,7,16384,15.0,0.0,0.0,4.0,0.024768,0.053817,0,15.0,1589,0.0,0.043684,0,0.0,False,0.098308,0.19788,12th Gen Intel(R) Core(TM) i7-1255U,12,15.68,Windows-10-10.0.26200-SP0,3.11.15,2.4.6,1.17.1,4.12.2,0.48.4,5.0.0,2.13.0+cpu,fd20710,10,False,,"(9, 6, 2)",2026-08-27T19:59:30+00:00
a8_rigging_quality,526,0,pointmap_sheet,quadruped,4,4,7,16384,15.0,0.0,0.0,4.0,0.024768,0.053817,0,45.0,1589,0.0,0.128074,0,0.0,False,0.098308,0.19788,12th Gen Intel(R) Core(TM) i7-1255U,12,15.68,Windows-10-10.0.26200-SP0,3.11.15,2.4.6,1.17.1,4.12.2,0.48.4,5.0.0,2.13.0+cpu,fd20710,10,False,,"(9, 6, 2)",2026-08-27T19:59:30+00:00
a8_rigging_quality,527,0,pointmap_sheet,quadruped,4,4,7,16384,15.0,0.0,0.0,4.0,0.024768,0.053817,0,90.0,1589,0.0,0.23665,83,0.002573,False,0.098308,0.19788,12th Gen Intel(R) Core(TM) i7-1255U,12,15.68,Windows-10-10.0.26200-SP0,3.11.15,2.4.6,1.17.1,4.12.2,0.48.4,5.0.0,2.13.0+cpu,fd20710,10,False,,"(9, 6, 2)",2026-08-27T19:59:30+00:00
a8_rigging_quality,528,0,pointmap_sheet,quadruped,4,4,7,16384,30.0,0.0,0.0,4.0,0.024768,0.053817,0,15.0,1589,0.0,0.043684,0,0.0,False,0.189966,0.391774,12th Gen Intel(R) Core(TM) i7-1255U,12,15.68,Windows-10-10.0.26200-SP0,3.11.15,2.4.6,1.17.1,4.12.2,0.48.4,5.0.0,2.13.0+cpu,fd20710,10,False,,"(9, 6, 2)",2026-08-27T19:59:30+00:00
a8_rigging_quality,529,0,pointmap_sheet,quadruped,4,4,7,16384,30.0,0.0,0.0,4.0,0.024768,0.053817,0,45.0,1589,0.0,0.128074,0,0.0,False,0.189966,0.391774,12th Gen Intel(R) Core(TM) i7-1255U,12,15.68,Windows-10-10.0.26200-SP0,3.11.15,2.4.6,1.17.1,4.12.2,0.48.4,5.0.0,2.13.0+cpu,fd20710,10,False,,"(9, 6, 2)",2026-08-27T19:59:30+00:00
a8_rigging_quality,530,0,pointmap_sheet,quadruped,4,4,7,16384,30.0,0.0,0.0,4.0,0.024768,0.053817,0,90.0,1589,0.0,0.23665,83,0.002573,False,0.189966,0.391774,12th Gen Intel(R) Core(TM) i7-1255U,12,15.68,Windows-10-10.0.26200-SP0,3.11.15,2.4.6,1.17.1,4.12.2,0.48.4,5.0.0,2.13.0+cpu,fd20710,10,False,,"(9, 6, 2)",2026-08-27T19:59:30+00:00
a8_rigging_quality,531,0,pointmap_sheet,quadruped,8,7,7,16384,0.0,0.0,0.0,7.0,0.015688,0.039876,0,15.0,0,0.0,0.029322,0,0.0,False,0.0,0.0,12th Gen Intel(R) Core(TM) i7-1255U,12,15.68,Windows-10-10.0.26200-SP0,3.11.15,2.4.6,1.17.1,4.12.2,0.48.4,5.0.0,2.13.0+cpu,fd20710,10,False,,"(9, 6, 2)",2026-08-27T19:59:30+00:00
a8_rigging_quality,532,0,pointmap_sheet,quadruped,8,7,7,16384,0.0,0.0,0.0,7.0,0.015688,0.039876,0,45.0,0,0.0,0.085968,0,0.0,False,0.0,0.0,12th Gen Intel(R) Core(TM) i7-1255U,12,15.68,Windows-10-10.0.26200-SP0,3.11.15,2.4.6,1.17.1,4.12.2,0.48.4,5.0.0,2.13.0+cpu,fd20710,10,False,,"(9, 6, 2)",2026-08-27T19:59:30+00:00
a8_rigging_quality,533,0,pointmap_sheet,quadruped,8,7,7,16384,0.0,0.0,0.0,7.0,0.015688,0.039876,0,90.0,0,0.0,0.158848,0,0.0,False,0.0,0.0,12th Gen Intel(R) Core(TM) i7-1255U,12,15.68,Windows-10-10.0.26200-SP0,3.11.15,2.4.6,1.17.1,4.12.2,0.48.4,5.0.0,2.13.0+cpu,fd20710,10,False,,"(9, 6, 2)",2026-08-27T19:59:30+00:00
a8_rigging_quality,534,0,pointmap_sheet,quadruped,8,7,7,16384,15.0,0.0,0.0,7.0,0.015688,0.039876,0,15.0,0,0.0,0.029322,0,0.0,False,0.098308,0.19788,12th Gen Intel(R) Core(TM) i7-1255U,12,15.68,Windows-10-10.0.26200-SP0,3.11.15,2.4.6,1.17.1,4.12.2,0.48.4,5.0.0,2.13.0+cpu,fd20710,10,False,,"(9, 6, 2)",2026-08-27T19:59:30+00:00
a8_rigging_quality,535,0,pointmap_sheet,quadruped,8,7,7,16384,15.0,0.0,0.0,7.0,0.015688,0.039876,0,45.0,0,0.0,0.085968,0,0.0,False,0.098308,0.19788,12th Gen Intel(R) Core(TM) i7-1255U,12,15.68,Windows-10-10.0.26200-SP0,3.11.15,2.4.6,1.17.1,4.12.2,0.48.4,5.0.0,2.13.0+cpu,fd20710,10,False,,"(9, 6, 2)",2026-08-27T19:59:30+00:00
a8_rigging_quality,536,0,pointmap_sheet,quadruped,8,7,7,16384,15.0,0.0,0.0,7.0,0.015688,0.039876,0,90.0,0,0.0,0.158848,0,0.0,False,0.098308,0.19788,12th Gen Intel(R) Core(TM) i7-1255U,12,15.68,Windows-10-10.0.26200-SP0,3.11.15,2.4.6,1.17.1,4.12.2,0.48.4,5.0.0,2.13.0+cpu,fd20710,10,False,,"(9, 6, 2)",2026-08-27T19:59:30+00:00
a8_rigging_quality,537,0,pointmap_sheet,quadruped,8,7,7,16384,30.0,0.0,0.0,7.0,0.015688,0.039876,0,15.0,0,0.0,0.029322,0,0.0,False,0.189966,0.391774,12th Gen Intel(R) Core(TM) i7-1255U,12,15.68,Windows-10-10.0.26200-SP0,3.11.15,2.4.6,1.17.1,4.12.2,0.48.4,5.0.0,2.13.0+cpu,fd20710,10,False,,"(9, 6, 2)",2026-08-27T19:59:30+00:00
a8_rigging_quality,538,0,pointmap_sheet,quadruped,8,7,7,16384,30.0,0.0,0.0,7.0,0.015688,0.039876,0,45.0,0,0.0,0.085968,0,0.0,False,0.189966,0.391774,12th Gen Intel(R) Core(TM) i7-1255U,12,15.68,Windows-10-10.0.26200-SP0,3.11.15,2.4.6,1.17.1,4.12.2,0.48.4,5.0.0,2.13.0+cpu,fd20710,10,False,,"(9, 6, 2)",2026-08-27T19:59:30+00:00
a8_rigging_quality,539,0,pointmap_sheet,quadruped,8,7,7,16384,30.0,0.0,0.0,7.0,0.015688,0.039876,0,90.0,0,0.0,0.158848,0,0.0,False,0.189966,0.391774,12th Gen Intel(R) Core(TM) i7-1255U,12,15.68,Windows-10-10.0.26200-SP0,3.11.15,2.4.6,1.17.1,4.12.2,0.48.4,5.0.0,2.13.0+cpu,fd20710,10,False,,"(9, 6, 2)",2026-08-27T19:59:30+00:00
a8_rigging_quality,540,0,pointmap_sheet,winged,1,1,5,16384,0.0,0.0,0.0,1.0,0.036019,0.0,4,15.0,12208,0.0,0.113177,8,0.000248,False,0.0,0.0,12th Gen Intel(R) Core(TM) i7-1255U,12,15.68,Windows-10-10.0.26200-SP0,3.11.15,2.4.6,1.17.1,4.12.2,0.48.4,5.0.0,2.13.0+cpu,fd20710,10,False,,"(9, 6, 2)",2026-08-27T19:59:30+00:00
a8_rigging_quality,541,0,pointmap_sheet,winged,1,1,5,16384,0.0,0.0,0.0,1.0,0.036019,0.0,4,45.0,12208,0.0,0.331819,15,0.000465,False,0.0,0.0,12th Gen Intel(R) Core(TM) i7-1255U,12,15.68,Windows-10-10.0.26200-SP0,3.11.15,2.4.6,1.17.1,4.12.2,0.48.4,5.0.0,2.13.0+cpu,fd20710,10,False,,"(9, 6, 2)",2026-08-27T19:59:30+00:00
a8_rigging_quality,542,0,pointmap_sheet,winged,1,1,5,16384,0.0,0.0,0.0,1.0,0.036019,0.0,4,90.0,12208,0.0,0.613121,26,0.000806,False,0.0,0.0,12th Gen Intel(R) Core(TM) i7-1255U,12,15.68,Windows-10-10.0.26200-SP0,3.11.15,2.4.6,1.17.1,4.12.2,0.48.4,5.0.0,2.13.0+cpu,fd20710,10,False,,"(9, 6, 2)",2026-08-27T19:59:30+00:00
a8_rigging_quality,543,0,pointmap_sheet,winged,1,1,5,16384,15.0,0.0,0.0,1.0,0.036019,0.0,4,15.0,12208,0.0,0.113177,8,0.000248,False,0.0361,0.129531,12th Gen Intel(R) Core(TM) i7-1255U,12,15.68,Windows-10-10.0.26200-SP0,3.11.15,2.4.6,1.17.1,4.12.2,0.48.4,5.0.0,2.13.0+cpu,fd20710,10,False,,"(9, 6, 2)",2026-08-27T19:59:30+00:00
a8_rigging_quality,544,0,pointmap_sheet,winged,1,1,5,16384,15.0,0.0,0.0,1.0,0.036019,0.0,4,45.0,12208,0.0,0.331819,15,0.000465,False,0.0361,0.129531,12th Gen Intel(R) Core(TM) i7-1255U,12,15.68,Windows-10-10.0.26200-SP0,3.11.15,2.4.6,1.17.1,4.12.2,0.48.4,5.0.0,2.13.0+cpu,fd20710,10,False,,"(9, 6, 2)",2026-08-27T19:59:30+00:00
a8_rigging_quality,545,0,pointmap_sheet,winged,1,1,5,16384,15.0,0.0,0.0,1.0,0.036019,0.0,4,90.0,12208,0.0,0.613121,26,0.000806,False,0.0361,0.129531,12th Gen Intel(R) Core(TM) i7-1255U,12,15.68,Windows-10-10.0.26200-SP0,3.11.15,2.4.6,1.17.1,4.12.2,0.48.4,5.0.0,2.13.0+cpu,fd20710,10,False,,"(9, 6, 2)",2026-08-27T19:59:30+00:00
a8_rigging_quality,546,0,pointmap_sheet,winged,1,1,5,16384,30.0,0.0,0.0,1.0,0.036019,0.0,4,15.0,12208,0.0,0.113177,8,0.000248,False,0.072823,0.250234,12th Gen Intel(R) Core(TM) i7-1255U,12,15.68,Windows-10-10.0.26200-SP0,3.11.15,2.4.6,1.17.1,4.12.2,0.48.4,5.0.0,2.13.0+cpu,fd20710,10,False,,"(9, 6, 2)",2026-08-27T19:59:30+00:00
a8_rigging_quality,547,0,pointmap_sheet,winged,1,1,5,16384,30.0,0.0,0.0,1.0,0.036019,0.0,4,45.0,12208,0.0,0.331819,15,0.000465,False,0.072823,0.250234,12th Gen Intel(R) Core(TM) i7-1255U,12,15.68,Windows-10-10.0.26200-SP0,3.11.15,2.4.6,1.17.1,4.12.2,0.48.4,5.0.0,2.13.0+cpu,fd20710,10,False,,"(9, 6, 2)",2026-08-27T19:59:30+00:00
a8_rigging_quality,548,0,pointmap_sheet,winged,1,1,5,16384,30.0,0.0,0.0,1.0,0.036019,0.0,4,90.0,12208,0.0,0.613121,26,0.000806,False,0.072823,0.250234,12th Gen Intel(R) Core(TM) i7-1255U,12,15.68,Windows-10-10.0.26200-SP0,3.11.15,2.4.6,1.17.1,4.12.2,0.48.4,5.0.0,2.13.0+cpu,fd20710,10,False,,"(9, 6, 2)",2026-08-27T19:59:30+00:00
a8_rigging_quality,549,0,pointmap_sheet,winged,2,2,5,16384,0.0,0.0,0.0,2.0,0.029652,0.03801,0,15.0,5090,0.0,0.040322,4,0.000124,False,0.0,0.0,12th Gen Intel(R) Core(TM) i7-1255U,12,15.68,Windows-10-10.0.26200-SP0,3.11.15,2.4.6,1.17.1,4.12.2,0.48.4,5.0.0,2.13.0+cpu,fd20710,10,False,,"(9, 6, 2)",2026-08-27T19:59:30+00:00
a8_rigging_quality,550,0,pointmap_sheet,winged,2,2,5,16384,0.0,0.0,0.0,2.0,0.029652,0.03801,0,45.0,5090,0.0,0.118217,48,0.001488,False,0.0,0.0,12th Gen Intel(R) Core(TM) i7-1255U,12,15.68,Windows-10-10.0.26200-SP0,3.11.15,2.4.6,1.17.1,4.12.2,0.48.4,5.0.0,2.13.0+cpu,fd20710,10,False,,"(9, 6, 2)",2026-08-27T19:59:30+00:00
a8_rigging_quality,551,0,pointmap_sheet,winged,2,2,5,16384,0.0,0.0,0.0,2.0,0.029652,0.03801,0,90.0,5090,0.0,0.218436,61,0.001891,False,0.0,0.0,12th Gen Intel(R) Core(TM) i7-1255U,12,15.68,Windows-10-10.0.26200-SP0,3.11.15,2.4.6,1.17.1,4.12.2,0.48.4,5.0.0,2.13.0+cpu,fd20710,10,False,,"(9, 6, 2)",2026-08-27T19:59:30+00:00
a8_rigging_quality,552,0,pointmap_sheet,winged,2,2,5,16384,15.0,0.0,0.0,2.0,0.029652,0.03801,0,15.0,5090,0.0,0.040322,4,0.000124,False,0.0361,0.129531,12th Gen Intel(R) Core(TM) i7-1255U,12,15.68,Windows-10-10.0.26200-SP0,3.11.15,2.4.6,1.17.1,4.12.2,0.48.4,5.0.0,2.13.0+cpu,fd20710,10,False,,"(9, 6, 2)",2026-08-27T19:59:30+00:00
a8_rigging_quality,553,0,pointmap_sheet,winged,2,2,5,16384,15.0,0.0,0.0,2.0,0.029652,0.03801,0,45.0,5090,0.0,0.118217,48,0.001488,False,0.0361,0.129531,12th Gen Intel(R) Core(TM) i7-1255U,12,15.68,Windows-10-10.0.26200-SP0,3.11.15,2.4.6,1.17.1,4.12.2,0.48.4,5.0.0,2.13.0+cpu,fd20710,10,False,,"(9, 6, 2)",2026-08-27T19:59:30+00:00
a8_rigging_quality,554,0,pointmap_sheet,winged,2,2,5,16384,15.0,0.0,0.0,2.0,0.029652,0.03801,0,90.0,5090,0.0,0.218436,61,0.001891,False,0.0361,0.129531,12th Gen Intel(R) Core(TM) i7-1255U,12,15.68,Windows-10-10.0.26200-SP0,3.11.15,2.4.6,1.17.1,4.12.2,0.48.4,5.0.0,2.13.0+cpu,fd20710,10,False,,"(9, 6, 2)",2026-08-27T19:59:30+00:00
a8_rigging_quality,555,0,pointmap_sheet,winged,2,2,5,16384,30.0,0.0,0.0,2.0,0.029652,0.03801,0,15.0,5090,0.0,0.040322,4,0.000124,False,0.072823,0.250234,12th Gen Intel(R) Core(TM) i7-1255U,12,15.68,Windows-10-10.0.26200-SP0,3.11.15,2.4.6,1.17.1,4.12.2,0.48.4,5.0.0,2.13.0+cpu,fd20710,10,False,,"(9, 6, 2)",2026-08-27T19:59:30+00:00
a8_rigging_quality,556,0,pointmap_sheet,winged,2,2,5,16384,30.0,0.0,0.0,2.0,0.029652,0.03801,0,45.0,5090,0.0,0.118217,48,0.001488,False,0.072823,0.250234,12th Gen Intel(R) Core(TM) i7-1255U,12,15.68,Windows-10-10.0.26200-SP0,3.11.15,2.4.6,1.17.1,4.12.2,0.48.4,5.0.0,2.13.0+cpu,fd20710,10,False,,"(9, 6, 2)",2026-08-27T19:59:30+00:00
a8_rigging_quality,557,0,pointmap_sheet,winged,2,2,5,16384,30.0,0.0,0.0,2.0,0.029652,0.03801,0,90.0,5090,0.0,0.218436,61,0.001891,False,0.072823,0.250234,12th Gen Intel(R) Core(TM) i7-1255U,12,15.68,Windows-10-10.0.26200-SP0,3.11.15,2.4.6,1.17.1,4.12.2,0.48.4,5.0.0,2.13.0+cpu,fd20710,10,False,,"(9, 6, 2)",2026-08-27T19:59:30+00:00
a8_rigging_quality,558,0,pointmap_sheet,winged,4,4,5,16384,0.0,0.0,0.0,4.0,0.020262,0.048682,0,15.0,0,0.0,0.030302,0,0.0,False,0.0,0.0,12th Gen Intel(R) Core(TM) i7-1255U,12,15.68,Windows-10-10.0.26200-SP0,3.11.15,2.4.6,1.17.1,4.12.2,0.48.4,5.0.0,2.13.0+cpu,fd20710,10,False,,"(9, 6, 2)",2026-08-27T19:59:30+00:00
a8_rigging_quality,559,0,pointmap_sheet,winged,4,4,5,16384,0.0,0.0,0.0,4.0,0.020262,0.048682,0,45.0,0,0.0,0.088841,0,0.0,False,0.0,0.0,12th Gen Intel(R) Core(TM) i7-1255U,12,15.68,Windows-10-10.0.26200-SP0,3.11.15,2.4.6,1.17.1,4.12.2,0.48.4,5.0.0,2.13.0+cpu,fd20710,10,False,,"(9, 6, 2)",2026-08-27T19:59:30+00:00
a8_rigging_quality,560,0,pointmap_sheet,winged,4,4,5,16384,0.0,0.0,0.0,4.0,0.020262,0.048682,0,90.0,0,0.0,0.164157,0,0.0,False,0.0,0.0,12th Gen Intel(R) Core(TM) i7-1255U,12,15.68,Windows-10-10.0.26200-SP0,3.11.15,2.4.6,1.17.1,4.12.2,0.48.4,5.0.0,2.13.0+cpu,fd20710,10,False,,"(9, 6, 2)",2026-08-27T19:59:30+00:00
a8_rigging_quality,561,0,pointmap_sheet,winged,4,4,5,16384,15.0,0.0,0.0,4.0,0.020262,0.048682,0,15.0,0,0.0,0.030302,0,0.0,False,0.0361,0.129531,12th Gen Intel(R) Core(TM) i7-1255U,12,15.68,Windows-10-10.0.26200-SP0,3.11.15,2.4.6,1.17.1,4.12.2,0.48.4,5.0.0,2.13.0+cpu,fd20710,10,False,,"(9, 6, 2)",2026-08-27T19:59:30+00:00
a8_rigging_quality,562,0,pointmap_sheet,winged,4,4,5,16384,15.0,0.0,0.0,4.0,0.020262,0.048682,0,45.0,0,0.0,0.088841,0,0.0,False,0.0361,0.129531,12th Gen Intel(R) Core(TM) i7-1255U,12,15.68,Windows-10-10.0.26200-SP0,3.11.15,2.4.6,1.17.1,4.12.2,0.48.4,5.0.0,2.13.0+cpu,fd20710,10,False,,"(9, 6, 2)",2026-08-27T19:59:30+00:00
a8_rigging_quality,563,0,pointmap_sheet,winged,4,4,5,16384,15.0,0.0,0.0,4.0,0.020262,0.048682,0,90.0,0,0.0,0.164157,0,0.0,False,0.0361,0.129531,12th Gen Intel(R) Core(TM) i7-1255U,12,15.68,Windows-10-10.0.26200-SP0,3.11.15,2.4.6,1.17.1,4.12.2,0.48.4,5.0.0,2.13.0+cpu,fd20710,10,False,,"(9, 6, 2)",2026-08-27T19:59:30+00:00
a8_rigging_quality,564,0,pointmap_sheet,winged,4,4,5,16384,30.0,0.0,0.0,4.0,0.020262,0.048682,0,15.0,0,0.0,0.030302,0,0.0,False,0.072823,0.250234,12th Gen Intel(R) Core(TM) i7-1255U,12,15.68,Windows-10-10.0.26200-SP0,3.11.15,2.4.6,1.17.1,4.12.2,0.48.4,5.0.0,2.13.0+cpu,fd20710,10,False,,"(9, 6, 2)",2026-08-27T19:59:30+00:00
a8_rigging_quality,565,0,pointmap_sheet,winged,4,4,5,16384,30.0,0.0,0.0,4.0,0.020262,0.048682,0,45.0,0,0.0,0.088841,0,0.0,False,0.072823,0.250234,12th Gen Intel(R) Core(TM) i7-1255U,12,15.68,Windows-10-10.0.26200-SP0,3.11.15,2.4.6,1.17.1,4.12.2,0.48.4,5.0.0,2.13.0+cpu,fd20710,10,False,,"(9, 6, 2)",2026-08-27T19:59:30+00:00
a8_rigging_quality,566,0,pointmap_sheet,winged,4,4,5,16384,30.0,0.0,0.0,4.0,0.020262,0.048682,0,90.0,0,0.0,0.164157,0,0.0,False,0.072823,0.250234,12th Gen Intel(R) Core(TM) i7-1255U,12,15.68,Windows-10-10.0.26200-SP0,3.11.15,2.4.6,1.17.1,4.12.2,0.48.4,5.0.0,2.13.0+cpu,fd20710,10,False,,"(9, 6, 2)",2026-08-27T19:59:30+00:00
a8_rigging_quality,567,0,pointmap_sheet,winged,8,5,5,16384,0.0,0.0,0.0,5.0,0.017446,0.046344,0,15.0,0,0.0,0.026423,0,0.0,False,0.0,0.0,12th Gen Intel(R) Core(TM) i7-1255U,12,15.68,Windows-10-10.0.26200-SP0,3.11.15,2.4.6,1.17.1,4.12.2,0.48.4,5.0.0,2.13.0+cpu,fd20710,10,False,,"(9, 6, 2)",2026-08-27T19:59:30+00:00
a8_rigging_quality,568,0,pointmap_sheet,winged,8,5,5,16384,0.0,0.0,0.0,5.0,0.017446,0.046344,0,45.0,0,0.0,0.077467,0,0.0,False,0.0,0.0,12th Gen Intel(R) Core(TM) i7-1255U,12,15.68,Windows-10-10.0.26200-SP0,3.11.15,2.4.6,1.17.1,4.12.2,0.48.4,5.0.0,2.13.0+cpu,fd20710,10,False,,"(9, 6, 2)",2026-08-27T19:59:30+00:00
a8_rigging_quality,569,0,pointmap_sheet,winged,8,5,5,16384,0.0,0.0,0.0,5.0,0.017446,0.046344,0,90.0,0,0.0,0.143141,0,0.0,False,0.0,0.0,12th Gen Intel(R) Core(TM) i7-1255U,12,15.68,Windows-10-10.0.26200-SP0,3.11.15,2.4.6,1.17.1,4.12.2,0.48.4,5.0.0,2.13.0+cpu,fd20710,10,False,,"(9, 6, 2)",2026-08-27T19:59:30+00:00
a8_rigging_quality,570,0,pointmap_sheet,winged,8,5,5,16384,15.0,0.0,0.0,5.0,0.017446,0.046344,0,15.0,0,0.0,0.026423,0,0.0,False,0.0361,0.129531,12th Gen Intel(R) Core(TM) i7-1255U,12,15.68,Windows-10-10.0.26200-SP0,3.11.15,2.4.6,1.17.1,4.12.2,0.48.4,5.0.0,2.13.0+cpu,fd20710,10,False,,"(9, 6, 2)",2026-08-27T19:59:30+00:00
a8_rigging_quality,571,0,pointmap_sheet,winged,8,5,5,16384,15.0,0.0,0.0,5.0,0.017446,0.046344,0,45.0,0,0.0,0.077467,0,0.0,False,0.0361,0.129531,12th Gen Intel(R) Core(TM) i7-1255U,12,15.68,Windows-10-10.0.26200-SP0,3.11.15,2.4.6,1.17.1,4.12.2,0.48.4,5.0.0,2.13.0+cpu,fd20710,10,False,,"(9, 6, 2)",2026-08-27T19:59:30+00:00
a8_rigging_quality,572,0,pointmap_sheet,winged,8,5,5,16384,15.0,0.0,0.0,5.0,0.017446,0.046344,0,90.0,0,0.0,0.143141,0,0.0,False,0.0361,0.129531,12th Gen Intel(R) Core(TM) i7-1255U,12,15.68,Windows-10-10.0.26200-SP0,3.11.15,2.4.6,1.17.1,4.12.2,0.48.4,5.0.0,2.13.0+cpu,fd20710,10,False,,"(9, 6, 2)",2026-08-27T19:59:30+00:00
a8_rigging_quality,573,0,pointmap_sheet,winged,8,5,5,16384,30.0,0.0,0.0,5.0,0.017446,0.046344,0,15.0,0,0.0,0.026423,0,0.0,False,0.072823,0.250234,12th Gen Intel(R) Core(TM) i7-1255U,12,15.68,Windows-10-10.0.26200-SP0,3.11.15,2.4.6,1.17.1,4.12.2,0.48.4,5.0.0,2.13.0+cpu,fd20710,10,False,,"(9, 6, 2)",2026-08-27T19:59:30+00:00
a8_rigging_quality,574,0,pointmap_sheet,winged,8,5,5,16384,30.0,0.0,0.0,5.0,0.017446,0.046344,0,45.0,0,0.0,0.077467,0,0.0,False,0.072823,0.250234,12th Gen Intel(R) Core(TM) i7-1255U,12,15.68,Windows-10-10.0.26200-SP0,3.11.15,2.4.6,1.17.1,4.12.2,0.48.4,5.0.0,2.13.0+cpu,fd20710,10,False,,"(9, 6, 2)",2026-08-27T19:59:30+00:00
a8_rigging_quality,575,0,pointmap_sheet,winged,8,5,5,16384,30.0,0.0,0.0,5.0,0.017446,0.046344,0,90.0,0,0.0,0.143141,0,0.0,False,0.072823,0.250234,12th Gen Intel(R) Core(TM) i7-1255U,12,15.68,Windows-10-10.0.26200-SP0,3.11.15,2.4.6,1.17.1,4.12.2,0.48.4,5.0.0,2.13.0+cpu,fd20710,10,False,,"(9, 6, 2)",2026-08-27T19:59:30+00:00
